ObservationId,CapturedUtc,Sequence,Behavior,Disposition,Confidence,DecisionReasons,Influences,MetadataResolution,NpcFamily,MonsterData,Level,PlayfieldId,Name,RuntimeIdentity,RuntimeGeneration,RouteSignature,CurrentX,CurrentY,CurrentZ,DestinationX,DestinationY,DestinationZ,HorizontalDistance,PathCount
m02256,2026-07-22T13:33:06.267663Z,16597,leash,Promotable,100,complete_decoded_path;exact_identity_metadata;captured_leash_observation;combat_influence_preserved_for_behavior;player_influence_preserved_for_behavior,combat;player,later_scfu_same_generation,1019,17649,4,1044525,IIV-X Advanced Docker,SimpleChar:798913F4,2,e0ba91b25e190c93,3497.62915,7.157102,912.321716,3498.7417,10.062677,916.406006,4.233107,2
m03077,2026-07-22T13:42:04.204206Z,28745,leash,Promotable,100,complete_decoded_path;exact_identity_metadata;captured_leash_observation;combat_influence_preserved_for_behavior,combat,later_scfu_same_generation,25,17657,7,1044525,Mutated Garbage Flea,SimpleChar:79891578,1,6d55617dfaf96b9d,3426.12451,0,868.586365,3424.85571,0.51,887.2453,18.702024,2
m03121,2026-07-22T13:42:27.364652Z,29267,leash,Rejected,49,explicit_setpos_teleport,combat,later_scfu_same_generation,0,26092,40,1044525,ICC Peacekeeper,SimpleChar:7962A325,5,c97d144b9a3f11a0,3464.06104,8.678061,786.873718,3472.79663,8.148247,786.723328,8.736884,2
m03128,2026-07-22T13:42:29.749952Z,29314,leash,Promotable,100,complete_decoded_path;exact_identity_metadata;captured_leash_observation;combat_influence_preserved_for_behavior,combat,later_scfu_same_generation,25,17657,5,1044525,Garbage Flea,SimpleChar:798915C2,2,a9e0667902a2986a,3425.84302,0.01,873.437012,3426.30786,0.01,875.57782,2.190693,2
m03136,2026-07-22T13:42:32.801208Z,29377,leash,Promotable,100,complete_decoded_path;exact_identity_metadata;captured_leash_observation;combat_influence_preserved_for_behavior,combat,later_scfu_same_generation,0,26092,40,1044525,ICC Peacekeeper,SimpleChar:7962A325,5,ee492ed9efce8293,3471.51636,9.145,786.745178,3479.02222,8.71745,785.850891,7.558947,2
m03149,2026-07-22T13:42:44.713247Z,29589,leash,Promotable,100,complete_decoded_path;exact_identity_metadata;captured_leash_observation;combat_influence_preserved_for_behavior,combat,later_scfu_same_generation,0,26092,40,1044525,ICC Peacekeeper,SimpleChar:7962A325,5,abc0a9722cbc7075,3486.79102,5.318535,784.338745,3482.7561,4.78062,782.527283,4.422892,2
m03426,2026-07-22T13:45:36.265797Z,34598,leash,Promotable,100,complete_decoded_path;exact_identity_metadata;captured_leash_observation;combat_influence_preserved_for_behavior,combat,later_scfu_same_generation,95,17649,1,1044525,Engineer Automaton I,SimpleChar:798915BE,1,f2606646d1898a5d,3373.08203,2.379646,667.379272,3377.90845,2.849795,660.699524,8.240956,2
m03482,2026-07-22T13:46:46.285325Z,37356,leash,Rejected,49,path_interrupted_by_stop_command,combat,later_scfu_same_generation,95,96056,2,1044525,Bureaucrat Worker,SimpleChar:798915B6,1,0f55bbf2ad7ce95f,3352.50391,4.102993,636.212341,3351.44678,5.463189,643.858521,7.718911,2
m03484,2026-07-22T13:46:47.354890Z,37386,leash,Rejected,49,path_interrupted_by_stop_command,combat,later_scfu_same_generation,97,96195,1,1044525,Anger Manifestation,SimpleChar:798915B3,1,9038f08b0f111c9c,3349.76978,4.379391,639.928406,3348.5835,4.878664,647.529175,7.692786,2
m03499,2026-07-22T13:47:04.962374Z,37969,leash,Promotable,100,complete_decoded_path;exact_identity_metadata;captured_leash_observation;combat_influence_preserved_for_behavior,combat,later_scfu_same_generation,95,96056,2,1044525,Bureaucrat Worker,SimpleChar:798915B6,1,def760392cbc5462,3345.15869,4.779715,662.604858,3348.70166,5.353428,662.656616,3.543348,2
m03500,2026-07-22T13:47:05.316627Z,37970,leash,Promotable,100,complete_decoded_path;exact_identity_metadata;captured_leash_observation;combat_influence_preserved_for_behavior,combat,later_scfu_same_generation,97,96195,1,1044525,Anger Manifestation,SimpleChar:798915B3,1,8bb16705b0809157,3345.75464,4.913803,661.55481,3348.80298,5.352714,661.359863,3.054567,2
m03501,2026-07-22T13:47:05.316627Z,37971,leash,Promotable,100,complete_decoded_path;exact_identity_metadata;captured_leash_observation;combat_influence_preserved_for_behavior,combat,later_scfu_same_generation,95,17649,1,1044525,Engineer Automaton I,SimpleChar:798915BE,1,f98cff4ffc496bb9,3346.08521,4.98818,661.101501,3348.83911,5.404918,663.236389,3.484496,2
m03502,2026-07-22T13:47:05.848453Z,38005,leash,Promotable,100,complete_decoded_path;exact_identity_metadata;captured_leash_observation;combat_influence_preserved_for_behavior,combat,later_scfu_same_generation,95,96056,2,1044525,Bureaucrat Worker,SimpleChar:798915B6,1,0c88bb85bbadd0f7,3347.81348,5.377041,662.64386,3353.55298,4.222134,664.704163,6.098091,2
m03503,2026-07-22T13:47:05.848453Z,38006,leash,Promotable,100,complete_decoded_path;exact_identity_metadata;captured_leash_observation;combat_influence_preserved_for_behavior,combat,later_scfu_same_generation,97,96195,1,1044525,Anger Manifestation,SimpleChar:798915B3,1,ba16f473f98b3703,3347.81763,5.377975,661.422485,3352.91479,4.220523,662.842346,5.291223,2
m03506,2026-07-22T13:47:07.206259Z,38070,leash,Promotable,100,complete_decoded_path;exact_identity_metadata;captured_leash_observation;combat_influence_preserved_for_behavior,combat,later_scfu_same_generation,97,96195,1,1044525,Anger Manifestation,SimpleChar:798915B3,1,a1bde842f59c19fa,3352.00342,4.413728,662.588501,3361.22314,3.607527,665.551086,9.684015,2
m03520,2026-07-22T13:47:25.278867Z,38714,leash,Promotable,100,complete_decoded_path;exact_identity_metadata;captured_leash_observation;combat_influence_preserved_for_behavior,combat,later_scfu_same_generation,95,96056,2,1044525,Bureaucrat Worker,SimpleChar:798915B6,1,b207a99f26550b22,3367.52295,2.331942,670.187927,3370.91235,2.91,672.174438,3.928646,2
m03522,2026-07-22T13:47:25.557511Z,38724,leash,Promotable,100,complete_decoded_path;exact_identity_metadata;captured_leash_observation;combat_influence_preserved_for_behavior,combat,later_scfu_same_generation,97,96195,1,1044525,Anger Manifestation,SimpleChar:798915B3,1,65d9741fbc38d221,3368.13965,2.239593,670.684265,3373.7561,2.761264,670.121887,5.644535,2
m03525,2026-07-22T13:47:26.800547Z,38753,leash,Promotable,100,complete_decoded_path;exact_identity_metadata;captured_leash_observation;combat_influence_preserved_for_behavior,combat,later_scfu_same_generation,97,96195,1,1044525,Anger Manifestation,SimpleChar:798915B3,1,c4f609e7455e0454,3372.79517,2.352487,670.218079,3378.17603,2.61,675.890747,7.818748,2
m03531,2026-07-22T13:47:28.409593Z,38805,leash,Promotable,100,complete_decoded_path;exact_identity_metadata;captured_leash_observation;combat_influence_preserved_for_behavior,combat,later_scfu_same_generation,97,96195,1,1044525,Anger Manifestation,SimpleChar:798915B3,1,b8656fb43a8e33c8,3377.48999,2.11,675.167847,3385.54858,2.61,677.126221,8.293136,2
m03535,2026-07-22T13:47:37.879158Z,39098,leash,Promotable,100,complete_decoded_path;exact_identity_metadata;captured_leash_observation;combat_influence_preserved_for_behavior,combat,later_scfu_same_generation,97,96195,1,1044525,Anger Manifestation,SimpleChar:798915B3,1,a2a7113ec7f3ba52,3384.68042,2.11,676.915161,3387.98193,2.61,679.351501,4.103135,2
m03537,2026-07-22T13:47:38.268392Z,39112,leash,Promotable,100,complete_decoded_path;exact_identity_metadata;captured_leash_observation;combat_influence_preserved_for_behavior,combat,later_scfu_same_generation,95,17649,1,1044525,Engineer Automaton I,SimpleChar:798915BE,1,76518bed0292a87c,3387.46411,2.11,678.182373,3388.56738,2.61,681.315613,3.321806,2
m03538,2026-07-22T13:47:38.811706Z,39141,leash,Promotable,100,complete_decoded_path;exact_identity_metadata;captured_leash_observation;combat_influence_preserved_for_behavior,combat,later_scfu_same_generation,95,96056,2,1044525,Bureaucrat Worker,SimpleChar:798915B6,1,334e80decc1454a5,3386.86743,2.11,679.40802,3387.21582,3.190574,683.656982,4.263221,2
m03539,2026-07-22T13:47:39.211413Z,39148,leash,Promotable,100,complete_decoded_path;exact_identity_metadata;captured_leash_observation;combat_influence_preserved_for_behavior,combat,later_scfu_same_generation,97,96195,1,1044525,Anger Manifestation,SimpleChar:798915B3,1,216f31eddea87af5,3387.33936,2.11,678.877319,3390.3667,3.150445,684.749817,6.606892,2
m03540,2026-07-22T13:47:39.211413Z,39149,leash,Promotable,100,complete_decoded_path;exact_identity_metadata;captured_leash_observation;combat_influence_preserved_for_behavior,combat,later_scfu_same_generation,95,17649,1,1044525,Engineer Automaton I,SimpleChar:798915BE,1,6df6586c9f5951c2,3388.24878,2.11,680.411316,3390.03149,3.130388,684.611206,4.562579,2
m03541,2026-07-22T13:47:39.960324Z,39178,leash,Promotable,100,complete_decoded_path;exact_identity_metadata;captured_leash_observation;combat_influence_preserved_for_behavior,combat,later_scfu_same_generation,95,96056,2,1044525,Bureaucrat Worker,SimpleChar:798915B6,1,cbb6aa07a0c63294,3387.14575,2.11,682.80481,3391.56958,3.286428,688.735962,7.399246,2
m03542,2026-07-22T13:47:40.080401Z,39187,leash,Promotable,100,complete_decoded_path;exact_identity_metadata;captured_leash_observation;combat_influence_preserved_for_behavior,combat,later_scfu_same_generation,95,17649,1,1044525,Engineer Automaton I,SimpleChar:798915BE,1,6c47bd650b84b8bd,3389.64917,2.11,683.710327,3392.90308,3.264721,686.43927,4.246771,2
m03543,2026-07-22T13:47:40.630711Z,39203,leash,Promotable,100,complete_decoded_path;exact_identity_metadata;captured_leash_observation;combat_influence_preserved_for_behavior,combat,later_scfu_same_generation,97,96195,1,1044525,Anger Manifestation,SimpleChar:798915B3,1,9c5608a95fe33bab,3389.97217,2.11,683.984314,3395.23853,3.296598,689.125549,7.359813,2
m03544,2026-07-22T13:47:41.196489Z,39230,leash,Promotable,100,complete_decoded_path;exact_identity_metadata;captured_leash_observation;combat_influence_preserved_for_behavior,combat,later_scfu_same_generation,95,17649,1,1044525,Engineer Automaton I,SimpleChar:798915BE,1,15839849510f5fd9,3392.15088,2.11,685.808411,3399.59888,3.289825,686.452454,7.475794,2
m03546,2026-07-22T13:47:41.636753Z,39252,leash,Promotable,100,complete_decoded_path;exact_identity_metadata;captured_leash_observation;combat_influence_preserved_for_behavior,combat,later_scfu_same_generation,95,96056,2,1044525,Bureaucrat Worker,SimpleChar:798915B6,1,76657d6199bea0d0,3391.06763,2.11,688.0625,3400.448,2.61,689.720886,9.525838,2
m03547,2026-07-22T13:47:42.283611Z,39267,leash,Promotable,100,complete_decoded_path;exact_identity_metadata;captured_leash_observation;combat_influence_preserved_for_behavior,combat,later_scfu_same_generation,97,96195,1,1044525,Anger Manifestation,SimpleChar:798915B3,1,f49de30bf5d8af4a,3394.5813,2.11,688.483887,3404.95923,3.398491,690.656982,10.603008,2
m03549,2026-07-22T13:47:42.966617Z,39312,leash,Promotable,100,complete_decoded_path;exact_identity_metadata;captured_leash_observation;combat_influence_preserved_for_behavior,combat,later_scfu_same_generation,95,17649,1,1044525,Engineer Automaton I,SimpleChar:798915BE,1,c86cabc42d7d7e14,3398.61743,2.11,686.367554,3407.24658,3.253965,688.879211,8.987249,2
m03550,2026-07-22T13:47:43.487011Z,39323,leash,Promotable,100,complete_decoded_path;exact_identity_metadata;captured_leash_observation;combat_influence_preserved_for_behavior,combat,later_scfu_same_generation,95,96056,2,1044525,Bureaucrat Worker,SimpleChar:798915B6,1,a523bf85b191e660,3398.3208,2.11,689.34491,3410.41553,2.61,687.980774,12.171416,2
m03551,2026-07-22T13:47:45.037274Z,39428,leash,Promotable,100,complete_decoded_path;exact_identity_metadata;captured_leash_observation;combat_influence_preserved_for_behavior,combat,later_scfu_same_generation,97,96195,1,1044525,Anger Manifestation,SimpleChar:798915B3,1,621e00303224b604,3404.0293,2.11,690.46228,3412.95117,2.61,688.577026,9.118879,2
m03552,2026-07-22T13:47:45.216844Z,39435,leash,Promotable,100,complete_decoded_path;exact_identity_metadata;captured_leash_observation;combat_influence_preserved_for_behavior,combat,later_scfu_same_generation,95,17649,1,1044525,Engineer Automaton I,SimpleChar:798915BE,1,7d7136a5abbc394f,3406.37231,2.11,688.624817,3413.06201,2.61,688.4245,6.692698,2
m03553,2026-07-22T13:47:45.847629Z,39477,leash,Promotable,100,complete_decoded_path;exact_identity_metadata;captured_leash_observation;combat_influence_preserved_for_behavior,combat,later_scfu_same_generation,95,96056,2,1044525,Bureaucrat Worker,SimpleChar:798915B6,1,7534ff2263c4f5ee,3409.43823,2.11,688.116516,3413.71191,2.61,691.218933,5.281035,2
m03555,2026-07-22T13:47:53.532099Z,39615,leash,Promotable,100,complete_decoded_path;exact_identity_metadata;captured_leash_observation;combat_influence_preserved_for_behavior,combat,later_scfu_same_generation,95,17649,1,1044525,Engineer Automaton I,SimpleChar:798915BE,1,46c7e8a7427979ae,3412.18237,2.11,688.450806,3415.62939,2.821145,687.802734,3.507413,2
m03556,2026-07-22T13:47:53.671686Z,39622,leash,Rejected,49,path_interrupted_by_stop_command,combat,later_scfu_same_generation,95,96056,2,1044525,Bureaucrat Worker,SimpleChar:798915B6,1,8f0626941f553259,3413.05518,2.11,690.742004,3415.87012,2.905274,689.385681,3.12466,2
m03558,2026-07-22T13:47:54.352067Z,39643,leash,Promotable,100,complete_decoded_path;exact_identity_metadata;captured_leash_observation;combat_influence_preserved_for_behavior,combat,later_scfu_same_generation,95,17649,1,1044525,Engineer Automaton I,SimpleChar:798915BE,1,053269710f981ce1,3414.64722,2.11,687.987305,3418.02197,3.62549,684.693298,4.715869,2
m03568,2026-07-22T13:48:07.584753Z,40010,leash,Promotable,100,complete_decoded_path;exact_identity_metadata;captured_leash_observation;combat_influence_preserved_for_behavior,combat,later_scfu_same_generation,95,96056,2,1044525,Bureaucrat Worker,SimpleChar:798915B6,1,f51cc38d5785d6c4,3428.43311,2.11,667.295349,3428.74072,2.61,670.33252,3.052709,2
m03570,2026-07-22T13:48:08.138040Z,40038,leash,Promotable,100,complete_decoded_path;exact_identity_metadata;captured_leash_observation;combat_influence_preserved_for_behavior,combat,later_scfu_same_generation,95,17649,1,1044525,Engineer Automaton I,SimpleChar:798915BE,1,001e18492f6bd445,3430.22095,2.11,669.82605,3432.99951,3.075237,672.063232,3.567265,2
m03571,2026-07-22T13:48:08.387657Z,40050,leash,Promotable,100,complete_decoded_path;exact_identity_metadata;captured_leash_observation;combat_influence_preserved_for_behavior,combat,later_scfu_same_generation,95,96056,2,1044525,Bureaucrat Worker,SimpleChar:798915B6,1,42ce7212d701b015,3428.6438,2.11,669.37561,3431.61743,2.966977,672.899414,4.610821,2
m03572,2026-07-22T13:48:08.921891Z,40065,leash,Promotable,100,complete_decoded_path;exact_identity_metadata;captured_leash_observation;combat_influence_preserved_for_behavior,combat,later_scfu_same_generation,95,17649,1,1044525,Engineer Automaton I,SimpleChar:798915BE,1,2ce8c7a1a01c1b42,3432.34277,2.11,671.534668,3435.52271,3.410999,674.621277,4.431611,2
m03574,2026-07-22T13:48:09.559197Z,40077,leash,Promotable,100,complete_decoded_path;exact_identity_metadata;captured_leash_observation;combat_influence_preserved_for_behavior,combat,later_scfu_same_generation,95,96056,2,1044525,Bureaucrat Worker,SimpleChar:798915B6,1,a53ebec5c20514cc,3431.10205,2.11,672.288147,3438.06763,2.61,675.748108,7.777573,2
m03575,2026-07-22T13:48:10.207744Z,40123,leash,Promotable,100,complete_decoded_path;exact_identity_metadata;captured_leash_observation;combat_influence_preserved_for_behavior,combat,later_scfu_same_generation,95,17649,1,1044525,Engineer Automaton I,SimpleChar:798915BE,1,7e0824c92154f1d3,3434.8623,2.11,673.980042,3438.94507,2.989727,677.010925,5.084807,2
m03577,2026-07-22T13:48:11.217739Z,40179,leash,Promotable,100,complete_decoded_path;exact_identity_metadata;captured_leash_observation;combat_influence_preserved_for_behavior,combat,later_scfu_same_generation,95,96056,2,1044525,Bureaucrat Worker,SimpleChar:798915B6,1,af17d6a1ff212ed6,3437.28955,2.11,675.361755,3443.28931,3.190677,679.683777,7.394389,2
m03578,2026-07-22T13:48:11.417833Z,40185,leash,Promotable,100,complete_decoded_path;exact_identity_metadata;captured_leash_observation;combat_influence_preserved_for_behavior,combat,later_scfu_same_generation,95,17649,1,1044525,Engineer Automaton I,SimpleChar:798915BE,1,c0c48f6bec5c37fc,3438.23193,2.11,676.481506,3446.23291,2.61,680.398743,8.908447,2
m03580,2026-07-22T13:48:12.819584Z,40207,leash,Promotable,100,complete_decoded_path;exact_identity_metadata;captured_leash_observation;combat_influence_preserved_for_behavior,combat,later_scfu_same_generation,95,96056,2,1044525,Bureaucrat Worker,SimpleChar:798915B6,1,8ab76bb753fcf903,3442.51953,2.11,679.129272,3449.41602,2.61,688.010132,11.244165,2
m03581,2026-07-22T13:48:13.640032Z,40214,leash,Promotable,100,complete_decoded_path;exact_identity_metadata;captured_leash_observation;combat_influence_preserved_for_behavior,combat,later_scfu_same_generation,95,17649,1,1044525,Engineer Automaton I,SimpleChar:798915BE,1,d76795de27a4622f,3445.40015,2.11,679.991089,3450.87402,2.61,689.411133,10.894975,2
m03583,2026-07-22T13:48:14.979784Z,40233,leash,Promotable,100,complete_decoded_path;exact_identity_metadata;captured_leash_observation;combat_influence_preserved_for_behavior,combat,later_scfu_same_generation,95,96056,2,1044525,Bureaucrat Worker,SimpleChar:798915B6,1,8395e0d2fb6f24b3,3447.97632,2.11,686.155823,3460.10083,2.61,692.127869,13.515512,2
m03584,2026-07-22T13:48:15.139861Z,40247,leash,Promotable,100,complete_decoded_path;exact_identity_metadata;captured_leash_observation;combat_influence_preserved_for_behavior,combat,later_scfu_same_generation,95,17649,1,1044525,Engineer Automaton I,SimpleChar:798915BE,1,86f660b618b28f3d,3449.44873,2.11,686.958313,3460.85864,2.61,692.544861,12.704155,2
m03591,2026-07-22T13:48:29.944739Z,40534,leash,Rejected,49,path_interrupted_by_stop_command,combat,later_scfu_same_generation,97,96195,1,1044525,Anger Manifestation,SimpleChar:798915B3,1,10243e02ccaf605f,3461.6814,2.11,696.456482,3465.70752,2.61,698.353943,4.450843,2
m03593,2026-07-22T13:48:30.144847Z,40560,leash,Promotable,100,complete_decoded_path;exact_identity_metadata;captured_leash_observation;combat_influence_preserved_for_behavior,combat,later_scfu_same_generation,95,17649,1,1044525,Engineer Automaton I,SimpleChar:798915BE,1,297dc0da8635a337,3464.51221,2.11,695.174255,3469.20288,2.61,697.551331,5.2586,2
m03605,2026-07-22T13:48:49.595140Z,41008,leash,Promotable,100,complete_decoded_path;exact_identity_metadata;captured_leash_observation;combat_influence_preserved_for_behavior,combat,later_scfu_same_generation,95,96056,2,1044525,Bureaucrat Worker,SimpleChar:798915B6,1,efd6eec715182412,3486.63525,2.11,693.972656,3489.46533,2.61,693.018494,2.9866,2
m03607,2026-07-22T13:48:50.215438Z,41029,leash,Promotable,100,complete_decoded_path;exact_identity_metadata;captured_leash_observation;combat_influence_preserved_for_behavior,combat,later_scfu_same_generation,95,96056,2,1044525,Bureaucrat Worker,SimpleChar:798915B6,1,ed0450e47d02a6a7,3488.64307,2.11,693.295654,3493.65771,2.61,693.07019,5.019706,2
m03608,2026-07-22T13:48:50.866305Z,41055,leash,Rejected,49,path_interrupted_by_stop_command,combat,later_scfu_same_generation,97,96195,1,1044525,Anger Manifestation,SimpleChar:798915B3,1,ff470231f66f1c05,3491.77515,2.11,691.551453,3494.58032,2.61,692.490051,2.958031,2
m03609,2026-07-22T13:48:50.866305Z,41056,leash,Promotable,100,complete_decoded_path;exact_identity_metadata;captured_leash_observation;combat_influence_preserved_for_behavior,combat,later_scfu_same_generation,95,17649,1,1044525,Engineer Automaton I,SimpleChar:798915BE,1,f8c253ab4e861735,3490.39697,2.11,690.69812,3495.56689,2.61,690.372314,5.180176,2
m03611,2026-07-22T13:48:51.508144Z,41075,leash,Promotable,100,complete_decoded_path;exact_identity_metadata;captured_leash_observation;combat_influence_preserved_for_behavior,combat,later_scfu_same_generation,95,96056,2,1044525,Bureaucrat Worker,SimpleChar:798915B6,1,692adc0aab1ce8c9,3492.77686,2.11,693.109802,3499.97705,2.61,693.504089,7.210978,2
m03613,2026-07-22T13:48:52.118996Z,41098,leash,Promotable,100,complete_decoded_path;exact_identity_metadata;captured_leash_observation;combat_influence_preserved_for_behavior,combat,later_scfu_same_generation,95,17649,1,1044525,Engineer Automaton I,SimpleChar:798915BE,1,2c93370d407a750a,3494.68628,2.11,690.427734,3501.49414,2.61,692.950256,7.26017,2
m03616,2026-07-22T13:48:53.368189Z,41130,leash,Promotable,100,complete_decoded_path;exact_identity_metadata;captured_leash_observation;combat_influence_preserved_for_behavior,combat,later_scfu_same_generation,95,96056,2,1044525,Bureaucrat Worker,SimpleChar:798915B6,1,e9be652338a325a7,3499.07837,2.11,693.454895,3504.33081,2.61,693.722778,5.259267,2
m03617,2026-07-22T13:48:53.940012Z,41155,leash,Promotable,100,complete_decoded_path;exact_identity_metadata;captured_leash_observation;combat_influence_preserved_for_behavior,combat,later_scfu_same_generation,95,17649,1,1044525,Engineer Automaton I,SimpleChar:798915BE,1,40cb1505105c005d,3500.72632,2.11,692.665649,3504.27393,2.61,693.714111,3.699298,2
m03618,2026-07-22T13:49:00.108215Z,41248,leash,Promotable,100,complete_decoded_path;exact_identity_metadata;captured_leash_observation;combat_influence_preserved_for_behavior,combat,later_scfu_same_generation,97,96195,1,1044525,Anger Manifestation,SimpleChar:798915B3,1,7b37738f0d1b8576,3502.05298,2.11,691.331055,3505.09644,2.61,690.674194,3.113537,2
m03621,2026-07-22T13:49:00.948159Z,41292,leash,Promotable,100,complete_decoded_path;exact_identity_metadata;captured_leash_observation;combat_influence_preserved_for_behavior,combat,later_scfu_same_generation,97,96195,1,1044525,Anger Manifestation,SimpleChar:798915B3,1,c5c03b6b3b62a98a,3504.26611,2.11,690.853455,3508.8562,3.008106,690.948853,4.591081,2
m03622,2026-07-22T13:49:01.148266Z,41300,leash,Promotable,100,complete_decoded_path;exact_identity_metadata;captured_leash_observation;combat_influence_preserved_for_behavior,combat,later_scfu_same_generation,95,96056,2,1044525,Bureaucrat Worker,SimpleChar:798915B6,1,adc6649ed58da585,3505.10571,2.11,691.935059,3511.02466,2.61,692.175171,5.923818,2
m03623,2026-07-22T13:49:01.358867Z,41309,leash,Promotable,100,complete_decoded_path;exact_identity_metadata;captured_leash_observation;combat_influence_preserved_for_behavior,combat,later_scfu_same_generation,95,17649,1,1044525,Engineer Automaton I,SimpleChar:798915BE,1,e399071680ca76e9,3505.57959,2.11,691.046326,3511.26416,3.073005,689.012207,6.037547,2
m03624,2026-07-22T13:49:02.378789Z,41344,leash,Promotable,100,complete_decoded_path;exact_identity_metadata;captured_leash_observation;combat_influence_preserved_for_behavior,combat,later_scfu_same_generation,97,96195,1,1044525,Anger Manifestation,SimpleChar:798915B3,1,5b8aa0d254ed785e,3508.01685,2.11,690.931396,3514.81885,2.874631,689.354919,6.982298,2
m03628,2026-07-22T13:49:04.156854Z,41394,leash,Promotable,100,complete_decoded_path;exact_identity_metadata;captured_leash_observation;combat_influence_preserved_for_behavior,combat,later_scfu_same_generation,97,96195,1,1044525,Anger Manifestation,SimpleChar:798915B3,1,195b6eceba7fda44,3513.96191,2.11,689.553589,3524.47388,2.61,685.372986,11.312778,2
m03629,2026-07-22T13:49:04.556272Z,41414,leash,Rejected,49,path_interrupted_by_stop_command,combat,later_scfu_same_generation,95,96056,2,1044525,Bureaucrat Worker,SimpleChar:798915B6,1,d7624928d4a6523b,3516.10791,2.11,687.133423,3525.18652,2.61,683.215393,9.887978,2
m03636,2026-07-22T13:49:16.715284Z,41797,leash,Promotable,100,complete_decoded_path;exact_identity_metadata;captured_leash_observation;combat_influence_preserved_for_behavior,combat,later_scfu_same_generation,95,17649,1,1044525,Engineer Automaton I,SimpleChar:798915BE,1,328b4d7bdf55c76b,3526.57886,2.11,677.638855,3528.47974,2.61,681.392273,4.207314,2
m03638,2026-07-22T13:49:17.813062Z,41886,leash,Promotable,100,complete_decoded_path;exact_identity_metadata;captured_leash_observation;combat_influence_preserved_for_behavior,combat,later_scfu_same_generation,97,96195,1,1044525,Anger Manifestation,SimpleChar:798915B3,1,d475b27e0a2e627c,3527.88379,2.11,679.62793,3534.02856,2.61,679.464355,6.146947,2
m03639,2026-07-22T13:49:17.813062Z,41887,leash,Promotable,100,complete_decoded_path;exact_identity_metadata;captured_leash_observation;combat_influence_preserved_for_behavior,combat,later_scfu_same_generation,95,17649,1,1044525,Engineer Automaton I,SimpleChar:798915BE,1,0cfb2cb39100a3ec,3528.05444,2.11,680.551575,3533.36499,2.61,680.19165,5.322733,2
m03641,2026-07-22T13:49:19.095378Z,41911,leash,Promotable,100,complete_decoded_path;exact_identity_metadata;captured_leash_observation;combat_influence_preserved_for_behavior,combat,later_scfu_same_generation,95,17649,1,1044525,Engineer Automaton I,SimpleChar:798915BE,1,2b217ba366a2edef,3532.55103,2.11,680.246887,3539.02393,2.61,683.317383,7.164243,2
m03642,2026-07-22T13:49:19.295494Z,41912,leash,Promotable,100,complete_decoded_path;exact_identity_metadata;captured_leash_observation;combat_influence_preserved_for_behavior,combat,later_scfu_same_generation,97,96195,1,1044525,Anger Manifestation,SimpleChar:798915B3,1,fc71d82782d6d0b8,3533.18726,2.150613,679.486755,3540.07153,2.61,686.267761,9.663085,2
m03644,2026-07-22T13:49:21.067526Z,41949,leash,Promotable,100,complete_decoded_path;exact_identity_metadata;captured_leash_observation;combat_influence_preserved_for_behavior,combat,later_scfu_same_generation,95,17649,1,1044525,Engineer Automaton I,SimpleChar:798915BE,1,916561041658b580,3538.19531,2.11,682.924255,3545.90405,2.61,689.005127,9.818436,2
m03645,2026-07-22T13:49:21.267616Z,41952,leash,Promotable,100,complete_decoded_path;exact_identity_metadata;captured_leash_observation;combat_influence_preserved_for_behavior,combat,later_scfu_same_generation,97,96195,1,1044525,Anger Manifestation,SimpleChar:798915B3,1,49a698ed76d7be0a,3539.32471,2.11,685.532227,3549.42578,2.61,687.776489,10.347383,2
m03648,2026-07-22T13:49:22.567347Z,41975,leash,Promotable,100,complete_decoded_path;exact_identity_metadata;captured_leash_observation;combat_influence_preserved_for_behavior,combat,later_scfu_same_generation,95,17649,1,1044525,Engineer Automaton I,SimpleChar:798915BE,1,13e8daa84a94735e,3544.02295,2.11,687.521362,3554.34546,2.61,693.116455,11.741349,2
m03649,2026-07-22T13:49:22.998072Z,42001,leash,Promotable,100,complete_decoded_path;exact_identity_metadata;captured_leash_observation;combat_influence_preserved_for_behavior,combat,later_scfu_same_generation,97,96195,1,1044525,Anger Manifestation,SimpleChar:798915B3,1,5b1d5afb3a83bdd2,3547.7019,2.11,687.523071,3556.70166,2.61,692.42804,10.249605,2
m03652,2026-07-22T13:49:33.608111Z,42248,leash,Promotable,100,complete_decoded_path;exact_identity_metadata;captured_leash_observation;combat_influence_preserved_for_behavior,combat,later_scfu_same_generation,97,96195,1,1044525,Anger Manifestation,SimpleChar:798915B3,1,f04d2fd67be56914,3555.85693,2.11,691.912476,3559.29175,2.61,693.499207,3.78361,2
m03654,2026-07-22T13:49:33.738177Z,42276,leash,Promotable,100,complete_decoded_path;exact_identity_metadata;captured_leash_observation;combat_influence_preserved_for_behavior,combat,later_scfu_same_generation,95,96056,2,1044525,Bureaucrat Worker,SimpleChar:798915B6,1,3f5f43a68415f458,3556.16846,2.11,691.877686,3560.22314,2.61,692.278076,4.074401,2
m03672,2026-07-22T13:49:47.537373Z,42782,leash,Promotable,100,complete_decoded_path;exact_identity_metadata;captured_leash_observation;combat_influence_preserved_for_behavior,combat,later_scfu_same_generation,95,96056,2,1044525,Bureaucrat Worker,SimpleChar:798915B6,1,1fad21beb01e2249,3560.39941,2.11,664.927185,3563.29785,2.61,665.723267,3.005778,2
m03673,2026-07-22T13:49:47.567378Z,42790,leash,Promotable,100,complete_decoded_path;exact_identity_metadata;captured_leash_observation;combat_influence_preserved_for_behavior,combat,later_scfu_same_generation,97,96195,1,1044525,Anger Manifestation,SimpleChar:798915B3,1,1e15d745d2117f08,3560.90186,2.11,665.202087,3564.03809,2.61,667.417053,3.839533,2
m03674,2026-07-22T13:49:47.567378Z,42791,leash,Promotable,100,complete_decoded_path;exact_identity_metadata;captured_leash_observation;combat_influence_preserved_for_behavior,combat,later_scfu_same_generation,95,17649,1,1044525,Engineer Automaton I,SimpleChar:798915BE,1,b94dcb5682d4bfed,3561.43311,2.11,665.718872,3563.55493,2.61,666.173706,2.170022,2
m03675,2026-07-22T13:49:48.007611Z,42792,leash,Promotable,100,complete_decoded_path;exact_identity_metadata;captured_leash_observation;combat_influence_preserved_for_behavior,combat,later_scfu_same_generation,95,96056,2,1044525,Bureaucrat Worker,SimpleChar:798915B6,1,2fecc17f2c728b40,3562.40479,2.11,665.477905,3566.81445,2.61,666.223938,4.472322,2
m03676,2026-07-22T13:49:48.618478Z,42807,leash,Promotable,100,complete_decoded_path;exact_identity_metadata;captured_leash_observation;combat_influence_preserved_for_behavior,combat,later_scfu_same_generation,95,17649,1,1044525,Engineer Automaton I,SimpleChar:798915BE,1,b4164e95608b7dd7,3562.59668,2.11,665.968262,3566.51611,2.61,667.164673,4.097967,2
m03677,2026-07-22T13:49:48.638494Z,42808,leash,Promotable,100,complete_decoded_path;exact_identity_metadata;captured_leash_observation;combat_influence_preserved_for_behavior,combat,later_scfu_same_generation,97,96195,1,1044525,Anger Manifestation,SimpleChar:798915B3,1,21e4344536457f4d,3563.2395,2.11,666.852905,3569.41309,2.61,669.203796,6.60605,2
m03678,2026-07-22T13:49:49.088728Z,42809,leash,Promotable,100,complete_decoded_path;exact_identity_metadata;captured_leash_observation;combat_influence_preserved_for_behavior,combat,later_scfu_same_generation,95,96056,2,1044525,Bureaucrat Worker,SimpleChar:798915B6,1,9565daa9737e7db8,3565.9646,2.11,666.080078,3569.06714,2.61,670.791809,5.641468,2
m03679,2026-07-22T13:49:49.421897Z,42816,leash,Promotable,100,complete_decoded_path;exact_identity_metadata;captured_leash_observation;combat_influence_preserved_for_behavior,combat,later_scfu_same_generation,95,17649,1,1044525,Engineer Automaton I,SimpleChar:798915BE,1,b5652274c9a92d95,3565.70459,2.11,666.917053,3568.74707,2.61,672.773987,6.600027,2
m03680,2026-07-22T13:49:50.170756Z,42828,leash,Promotable,100,complete_decoded_path;exact_identity_metadata;captured_leash_observation;combat_influence_preserved_for_behavior,combat,later_scfu_same_generation,97,96195,1,1044525,Anger Manifestation,SimpleChar:798915B3,1,fd2b05a904942df9,3568.55908,2.11,668.87854,3571.80005,2.79236,675.576416,7.440795,2
m03681,2026-07-22T13:49:50.410373Z,42830,leash,Promotable,100,complete_decoded_path;exact_identity_metadata;captured_leash_observation;combat_influence_preserved_for_behavior,combat,later_scfu_same_generation,95,96056,2,1044525,Bureaucrat Worker,SimpleChar:798915B6,1,1a7a744896ef507a,3568.53223,2.11,669.979004,3573.25488,2.940551,676.31488,7.902325,2
m03682,2026-07-22T13:49:50.961649Z,42838,leash,Promotable,100,complete_decoded_path;exact_identity_metadata;captured_leash_observation;combat_influence_preserved_for_behavior,combat,later_scfu_same_generation,95,17649,1,1044525,Engineer Automaton I,SimpleChar:798915BE,1,718343dc824769d5,3568.34888,2.11,672.007263,3575.98901,3.280331,678.983276,10.345837,2
m03683,2026-07-22T13:49:51.941645Z,42857,leash,Promotable,100,complete_decoded_path;exact_identity_metadata;captured_leash_observation;combat_influence_preserved_for_behavior,combat,later_scfu_same_generation,97,96195,1,1044525,Anger Manifestation,SimpleChar:798915B3,1,2c46c1c0c7117cbc,3571.37573,2.11,674.700012,3576.0708,3.31524,683.39801,9.884273,2
m03684,2026-07-22T13:49:52.561495Z,42863,leash,Promotable,100,complete_decoded_path;exact_identity_metadata;captured_leash_observation;combat_influence_preserved_for_behavior,combat,later_scfu_same_generation,95,96056,2,1044525,Bureaucrat Worker,SimpleChar:798915B6,1,2259567bef29f9e5,3572.69409,2.11,675.562622,3576.63599,3.348501,683.860168,9.186286,2
m03685,2026-07-22T13:49:52.781617Z,42871,leash,Promotable,100,complete_decoded_path;exact_identity_metadata;captured_leash_observation;combat_influence_preserved_for_behavior,combat,later_scfu_same_generation,95,17649,1,1044525,Engineer Automaton I,SimpleChar:798915BE,1,2ce2f38b65058f19,3574.57837,2.592098,677.578735,3580.17993,3.172518,686.427185,10.472466,2
m03686,2026-07-22T13:49:53.661553Z,42889,leash,Promotable,100,complete_decoded_path;exact_identity_metadata;captured_leash_observation;combat_influence_preserved_for_behavior,combat,later_scfu_same_generation,95,96056,2,1044525,Bureaucrat Worker,SimpleChar:798915B6,1,17c6d02897bfecb6,3575.3584,2.86211,681.188538,3582.82275,3.206777,689.873535,11.451886,2
m03687,2026-07-22T13:49:53.661553Z,42890,leash,Promotable,100,complete_decoded_path;exact_identity_metadata;captured_leash_observation;combat_influence_preserved_for_behavior,combat,later_scfu_same_generation,97,96195,1,1044525,Anger Manifestation,SimpleChar:798915B3,1,76e5e66386412044,3574.79053,2.70653,681.099548,3582.17041,3.209542,690.096802,11.636718,2
m03689,2026-07-22T13:49:54.852669Z,42917,leash,Promotable,100,complete_decoded_path;exact_identity_metadata;captured_leash_observation;combat_influence_preserved_for_behavior,combat,later_scfu_same_generation,95,17649,1,1044525,Engineer Automaton I,SimpleChar:798915BE,1,5cbd332d8cb79708,3579.51123,3.222416,685.273865,3586.55103,3.033711,693.494629,10.823112,2
m03690,2026-07-22T13:49:55.502502Z,42954,leash,Promotable,100,complete_decoded_path;exact_identity_metadata;captured_leash_observation;combat_influence_preserved_for_behavior,combat,later_scfu_same_generation,95,96056,2,1044525,Bureaucrat Worker,SimpleChar:798915B6,1,45b5b0cf7441f1a9,3581.09106,2.96448,688.000061,3589.90479,2.61,696.552734,12.281289,2
m03691,2026-07-22T13:49:55.502502Z,42955,leash,Promotable,100,complete_decoded_path;exact_identity_metadata;captured_leash_observation;combat_influence_preserved_for_behavior,combat,later_scfu_same_generation,97,96195,1,1044525,Anger Manifestation,SimpleChar:798915B3,1,56fc7af4e6318829,3580.42749,2.797103,688.060303,3587.62476,2.61,699.177368,13.243483,2
m03692,2026-07-22T13:49:56.773152Z,42998,leash,Promotable,100,complete_decoded_path;exact_identity_metadata;captured_leash_observation;combat_influence_preserved_for_behavior,combat,later_scfu_same_generation,95,17649,1,1044525,Engineer Automaton I,SimpleChar:798915BE,1,3e2cb7cba1e8379a,3585.88135,3.414027,692.766174,3588.40137,2.61,697.253357,5.146388,2
m07267,2026-07-22T13:59:05.218962Z,53025,leash,Promotable,100,complete_decoded_path;exact_identity_metadata;captured_leash_observation;combat_influence_preserved_for_behavior,combat,later_scfu_same_generation,97,96195,1,1044525,Anger Manifestation,SimpleChar:798915B3,2,e4eef3ec2c696dfc,3551.77393,5.110001,865.152161,3549.91772,5.780165,863.955261,2.208639,2
m07271,2026-07-22T13:59:05.754691Z,53048,leash,Promotable,100,complete_decoded_path;exact_identity_metadata;captured_leash_observation;combat_influence_preserved_for_behavior,combat,later_scfu_same_generation,97,96195,1,1044525,Anger Manifestation,SimpleChar:798915B3,2,f5478f90fe976539,3550.6272,5.110001,864.412781,3545.0769,6.273906,862.480469,5.877045,2
m07273,2026-07-22T13:59:06.814110Z,53109,leash,Promotable,100,complete_decoded_path;exact_identity_metadata;captured_leash_observation;combat_influence_preserved_for_behavior,combat,preceding_scfu_same_generation,95,17649,1,1044525,Engineer Automaton I,SimpleChar:798915BE,1,6ebf661a065f3267,3547.3623,5.110001,864.02887,3549.63867,5.789979,862.585938,2.695165,2
m07274,2026-07-22T13:59:07.187779Z,53116,leash,Promotable,100,complete_decoded_path;exact_identity_metadata;captured_leash_observation;combat_influence_preserved_for_behavior,combat,preceding_scfu_same_generation,95,96056,2,1044525,Bureaucrat Worker,SimpleChar:798915B6,1,4845f6af3f2d6379,3547.60254,5.110001,862.999268,3550.43384,5.610001,861.068481,3.426981,2
m07277,2026-07-22T13:59:07.693125Z,53144,leash,Promotable,100,complete_decoded_path;exact_identity_metadata;captured_leash_observation;combat_influence_preserved_for_behavior,combat,preceding_scfu_same_generation,95,17649,1,1044525,Engineer Automaton I,SimpleChar:798915BE,1,4324b462eb66e265,3548.83691,5.110001,863.094177,3553.65405,5.887339,861.566528,5.053568,2
m07278,2026-07-22T13:59:07.999724Z,53158,leash,Promotable,100,complete_decoded_path;exact_identity_metadata;captured_leash_observation;combat_influence_preserved_for_behavior,combat,preceding_scfu_same_generation,95,96056,2,1044525,Bureaucrat Worker,SimpleChar:798915B6,1,bd1ac1298552fbaf,3549.60938,5.110001,861.630798,3554.60547,5.610001,861.141418,5.020001,2
m07284,2026-07-22T13:59:08.929334Z,53246,leash,Promotable,100,complete_decoded_path;exact_identity_metadata;captured_leash_observation;combat_influence_preserved_for_behavior,combat,later_scfu_same_generation,97,96195,1,1044525,Anger Manifestation,SimpleChar:798915B3,2,4e3f91fd0212e330,3551.19873,5.110001,862.736816,3559.01318,5.610001,858.24469,9.013591,2
m07285,2026-07-22T13:59:08.929334Z,53262,leash,Promotable,100,complete_decoded_path;exact_identity_metadata;captured_leash_observation;combat_influence_preserved_for_behavior,combat,preceding_scfu_same_generation,95,17649,1,1044525,Engineer Automaton I,SimpleChar:798915BE,1,49be08615db478c1,3552.71143,5.110001,861.865479,3560.27368,5.610001,860.790161,7.63832,2
m07286,2026-07-22T13:59:09.179004Z,53264,leash,Promotable,100,complete_decoded_path;exact_identity_metadata;captured_leash_observation;combat_influence_preserved_for_behavior,combat,preceding_scfu_same_generation,95,96056,2,1044525,Bureaucrat Worker,SimpleChar:798915B6,1,ce5ee004468f2107,3553.73389,5.110001,861.226746,3560.76367,6.034849,858.937927,7.393003,2
m07294,2026-07-22T13:59:13.933957Z,53516,leash,Promotable,100,complete_decoded_path;exact_identity_metadata;captured_leash_observation;combat_influence_preserved_for_behavior,combat,later_scfu_same_generation,97,96195,1,1044525,Anger Manifestation,SimpleChar:798915B3,2,3aad1c5fc4215f23,3566.78833,5.1,852.073792,3550.7605,5.610001,848.573853,16.405515,2
m07299,2026-07-22T13:59:15.740753Z,53536,leash,Promotable,100,complete_decoded_path;exact_identity_metadata;captured_leash_observation;combat_influence_preserved_for_behavior,combat,later_scfu_same_generation,97,96195,1,1044525,Anger Manifestation,SimpleChar:798915B3,2,9b515cc6e5f0e772,3559.29199,5.110001,850.378418,3542.06226,5.610001,847.719177,17.433736,2
m07306,2026-07-22T13:59:17.442613Z,53551,leash,Promotable,100,complete_decoded_path;exact_identity_metadata;captured_leash_observation;combat_influence_preserved_for_behavior,combat,later_scfu_same_generation,97,96195,1,1044525,Anger Manifestation,SimpleChar:798915B3,2,785fe78beabfa0b0,3550.60376,5.110001,849.004395,3532.34863,5.610001,848.732361,18.257157,2
m07312,2026-07-22T13:59:19.343354Z,53579,leash,Promotable,100,complete_decoded_path;exact_identity_metadata;captured_leash_observation;combat_influence_preserved_for_behavior,combat,later_scfu_same_generation,97,96195,1,1044525,Anger Manifestation,SimpleChar:798915B3,2,8692306f3d93564f,3540.88916,5.110001,848.782654,3523.29443,5.610001,845.522949,17.894139,2
m07319,2026-07-22T13:59:21.325120Z,53680,leash,Promotable,100,complete_decoded_path;exact_identity_metadata;captured_leash_observation;combat_influence_preserved_for_behavior,combat,later_scfu_same_generation,97,96195,1,1044525,Anger Manifestation,SimpleChar:798915B3,2,a91e6ff9c20ae83b,3531.29419,5.110001,847.105774,3513.17749,5.610001,845.0271,18.235562,2
m07526,2026-07-22T14:00:38.184769Z,55702,leash,Promotable,100,complete_decoded_path;exact_identity_metadata;captured_leash_observation;combat_influence_preserved_for_behavior,combat,later_scfu_same_generation,97,96195,1,1044525,Anger Manifestation,SimpleChar:798915B3,2,1b55da8e4dce7b0f,3473.97388,2.11,697.49585,3471.42798,2.61,695.56073,3.197858,2
m07550,2026-07-22T14:01:31.164761Z,56752,leash,Promotable,100,complete_decoded_path;exact_identity_metadata;captured_leash_observation;combat_influence_preserved_for_behavior,combat,later_scfu_same_generation,97,96195,1,1044525,Anger Manifestation,SimpleChar:798915B3,2,05a42cdef43f6c1c,3433.34937,2.11,692.145752,3431.96143,2.61,689.661682,2.845519,2
m07559,2026-07-22T14:01:33.320907Z,56845,leash,Promotable,100,complete_decoded_path;exact_identity_metadata;captured_leash_observation;combat_influence_preserved_for_behavior,combat,later_scfu_same_generation,97,96195,1,1044525,Anger Manifestation,SimpleChar:798915B3,2,6cdbe809cb97b6da,3428.16113,2.11,688.395386,3426.14819,2.61,682.325562,6.394896,2
m07575,2026-07-22T14:01:48.234005Z,57400,leash,Promotable,100,complete_decoded_path;exact_identity_metadata;captured_leash_observation;combat_influence_preserved_for_behavior,combat,later_scfu_same_generation,97,96195,1,1044525,Anger Manifestation,SimpleChar:798915B3,2,e8ae0bb6e155f052,3429.29395,2.11,671.735413,3426.73901,2.61,669.223816,3.582714,2
m07578,2026-07-22T14:01:49.433887Z,57448,leash,Promotable,100,complete_decoded_path;exact_identity_metadata;captured_leash_observation;combat_influence_preserved_for_behavior,combat,later_scfu_same_generation,97,96195,1,1044525,Anger Manifestation,SimpleChar:798915B3,2,edb8632f487b4635,3427.38477,2.11,669.859009,3426.37183,2.939635,665.642639,4.336338,2
m07582,2026-07-22T14:01:50.285043Z,57466,leash,Promotable,100,complete_decoded_path;exact_identity_metadata;captured_leash_observation;combat_influence_preserved_for_behavior,combat,later_scfu_same_generation,97,96195,1,1044525,Anger Manifestation,SimpleChar:798915B3,2,d6dab0e278e1badd,3426.60327,2.11,666.607239,3422.5979,2.61,660.011353,7.71678,2
m07616,2026-07-22T14:02:19.145538Z,58604,leash,Promotable,100,complete_decoded_path;exact_identity_metadata;captured_leash_observation;combat_influence_preserved_for_behavior,combat,later_scfu_same_generation,97,96195,1,1044525,Anger Manifestation,SimpleChar:798915B3,2,11630456743eef49,3380.65283,2.11,649.330994,3376.77026,3.340835,645.379456,5.539766,2
m07626,2026-07-22T14:02:24.797189Z,58850,leash,Promotable,100,complete_decoded_path;exact_identity_metadata;captured_leash_observation;combat_influence_preserved_for_behavior,combat,later_scfu_same_generation,97,96195,1,1044525,Anger Manifestation,SimpleChar:798915B3,2,3f2a12ea3f31d3e5,3362.24927,3.483191,638.009949,3360.45386,3.611495,633.666809,4.699613,2
m07640,2026-07-22T14:02:41.639542Z,59336,leash,Promotable,100,complete_decoded_path;exact_identity_metadata;captured_leash_observation;combat_influence_preserved_for_behavior,combat,later_scfu_same_generation,97,96195,1,1044525,Anger Manifestation,SimpleChar:798915B3,2,bf42c6ab0e96f30a,3353.56201,4.288887,626.557251,3355.27954,4.848282,623.46698,3.535489,2
m07644,2026-07-22T14:02:42.639532Z,59370,leash,Promotable,100,complete_decoded_path;exact_identity_metadata;captured_leash_observation;combat_influence_preserved_for_behavior,combat,later_scfu_same_generation,97,96195,1,1044525,Anger Manifestation,SimpleChar:798915B3,2,f0497b9ea852ff03,3354.83667,4.021301,624.264099,3358.02686,4.650953,619.635498,5.6215,2
m07647,2026-07-22T14:02:43.994175Z,59429,leash,Promotable,100,complete_decoded_path;exact_identity_metadata;captured_leash_observation;combat_influence_preserved_for_behavior,combat,later_scfu_same_generation,97,96195,1,1044525,Anger Manifestation,SimpleChar:798915B3,2,1cb87476ba276f0d,3357.53223,4.14725,620.35321,3361.28955,3.265316,613.68689,7.652273,2
m07650,2026-07-22T14:02:50.293906Z,59616,leash,Promotable,100,complete_decoded_path;exact_identity_metadata;captured_leash_observation;combat_influence_preserved_for_behavior,combat,preceding_scfu_same_generation,95,17649,1,1044525,Engineer Automaton I,SimpleChar:798915BE,1,889d80fe2f731633,3358.94189,3.111331,612.474426,3362.46973,2.680715,612.770325,3.540228,2
m07651,2026-07-22T14:02:50.463503Z,59659,leash,Promotable,100,complete_decoded_path;exact_identity_metadata;captured_leash_observation;combat_influence_preserved_for_behavior,combat,later_scfu_same_generation,97,96195,1,1044525,Anger Manifestation,SimpleChar:798915B3,2,0f1ec7b44519e7c2,3360.85425,2.959243,614.45929,3363.33472,2.61,611.774536,3.65522,2
m07655,2026-07-22T14:02:51.513614Z,59698,leash,Promotable,100,complete_decoded_path;exact_identity_metadata;captured_leash_observation;combat_influence_preserved_for_behavior,combat,later_scfu_same_generation,97,96195,1,1044525,Anger Manifestation,SimpleChar:798915B3,2,9698cff1cfb083c6,3362.7146,2.37814,612.445618,3362.21851,2.61,605.107239,7.355128,2
m07657,2026-07-22T14:02:52.733848Z,59748,leash,Promotable,100,complete_decoded_path;exact_identity_metadata;captured_leash_observation;combat_influence_preserved_for_behavior,combat,preceding_scfu_same_generation,95,96056,2,1044525,Bureaucrat Worker,SimpleChar:798915B6,1,ca69b73ba9229c94,3361.95337,2.11,605.569153,3367.44873,2.61,601.453003,6.865979,2
m07658,2026-07-22T14:02:53.177077Z,59773,leash,Promotable,100,complete_decoded_path;exact_identity_metadata;captured_leash_observation;combat_influence_preserved_for_behavior,combat,later_scfu_same_generation,97,96195,1,1044525,Anger Manifestation,SimpleChar:798915B3,2,ca6fa89b12103ff0,3362.28442,2.11,606.079651,3368.83276,2.61,600.229736,8.780789,2
m07659,2026-07-22T14:02:54.037615Z,59792,leash,Promotable,100,complete_decoded_path;exact_identity_metadata;captured_leash_observation;combat_influence_preserved_for_behavior,combat,preceding_scfu_same_generation,95,17649,1,1044525,Engineer Automaton I,SimpleChar:798915BE,1,bd3605084268b9fd,3364.67236,2.11,603.132385,3372.7749,2.61,597.57489,9.82532,2
m07661,2026-07-22T14:02:55.037217Z,59805,leash,Promotable,100,complete_decoded_path;exact_identity_metadata;captured_leash_observation;combat_influence_preserved_for_behavior,combat,later_scfu_same_generation,97,96195,1,1044525,Anger Manifestation,SimpleChar:798915B3,2,988219c5810b977f,3367.8291,2.11,601.126953,3374.10278,2.61,593.571228,9.820796,2
m07663,2026-07-22T14:02:56.267501Z,59837,leash,Promotable,100,complete_decoded_path;exact_identity_metadata;captured_leash_observation;combat_influence_preserved_for_behavior,combat,preceding_scfu_same_generation,95,96056,2,1044525,Bureaucrat Worker,SimpleChar:798915B6,1,15707e08f94cd82f,3371.56714,2.11,594.641296,3378.98071,2.61,588.644043,9.535621,2
m07664,2026-07-22T14:02:57.127983Z,59844,leash,Promotable,100,complete_decoded_path;exact_identity_metadata;captured_leash_observation;combat_influence_preserved_for_behavior,combat,later_scfu_same_generation,97,96195,1,1044525,Anger Manifestation,SimpleChar:798915B3,2,48632ba5995d6eef,3373.48706,2.11,594.346497,3379.27954,2.61,586.236511,9.966178,2
m07667,2026-07-22T14:02:58.517733Z,59864,leash,Promotable,100,complete_decoded_path;exact_identity_metadata;captured_leash_observation;combat_influence_preserved_for_behavior,combat,later_scfu_same_generation,97,96195,1,1044525,Anger Manifestation,SimpleChar:798915B3,2,fcbdc8d97a78abad,3377.99463,2.11,588.0354,3383.90332,2.61,576.553955,12.912637,2
m07670,2026-07-22T14:03:00.987559Z,59911,leash,Promotable,100,complete_decoded_path;exact_identity_metadata;captured_leash_observation;combat_influence_preserved_for_behavior,combat,later_scfu_same_generation,97,96195,1,1044525,Anger Manifestation,SimpleChar:798915B3,2,bad9a7ebd82555aa,3383.45972,2.11,577.448181,3381.15283,2.61,571.397278,6.475737,2
m07859,2026-07-22T14:04:53.742842Z,62894,leash,Promotable,100,complete_decoded_path;exact_identity_metadata;captured_leash_observation;combat_influence_preserved_for_behavior,combat,complete_capture_stable_identity,15,17662,1,1044525,Minibronto,SimpleChar:78E0FD9C,1,7a9736731f0348f5,3498.56226,8.110001,448.886353,3500.94971,8.110001,451.051819,3.223222,2
m07868,2026-07-22T14:05:18.571575Z,63610,leash,Promotable,100,complete_decoded_path;exact_identity_metadata;captured_leash_observation;combat_influence_preserved_for_behavior,combat,preceding_scfu_same_generation,95,96056,2,1044525,Bureaucrat Worker,SimpleChar:798915B6,1,23e9756b9855313b,3566.198,0.01,404.486115,3569.62305,0.51,406.217468,3.837779,2
m07875,2026-07-22T14:05:20.562075Z,63707,leash,Promotable,100,complete_decoded_path;exact_identity_metadata;captured_leash_observation;combat_influence_preserved_for_behavior,combat,preceding_scfu_same_generation,95,96056,2,1044525,Bureaucrat Worker,SimpleChar:798915B6,1,8fcf7f2507f34d5c,3572.63232,0.01,405.402679,3580.59375,0.51,407.916382,8.348836,2
m07876,2026-07-22T14:05:20.802171Z,63721,leash,Promotable,100,complete_decoded_path;exact_identity_metadata;captured_leash_observation;combat_influence_preserved_for_behavior,combat,preceding_scfu_same_generation,95,17649,1,1044525,Engineer Automaton I,SimpleChar:798915BE,1,64dc403b78a5e025,3574.43115,0.01,404.436218,3580.66382,0.51,407.114014,6.783566,2
m07898,2026-07-22T14:05:46.035766Z,64146,leash,Promotable,100,complete_decoded_path;exact_identity_metadata;captured_leash_observation;combat_influence_preserved_for_behavior,combat,preceding_scfu_same_generation,95,96056,2,1044525,Bureaucrat Worker,SimpleChar:798915B6,1,eeb88dc6e62793b2,3587.87695,0.01,405.215118,3590.6377,0.51,406.064423,2.888435,2
m07934,2026-07-22T14:07:04.519324Z,65172,leash,Promotable,100,complete_decoded_path;exact_identity_metadata;captured_leash_observation;combat_influence_preserved_for_behavior,combat,complete_capture_stable_identity,97,96195,1,1044525,Anger Manifestation,SimpleChar:798915B3,3,7f2dd0a833faf9d5,3607.22266,0.01,397.336578,3603.6062,0.51,395.77533,3.939071,2
m07937,2026-07-22T14:07:07.449973Z,65194,leash,Promotable,100,complete_decoded_path;exact_identity_metadata;captured_leash_observation;combat_influence_preserved_for_behavior,combat,preceding_scfu_same_generation,95,17649,1,1044525,Engineer Automaton I,SimpleChar:798915BE,1,78814e7db76b4feb,3603.22095,0.01,395.67157,3607.65942,0.51,397.598816,4.838832,2
m07962,2026-07-22T14:08:35.089448Z,66176,leash,Promotable,100,complete_decoded_path;exact_identity_metadata;captured_leash_observation;combat_influence_preserved_for_behavior,combat,complete_capture_stable_identity,97,96195,1,1044525,Anger Manifestation,SimpleChar:798915B3,3,a0bb7e723f041d8a,3634.02246,0.01,396.026459,3631.92822,0.51,395.55484,2.146687,2
m07974,2026-07-22T14:08:39.978706Z,66323,leash,Promotable,100,complete_decoded_path;exact_identity_metadata;captured_leash_observation;combat_influence_preserved_for_behavior,combat,preceding_scfu_same_generation,95,17649,1,1044525,Engineer Automaton I,SimpleChar:798915BE,1,27bfba4d30cbd4ec,3643.27051,0.01,392.28064,3645.08667,0.51,393.469238,2.17053,2
m07975,2026-07-22T14:08:40.418428Z,66336,leash,Promotable,100,complete_decoded_path;exact_identity_metadata;captured_leash_observation;combat_influence_preserved_for_behavior,combat,preceding_scfu_same_generation,95,96056,2,1044525,Bureaucrat Worker,SimpleChar:798915B6,1,a1a11dc51ca10d15,3643.20752,0.01,392.331329,3646.60742,0.51,394.721497,4.155986,2
m07990,2026-07-22T14:08:48.682166Z,66632,leash,Promotable,100,complete_decoded_path;exact_identity_metadata;captured_leash_observation;combat_influence_preserved_for_behavior,combat,preceding_scfu_same_generation,95,96056,2,1044525,Bureaucrat Worker,SimpleChar:798915B6,1,a738e92d920d9b18,3675.81421,0.320535,388.286224,3682.10864,2.973865,393.082947,7.913811,2
m07991,2026-07-22T14:08:49.183923Z,66666,leash,Promotable,100,complete_decoded_path;exact_identity_metadata;captured_leash_observation;combat_influence_preserved_for_behavior,combat,preceding_scfu_same_generation,95,17649,1,1044525,Engineer Automaton I,SimpleChar:798915BE,1,94c87d44521b41b1,3678.38623,0.522151,389.386047,3681.85327,3.737778,394.743561,6.381483,2
m07992,2026-07-22T14:08:49.504258Z,66692,leash,Promotable,100,complete_decoded_path;exact_identity_metadata;captured_leash_observation;combat_influence_preserved_for_behavior,combat,complete_capture_stable_identity,97,96195,1,1044525,Anger Manifestation,SimpleChar:798915B3,3,c90cce3d94e9d296,3680.71973,0.370558,388.375427,3680.95435,4.558059,397.057587,8.68533,2
m07993,2026-07-22T14:08:50.404184Z,66711,leash,Promotable,100,complete_decoded_path;exact_identity_metadata;captured_leash_observation;combat_influence_preserved_for_behavior,combat,preceding_scfu_same_generation,95,96056,2,1044525,Bureaucrat Worker,SimpleChar:798915B6,1,abe744a454c61036,3681.42798,1.225692,392.439972,3680.29102,4.840981,400.928406,8.564239,2
m07994,2026-07-22T14:08:51.133551Z,66734,leash,Promotable,100,complete_decoded_path;exact_identity_metadata;captured_leash_observation;combat_influence_preserved_for_behavior,combat,preceding_scfu_same_generation,95,17649,1,1044525,Engineer Automaton I,SimpleChar:798915BE,1,71349b1b998b9a98,3681.40869,1.863954,393.96344,3679.73218,4.801941,402.87619,9.069057,2
m07995,2026-07-22T14:08:51.453695Z,66735,leash,Promotable,100,complete_decoded_path;exact_identity_metadata;captured_leash_observation;combat_influence_preserved_for_behavior,combat,complete_capture_stable_identity,97,96195,1,1044525,Anger Manifestation,SimpleChar:798915B3,3,a47de260fad4795c,3680.80981,2.304602,395.378052,3679.36914,4.626504,406.135437,10.853426,2
m07996,2026-07-22T14:08:52.463763Z,66740,leash,Promotable,100,complete_decoded_path;exact_identity_metadata;captured_leash_observation;combat_influence_preserved_for_behavior,combat,preceding_scfu_same_generation,95,96056,2,1044525,Bureaucrat Worker,SimpleChar:798915B6,1,ed04748b778012c3,3680.26807,3.96809,398.871002,3677.9856,3.887893,409.341644,10.71653,2
m07997,2026-07-22T14:08:52.463763Z,66741,leash,Promotable,100,complete_decoded_path;exact_identity_metadata;captured_leash_observation;combat_influence_preserved_for_behavior,combat,preceding_scfu_same_generation,95,17649,1,1044525,Engineer Automaton I,SimpleChar:798915BE,1,62ddb877b5803985,3679.73364,4.436378,400.527893,3677.29907,4.168386,411.704651,11.43884,2
m07998,2026-07-22T14:08:53.113582Z,66743,leash,Promotable,100,complete_decoded_path;exact_identity_metadata;captured_leash_observation;combat_influence_preserved_for_behavior,combat,complete_capture_stable_identity,97,96195,1,1044525,Anger Manifestation,SimpleChar:798915B3,3,ff8a231a3aa6476c,3678.96191,4.525818,403.235931,3675.15381,3.683251,413.468475,10.918177,2
m07999,2026-07-22T14:08:53.733898Z,66744,leash,Promotable,100,complete_decoded_path;exact_identity_metadata;captured_leash_observation;combat_influence_preserved_for_behavior,combat,preceding_scfu_same_generation,95,96056,2,1044525,Bureaucrat Worker,SimpleChar:798915B6,1,5045ba022d07a3c8,3678.20044,3.898574,407.100708,3673.74536,4.705157,416.428131,10.336758,2
m08000,2026-07-22T14:08:54.373711Z,66746,leash,Promotable,100,complete_decoded_path;exact_identity_metadata;captured_leash_observation;combat_influence_preserved_for_behavior,combat,preceding_scfu_same_generation,95,17649,1,1044525,Engineer Automaton I,SimpleChar:798915BE,1,c01929b3109b91dc,3676.67773,3.301893,409.823059,3672.35254,5.466493,419.338745,10.452538,2
m08001,2026-07-22T14:08:54.773906Z,66747,leash,Promotable,100,complete_decoded_path;exact_identity_metadata;captured_leash_observation;combat_influence_preserved_for_behavior,combat,complete_capture_stable_identity,97,96195,1,1044525,Anger Manifestation,SimpleChar:798915B3,3,f97e3a70987cf36d,3675.59448,3.169915,410.923492,3670.87988,6.590224,420.923248,11.055432,2
m08058,2026-07-22T14:09:43.097508Z,67653,leash,Promotable,100,complete_decoded_path;exact_identity_metadata;captured_leash_observation;combat_influence_preserved_for_behavior,combat,preceding_scfu_same_generation,95,96056,2,1044525,Bureaucrat Worker,SimpleChar:798915B6,1,1dc3037b088e3e36,3570.78198,2.11,528.416992,3569.771,2.61,532.316345,4.028279,2
m08059,2026-07-22T14:09:43.097508Z,67654,leash,Promotable,100,complete_decoded_path;exact_identity_metadata;captured_leash_observation;combat_influence_preserved_for_behavior,combat,preceding_scfu_same_generation,95,17649,1,1044525,Engineer Automaton I,SimpleChar:798915BE,1,5356d77da8fe7776,3569.35083,2.11,526.784119,3569.33008,2.61,529.91217,3.12812,2
m08060,2026-07-22T14:09:43.777373Z,67674,leash,Promotable,100,complete_decoded_path;exact_identity_metadata;captured_leash_observation;combat_influence_preserved_for_behavior,combat,preceding_scfu_same_generation,95,17649,1,1044525,Engineer Automaton I,SimpleChar:798915BE,1,c2cbb4776aed7e93,3569.33569,2.11,529.0495,3566.37817,2.548404,533.953186,5.726523,2
m08062,2026-07-22T14:09:44.018999Z,67676,leash,Promotable,100,complete_decoded_path;exact_identity_metadata;captured_leash_observation;combat_influence_preserved_for_behavior,combat,preceding_scfu_same_generation,95,96056,2,1044525,Bureaucrat Worker,SimpleChar:798915B6,1,e79582cc1d031693,3570.00586,2.11,531.411743,3568.39014,2.466189,535.892761,4.76341,2
m08063,2026-07-22T14:09:45.198114Z,67728,leash,Promotable,100,complete_decoded_path;exact_identity_metadata;captured_leash_observation;combat_influence_preserved_for_behavior,combat,preceding_scfu_same_generation,95,96056,2,1044525,Bureaucrat Worker,SimpleChar:798915B6,1,7b818273f74e3ad0,3568.6687,2.11,535.120544,3567.13257,2.301174,537.596619,2.913871,2
m08064,2026-07-22T14:09:45.198114Z,67729,leash,Promotable,100,complete_decoded_path;exact_identity_metadata;captured_leash_observation;combat_influence_preserved_for_behavior,combat,preceding_scfu_same_generation,95,17649,1,1044525,Engineer Automaton I,SimpleChar:798915BE,1,ef6801cf11e10a74,3566.79956,2.02297,533.254578,3565.34155,2.301174,537.19873,4.205012,2
m08067,2026-07-22T14:10:04.613381Z,67878,leash,Promotable,100,complete_decoded_path;exact_identity_metadata;captured_leash_observation;combat_influence_preserved_for_behavior,combat,preceding_scfu_same_generation,95,17649,1,1044525,Engineer Automaton I,SimpleChar:798915BE,1,0853165e34c3c9fc,3565.67505,1.916325,536.297424,3565.22876,2.462857,539.99231,3.721741,2
m08068,2026-07-22T14:10:04.613882Z,67885,leash,Promotable,100,complete_decoded_path;exact_identity_metadata;captured_leash_observation;combat_influence_preserved_for_behavior,combat,preceding_scfu_same_generation,95,96056,2,1044525,Bureaucrat Worker,SimpleChar:798915B6,1,5af26bf2a97d1350,3567.57202,2.051809,536.888245,3565.83765,2.525039,540.922974,4.391706,2
m08069,2026-07-22T14:10:05.447275Z,67902,leash,Promotable,100,complete_decoded_path;exact_identity_metadata;captured_leash_observation;combat_influence_preserved_for_behavior,combat,preceding_scfu_same_generation,95,17649,1,1044525,Engineer Automaton I,SimpleChar:798915BE,1,4938728bd03263a7,3565.33716,1.71658,539.09729,3568.85474,2.653726,543.773376,5.851423,2
m08072,2026-07-22T14:10:06.011533Z,67921,leash,Promotable,100,complete_decoded_path;exact_identity_metadata;captured_leash_observation;combat_influence_preserved_for_behavior,combat,preceding_scfu_same_generation,95,96056,2,1044525,Bureaucrat Worker,SimpleChar:798915B6,1,4b60932f0c6d7d21,3566.19165,1.844753,540.099854,3565.6001,2.900973,546.113525,6.042696,2
m08096,2026-07-22T14:10:43.112006Z,68380,leash,Promotable,100,complete_decoded_path;exact_identity_metadata;captured_leash_observation;combat_influence_preserved_for_behavior,combat,preceding_scfu_same_generation,95,96056,2,1044525,Bureaucrat Worker,SimpleChar:798915B6,1,491e87ac7e8bfac4,3560.80176,3.775537,576.580017,3560.02075,3.940632,580.39801,3.897056,2
m08097,2026-07-22T14:10:43.112006Z,68381,leash,Promotable,100,complete_decoded_path;exact_identity_metadata;captured_leash_observation;combat_influence_preserved_for_behavior,combat,preceding_scfu_same_generation,95,17649,1,1044525,Engineer Automaton I,SimpleChar:798915BE,1,a13951b9325edfeb,3561.27002,3.848706,577.872681,3559.84741,3.931916,580.014343,2.571096,2
m08098,2026-07-22T14:10:43.805958Z,68386,leash,Promotable,100,complete_decoded_path;exact_identity_metadata;captured_leash_observation;combat_influence_preserved_for_behavior,combat,preceding_scfu_same_generation,95,17649,1,1044525,Engineer Automaton I,SimpleChar:798915BE,1,b9b02ce54a9d7049,3560.30054,3.885437,579.331909,3557.82788,3.848754,582.645264,4.134292,2
m08099,2026-07-22T14:10:44.045591Z,68387,leash,Promotable,100,complete_decoded_path;exact_identity_metadata;captured_leash_observation;combat_influence_preserved_for_behavior,combat,preceding_scfu_same_generation,95,96056,2,1044525,Bureaucrat Worker,SimpleChar:798915B6,1,de856c60359dd8b8,3560.21362,3.88827,579.456604,3556.13428,3.72742,582.899841,5.338248,2
m08101,2026-07-22T14:10:44.890531Z,68409,leash,Promotable,100,complete_decoded_path;exact_identity_metadata;captured_leash_observation;combat_influence_preserved_for_behavior,combat,preceding_scfu_same_generation,95,17649,1,1044525,Engineer Automaton I,SimpleChar:798915BE,1,12814accf564e381,3558.29639,3.562223,582.017273,3556.47778,3.254779,587.708923,5.975134,2
m08102,2026-07-22T14:10:45.335739Z,68410,leash,Promotable,100,complete_decoded_path;exact_identity_metadata;captured_leash_observation;combat_influence_preserved_for_behavior,combat,preceding_scfu_same_generation,95,96056,2,1044525,Bureaucrat Worker,SimpleChar:798915B6,1,62fe0d5089d8833f,3556.85327,3.254931,582.292908,3556.93945,2.419003,590.198608,7.90617,2
m08104,2026-07-22T14:10:46.423739Z,68422,leash,Promotable,100,complete_decoded_path;exact_identity_metadata;captured_leash_observation;combat_influence_preserved_for_behavior,combat,preceding_scfu_same_generation,95,17649,1,1044525,Engineer Automaton I,SimpleChar:798915BE,1,e170615f6b5363e5,3556.72241,3.481552,586.943665,3553.74121,1.387725,593.42157,7.130975,2
m08105,2026-07-22T14:10:47.280698Z,68441,leash,Promotable,100,complete_decoded_path;exact_identity_metadata;captured_leash_observation;combat_influence_preserved_for_behavior,combat,preceding_scfu_same_generation,95,96056,2,1044525,Bureaucrat Worker,SimpleChar:798915B6,1,70c108b83e3a0e63,3556.92896,2.85242,589.248474,3553.89966,0.51,598.30542,9.550127,2
m08107,2026-07-22T14:10:48.014039Z,68452,leash,Promotable,100,complete_decoded_path;exact_identity_metadata;captured_leash_observation;combat_influence_preserved_for_behavior,combat,preceding_scfu_same_generation,95,17649,1,1044525,Engineer Automaton I,SimpleChar:798915BE,1,c14172a96dd692f5,3554.11328,1.303384,592.61322,3552.26172,0.51,599.809143,7.430315,2
m08109,2026-07-22T14:10:49.180041Z,68458,leash,Promotable,100,complete_decoded_path;exact_identity_metadata;captured_leash_observation;combat_influence_preserved_for_behavior,combat,preceding_scfu_same_generation,95,96056,2,1044525,Bureaucrat Worker,SimpleChar:798915B6,1,00e11ed683f3b953,3554.17407,0.198654,597.484619,3555.25806,0.51,601.244507,3.913029,2
m08110,2026-07-22T14:10:50.422670Z,68466,leash,Promotable,100,complete_decoded_path;exact_identity_metadata;captured_leash_observation;combat_influence_preserved_for_behavior,combat,preceding_scfu_same_generation,95,17649,1,1044525,Engineer Automaton I,SimpleChar:798915BE,1,e799ec4f25848fa6,3552.46924,0.084881,599.001587,3554.94946,0.51,602.029297,3.913888,2
m08113,2026-07-22T14:10:51.472749Z,68485,leash,Promotable,100,complete_decoded_path;exact_identity_metadata;captured_leash_observation;combat_influence_preserved_for_behavior,combat,preceding_scfu_same_generation,95,96056,2,1044525,Bureaucrat Worker,SimpleChar:798915B6,1,e465cfa4dc72c9c2,3554.98584,0.01,600.300293,3547.95825,0.816033,619.08844,20.059449,2
m08114,2026-07-22T14:10:51.472749Z,68486,leash,Promotable,100,complete_decoded_path;exact_identity_metadata;captured_leash_observation;combat_influence_preserved_for_behavior,combat,preceding_scfu_same_generation,95,17649,1,1044525,Engineer Automaton I,SimpleChar:798915BE,1,1a9f901bda6672a7,3554.29712,0.01,601.232971,3547.79077,0.816033,619.225525,19.132814,2
m09056,2026-07-22T14:18:40.194246Z,79998,leash,Promotable,100,complete_decoded_path;exact_identity_metadata;captured_leash_observation;combat_influence_preserved_for_behavior,combat,later_scfu_same_generation,25,17657,5,1044525,Garbage Flea,SimpleChar:798917F5,2,33a12be422ea949e,3425.7439,0.01,878.33136,3425.07935,0.01,880.74823,2.506569,2
m09058,2026-07-22T14:18:40.820062Z,80128,leash,Promotable,100,complete_decoded_path;exact_identity_metadata;captured_leash_observation;combat_influence_preserved_for_behavior,combat,later_scfu_same_generation,25,17657,5,1044525,Garbage Flea,SimpleChar:798917F5,2,3aff2b6463dda241,3425.68384,0.01,878.928406,3426.5625,0.01,882.42749,3.607718,2
m09187,2026-07-22T14:19:30.292788Z,81991,leash,Promotable,100,complete_decoded_path;exact_identity_metadata;captured_leash_observation;combat_influence_preserved_for_behavior,combat,complete_capture_stable_identity,97,96195,1,1044525,Anger Manifestation,SimpleChar:798915B3,3,9050e82a3fc9a1ed,3408.51025,9.01,888.648621,3407.99658,9.01,886.347656,2.357604,2
m09190,2026-07-22T14:19:30.722479Z,82009,leash,Promotable,100,complete_decoded_path;exact_identity_metadata;captured_leash_observation;combat_influence_preserved_for_behavior,combat,preceding_scfu_same_generation,95,17649,1,1044525,Engineer Automaton I,SimpleChar:798915BE,1,74b129bed3f0a5a5,3408.17627,9.01,888.318726,3409.22046,9.51,883.345764,5.081406,2
m09191,2026-07-22T14:19:30.722479Z,82010,leash,Promotable,100,complete_decoded_path;exact_identity_metadata;captured_leash_observation;combat_influence_preserved_for_behavior,combat,complete_capture_stable_identity,97,96195,1,1044525,Anger Manifestation,SimpleChar:798915B3,3,62d6b19495b97720,3408.20361,9.01,887.275085,3407.52979,9.51,883.322815,4.009298,2
m09193,2026-07-22T14:19:30.722479Z,82012,leash,Promotable,100,complete_decoded_path;exact_identity_metadata;captured_leash_observation;combat_influence_preserved_for_behavior,combat,preceding_scfu_same_generation,95,96056,2,1044525,Bureaucrat Worker,SimpleChar:798915B6,1,1671ab5ade676773,3407.78857,9.01,887.335938,3409.39087,9.51,881.769592,5.792372,2
m09196,2026-07-22T14:19:31.775980Z,82108,leash,Promotable,100,complete_decoded_path;exact_identity_metadata;captured_leash_observation;combat_influence_preserved_for_behavior,combat,complete_capture_stable_identity,97,96195,1,1044525,Anger Manifestation,SimpleChar:798915B3,3,aca5b3a877643762,3407.68384,9.01,884.229614,3407.91284,9.01,878.587097,5.647162,2
m09204,2026-07-22T14:19:33.083395Z,82159,leash,Promotable,100,complete_decoded_path;exact_identity_metadata;captured_leash_observation;combat_influence_preserved_for_behavior,combat,complete_capture_stable_identity,97,96195,1,1044525,Anger Manifestation,SimpleChar:798915B3,3,ef763171b013c3f1,3407.87646,9.01,879.48938,3409.81396,9.51,871.361633,8.355488,2
m09213,2026-07-22T14:19:35.544174Z,82237,leash,Promotable,100,complete_decoded_path;exact_identity_metadata;captured_leash_observation;combat_influence_preserved_for_behavior,combat,complete_capture_stable_identity,97,96195,1,1044525,Anger Manifestation,SimpleChar:798915B3,3,02f73014a370468c,3410.50537,9.01,872.539246,3416.76587,9.645,860.27124,13.773084,2
m09222,2026-07-22T14:19:37.521155Z,82287,leash,Promotable,100,complete_decoded_path;exact_identity_metadata;captured_leash_observation;combat_influence_preserved_for_behavior,combat,complete_capture_stable_identity,97,96195,1,1044525,Anger Manifestation,SimpleChar:798915B3,3,0dfa3fdb18599988,3414.62354,9.01,865.936646,3423.7522,10.5511,853.931335,15.081775,2
m09225,2026-07-22T14:19:37.521155Z,82290,leash,Promotable,100,complete_decoded_path;exact_identity_metadata;captured_leash_observation;combat_influence_preserved_for_behavior,combat,preceding_scfu_same_generation,95,17649,1,1044525,Engineer Automaton I,SimpleChar:798915BE,1,28a509708e4d94fb,3412.39136,9.01,868.792847,3424.89014,10.54747,853.55304,19.709673,2
m09237,2026-07-22T14:19:40.611164Z,82406,leash,Promotable,100,complete_decoded_path;exact_identity_metadata;captured_leash_observation;combat_influence_preserved_for_behavior,combat,complete_capture_stable_identity,97,96195,1,1044525,Anger Manifestation,SimpleChar:798915B3,3,90f7b89011db65d6,3423.21167,9.145,854.607849,3425.69531,9.645,846.156982,8.80827,2
m09241,2026-07-22T14:19:40.611164Z,82410,leash,Promotable,100,complete_decoded_path;exact_identity_metadata;captured_leash_observation;combat_influence_preserved_for_behavior,combat,preceding_scfu_same_generation,95,96056,2,1044525,Bureaucrat Worker,SimpleChar:798915B6,1,8f3fb9bf9f86bd9c,3421.7666,9.145,853.588562,3425.69092,9.645,847.776001,7.013284,2
m09246,2026-07-22T14:19:41.222452Z,82426,leash,Promotable,100,complete_decoded_path;exact_identity_metadata;captured_leash_observation;combat_influence_preserved_for_behavior,combat,preceding_scfu_same_generation,95,17649,1,1044525,Engineer Automaton I,SimpleChar:798915BE,1,764bd4266a495ebe,3424.26929,9.145,854.289063,3427.99561,9.645,849.25,6.267186,2
m09253,2026-07-22T14:19:42.417717Z,82458,leash,Promotable,100,complete_decoded_path;exact_identity_metadata;captured_leash_observation;combat_influence_preserved_for_behavior,combat,preceding_scfu_same_generation,95,96056,2,1044525,Bureaucrat Worker,SimpleChar:798915B6,1,efc7abb1863bc1fe,3425.16943,9.145,848.548401,3429.56152,9.645,852.893921,6.178511,2
m09255,2026-07-22T14:19:42.854935Z,82472,leash,Promotable,100,complete_decoded_path;exact_identity_metadata;captured_leash_observation;combat_influence_preserved_for_behavior,combat,preceding_scfu_same_generation,95,17649,1,1044525,Engineer Automaton I,SimpleChar:798915BE,1,bdf0bcee606a17ed,3427.47095,9.145,849.959351,3431.23145,9.145,852.108154,4.331133,2
m09259,2026-07-22T14:19:43.845010Z,82501,leash,Promotable,100,complete_decoded_path;exact_identity_metadata;captured_leash_observation;combat_influence_preserved_for_behavior,combat,preceding_scfu_same_generation,95,96056,2,1044525,Bureaucrat Worker,SimpleChar:798915B6,1,ee05bb2885e294e2,3428.87256,9.145,852.21228,3437.19678,9.51,853.736023,8.462531,2
m09260,2026-07-22T14:19:43.845010Z,82502,leash,Promotable,100,complete_decoded_path;exact_identity_metadata;captured_leash_observation;combat_influence_preserved_for_behavior,combat,preceding_scfu_same_generation,95,17649,1,1044525,Engineer Automaton I,SimpleChar:798915BE,1,e19eb532514bd4d3,3430.39673,9.145,851.631226,3435.79761,9.51,855.670349,6.744184,2
m09265,2026-07-22T14:19:45.693982Z,82623,leash,Promotable,100,complete_decoded_path;exact_identity_metadata;captured_leash_observation;combat_influence_preserved_for_behavior,combat,preceding_scfu_same_generation,95,17649,1,1044525,Engineer Automaton I,SimpleChar:798915BE,1,716e86e1d23df6b7,3435.05493,9.01,855.114929,3444.04858,9.645,858.299194,9.540717,2
m09266,2026-07-22T14:19:45.693982Z,82624,leash,Promotable,100,complete_decoded_path;exact_identity_metadata;captured_leash_observation;combat_influence_preserved_for_behavior,combat,preceding_scfu_same_generation,95,96056,2,1044525,Bureaucrat Worker,SimpleChar:798915B6,1,38ad933d647e789b,3436.27417,9.01,853.5672,3444.00562,9.645,859.83374,9.952128,2
m09269,2026-07-22T14:19:47.564381Z,82667,leash,Promotable,100,complete_decoded_path;exact_identity_metadata;captured_leash_observation;combat_influence_preserved_for_behavior,combat,preceding_scfu_same_generation,95,96056,2,1044525,Bureaucrat Worker,SimpleChar:798915B6,1,ed75d01107dc0f26,3442.12573,9.01,858.310181,3449.16113,9.125915,866.676941,10.931584,2
m09271,2026-07-22T14:19:47.844528Z,82683,leash,Promotable,100,complete_decoded_path;exact_identity_metadata;captured_leash_observation;combat_influence_preserved_for_behavior,combat,preceding_scfu_same_generation,95,17649,1,1044525,Engineer Automaton I,SimpleChar:798915BE,1,5bb2eddafba82fc6,3442.7124,9.01,856.885681,3450.85718,9.645,868.101318,13.861023,2
m09275,2026-07-22T14:19:49.196185Z,82727,leash,Promotable,100,complete_decoded_path;exact_identity_metadata;captured_leash_observation;combat_influence_preserved_for_behavior,combat,preceding_scfu_same_generation,95,96056,2,1044525,Bureaucrat Worker,SimpleChar:798915B6,1,0d253a96d5faa2d2,3447.73438,9.145,865.075806,3454.86572,9.645,875.049622,12.261036,2
m09292,2026-07-22T14:19:55.086130Z,83065,leash,Promotable,100,complete_decoded_path;exact_identity_metadata;captured_leash_observation;combat_influence_preserved_for_behavior,combat,preceding_scfu_same_generation,95,96056,2,1044525,Bureaucrat Worker,SimpleChar:798915B6,1,55ebae7085887b28,3460.67285,9.145,885.729614,3461.54053,9.51,883.451294,2.437952,2
