ObservationId,CaptureId,EquivalentObservationCount,CapturedUtc,Sequence,Behavior,NpcFamily,MonsterData,Level,CapturedPlayfieldId,RuntimePlayfieldId,Name,SourceIdentity,SourceGeneration,RouteSignature,StartX,StartY,StartZ,EndX,EndY,EndZ,DelayAfterSeconds,PathCount
20260722-104809:m11096,20260722-104809,1,2026-07-22T09:26:30.813314Z,65506,leash,0,26092,40,1044525,6553,ICC Peacekeeper,SimpleChar:79882D97,9,6aa4f60b640955f2,3455.60547,9.01,909.844238,3449.99341,9.010079,914.335327,4.01314,2
20260722-104809:m11101,20260722-104809,1,2026-07-22T09:26:34.826454Z,65525,leash,0,26092,40,1044525,6553,ICC Peacekeeper,SimpleChar:79882D97,9,21857f91390a451f,3451.04175,9.01,913.566406,3444.82666,9.009824,911.847717,3.532454,2
20260722-104809:m11105,20260722-104809,1,2026-07-22T09:26:38.358908Z,65547,leash,0,26092,40,1044525,6553,ICC Peacekeeper,SimpleChar:79882D97,9,cc751e8fbdb40304,3446.06152,9.01,912.260254,3436.87134,9.009747,909.850403,0,2
20260722-104809:m04206,20260722-104809,1,2026-07-22T08:52:31.621923Z,12060,leash,95,96056,2,1044525,6553,Bureaucrat Worker,SimpleChar:7988C997,1,f10b739120a8d570,3629.92651,51.654579,790.319214,3632.44946,49.569778,797.340149,1.94894,2
20260722-104809:m04229,20260722-104809,1,2026-07-22T08:52:33.570863Z,12197,leash,95,96056,2,1044525,6553,Bureaucrat Worker,SimpleChar:7988C997,1,3554403f0b8eb7a7,3632.17456,49.378876,796.575317,3635.40942,46.498463,804.485168,1.396678,2
20260722-104809:m04248,20260722-104809,1,2026-07-22T08:52:34.967541Z,12241,leash,95,96056,2,1044525,6553,Bureaucrat Worker,SimpleChar:7988C997,1,9d53c35b9cb85565,3634.48145,47.327518,802.214661,3632.58887,43.50494,812.545288,2.042876,2
20260722-104809:m04267,20260722-104809,1,2026-07-22T08:52:37.010417Z,12338,leash,95,96056,2,1044525,6553,Bureaucrat Worker,SimpleChar:7988C997,1,da1e43cc9f16d217,3633.11865,44.327892,810.460876,3631.75415,41.484997,820.960388,1.765492,2
20260722-104809:m04288,20260722-104809,1,2026-07-22T08:52:38.775909Z,12395,leash,95,96056,2,1044525,6553,Bureaucrat Worker,SimpleChar:7988C997,1,920c1113ed640aa7,3631.97217,41.199005,819.062439,3623.84033,41.484997,825.851074,1.555822,2
20260722-104809:m04308,20260722-104809,1,2026-07-22T08:52:40.331731Z,12466,leash,95,96056,2,1044525,6553,Bureaucrat Worker,SimpleChar:7988C997,1,f4d1db064200a14a,3625.4209,40.984997,824.783447,3616.98291,41.464996,831.233826,2.08499,2
20260722-104809:m04333,20260722-104809,1,2026-07-22T08:52:42.416721Z,12545,leash,95,96056,2,1044525,6553,Bureaucrat Worker,SimpleChar:7988C997,1,4242fa253df7e003,3617.74731,40.984997,830.640198,3611.64038,41.464996,833.073914,1.44027,2
20260722-104809:m04350,20260722-104809,1,2026-07-22T08:52:43.856991Z,12600,leash,95,96056,2,1044525,6553,Bureaucrat Worker,SimpleChar:7988C997,1,1a62d91857980a02,3612.41821,40.964996,832.763916,3607.11475,41.464996,834.709839,360.144619,2
20260722-104809:m07191,20260722-104809,1,2026-07-22T08:58:44.001610Z,25278,leash,95,96056,2,1044525,6553,Bureaucrat Worker,SimpleChar:7988C997,1,f7f78b8eb84bce66,3545.45947,7.23791,888.637329,3547.43579,6.517819,885.714722,76.671152,2
20260722-104809:m07312,20260722-104809,1,2026-07-22T09:00:00.672762Z,27597,leash,95,96056,2,1044525,6553,Bureaucrat Worker,SimpleChar:7988C997,1,6c45519c9eb14eb4,3557.82007,5.110001,866.050171,3561.84009,5.610001,866.138611,1.053016,2
20260722-104809:m07317,20260722-104809,1,2026-07-22T09:00:01.725778Z,27660,leash,95,96056,2,1044525,6553,Bureaucrat Worker,SimpleChar:7988C997,1,cb7f39e8d26cfb7b,3560.84058,5.110001,866.116577,3564.3125,5.610001,863.064941,1.027095,2
20260722-104809:m07321,20260722-104809,1,2026-07-22T09:00:02.752873Z,27706,leash,95,96056,2,1044525,6553,Bureaucrat Worker,SimpleChar:7988C997,1,ca5a64af5e13021d,3563.6687,5.110001,863.630676,3567.69409,5.945,857.372009,109.848716,2
20260722-104809:m07515,20260722-104809,1,2026-07-22T09:01:52.601589Z,29459,leash,95,96056,2,1044525,6553,Bureaucrat Worker,SimpleChar:7988C997,1,1af684804725ad36,3511.49097,5.110001,862.289551,3515.80103,5.610001,860.905579,1.246685,2
20260722-104809:m07519,20260722-104809,1,2026-07-22T09:01:53.848274Z,29536,leash,95,96056,2,1044525,6553,Bureaucrat Worker,SimpleChar:7988C997,1,6631febb5aabde97,3514.87109,5.110001,861.204285,3518.94336,5.610001,858.44281,213.544785,2
20260722-104809:m09193,20260722-104809,1,2026-07-22T09:05:27.393059Z,35614,leash,95,96056,2,1044525,6553,Bureaucrat Worker,SimpleChar:7988C997,1,d709247e2650c849,3513.46338,5.110001,858.455017,3518.08447,5.610001,852.768677,2.689412,2
20260722-104809:m09201,20260722-104809,1,2026-07-22T09:05:30.082471Z,35762,leash,95,96056,2,1044525,6553,Bureaucrat Worker,SimpleChar:7988C997,1,083661dc375e9bef,3517.26685,5.1,850.904114,3529.40332,5.610001,850.882446,130.1426,2
20260722-104809:m09421,20260722-104809,1,2026-07-22T09:07:40.225071Z,40064,leash,95,96056,2,1044525,6553,Bureaucrat Worker,SimpleChar:7988C997,1,bee37fa0488ef71c,3541.62524,5.110001,875.278259,3546.35449,5.810712,871.739746,0.990949,2
20260722-104809:m09428,20260722-104809,1,2026-07-22T09:07:41.216020Z,40138,leash,95,96056,2,1044525,6553,Bureaucrat Worker,SimpleChar:7988C997,1,3dd86dd072edf60e,3545.55762,5.308144,872.335754,3551.93604,5.610001,867.380981,2.349969,2
20260722-104809:m09432,20260722-104809,1,2026-07-22T09:07:43.565989Z,40259,leash,95,96056,2,1044525,6553,Bureaucrat Worker,SimpleChar:7988C997,1,e23bc46feef1e8fd,3551.27271,5.110001,867.896301,3553.96753,5.610001,864.622986,8.215793,2
20260722-104809:m09452,20260722-104809,1,2026-07-22T09:07:51.781782Z,40708,leash,95,96056,2,1044525,6553,Bureaucrat Worker,SimpleChar:7988C997,1,9f1de205ae58fa0b,3552.40894,5.110001,869.025391,3555.37891,6.438126,871.201599,4.321908,2
20260722-104809:m09468,20260722-104809,1,2026-07-22T09:07:56.103690Z,41138,leash,95,96056,2,1044525,6553,Bureaucrat Worker,SimpleChar:7988C997,1,c259bfc4a3d8f649,3557.70923,6.587552,881.403137,3562.17017,8.94285,886.175903,188.88008,2
20260722-104809:m09825,20260722-104809,1,2026-07-22T09:11:04.983770Z,47426,leash,95,96056,2,1044525,6553,Bureaucrat Worker,SimpleChar:7988C997,1,8316dd30ba35c455,3500.84619,9.324498,919.488464,3501.09448,9.24848,916.191406,0.874854,2
20260722-104809:m09830,20260722-104809,1,2026-07-22T09:11:05.858624Z,47452,leash,95,96056,2,1044525,6553,Bureaucrat Worker,SimpleChar:7988C997,1,4850306719255774,3501.00806,9.899179,917.096191,3501.39746,7.049393,912.212585,1.495667,2
20260722-104809:m09836,20260722-104809,1,2026-07-22T09:11:07.354291Z,47487,leash,95,96056,2,1044525,6553,Bureaucrat Worker,SimpleChar:7988C997,1,70988e6fa72e01cd,3501.32813,6.680771,913.08197,3502.41699,5.638771,906.15033,1.583027,2
20260722-104809:m09840,20260722-104809,1,2026-07-22T09:11:08.937318Z,47535,leash,95,96056,2,1044525,6553,Bureaucrat Worker,SimpleChar:7988C997,1,d14727a8218e23f3,3502.28442,5.240793,906.994934,3503.14038,5.610001,896.686035,19.439155,2
20260722-104809:m09897,20260722-104809,1,2026-07-22T09:11:28.376473Z,48316,leash,95,96056,2,1044525,6553,Bureaucrat Worker,SimpleChar:7988C997,1,874c0acb5e4cc701,3508.52734,5.110001,892.870422,3512.07983,5.610001,895.096069,1.219999,2
20260722-104809:m09901,20260722-104809,1,2026-07-22T09:11:29.596472Z,48345,leash,95,96056,2,1044525,6553,Bureaucrat Worker,SimpleChar:7988C997,1,9a4f4d4120e11af0,3511.30005,5.110001,894.607483,3517.37451,5.610001,891.631226,1.571375,2
20260722-104809:m09906,20260722-104809,1,2026-07-22T09:11:31.167847Z,48596,leash,95,96056,2,1044525,6553,Bureaucrat Worker,SimpleChar:7988C997,1,dd59be16451d7d9f,3516.53638,5.110001,892.041809,3520.32935,5.610001,890.315796,4.336225,2
20260722-104809:m09911,20260722-104809,1,2026-07-22T09:11:35.504072Z,48885,leash,95,96056,2,1044525,6553,Bureaucrat Worker,SimpleChar:7988C997,1,3e6868a3b75153bc,3519.47388,5.110001,890.705139,3523.23071,6.193271,890.150391,1.158028,2
20260722-104809:m09916,20260722-104809,1,2026-07-22T09:11:36.662100Z,48931,leash,95,96056,2,1044525,6553,Bureaucrat Worker,SimpleChar:7988C997,1,85374f62bd2ca012,3522.39038,5.110001,890.021301,3527.37646,6.498569,891.148926,1.247328,2
20260722-104809:m09920,20260722-104809,1,2026-07-22T09:11:37.909428Z,49005,leash,95,96056,2,1044525,6553,Bureaucrat Worker,SimpleChar:7988C997,1,8838212ee466394c,3526.51831,5.110001,890.920471,3533.81274,7.245575,889.940125,6.446982,2
20260722-104809:m09933,20260722-104809,1,2026-07-22T09:11:44.356410Z,49364,leash,95,96056,2,1044525,6553,Bureaucrat Worker,SimpleChar:7988C997,1,86544bd6f0da3327,3535.61157,8.99894,903.834106,3544.55859,6.70932,903.143921,2.086157,2
20260722-104809:m09940,20260722-104809,1,2026-07-22T09:11:46.442567Z,49490,leash,95,96056,2,1044525,6553,Bureaucrat Worker,SimpleChar:7988C997,1,8a8b1bf20c8a4927,3543.62939,6.025207,903.376648,3547.53809,7.445605,904.002136,4.457534,2
20260722-104809:m09946,20260722-104809,1,2026-07-22T09:11:50.900101Z,49710,leash,95,96056,2,1044525,6553,Bureaucrat Worker,SimpleChar:7988C997,1,062713689ed55034,3548.65796,6.850564,905.509766,3555.07056,8.610001,905.748718,31.181069,2
20260722-104809:m09973,20260722-104809,1,2026-07-22T09:12:22.081170Z,50343,leash,95,96056,2,1044525,6553,Bureaucrat Worker,SimpleChar:7988C997,1,bbafe4baf641da1f,3555.10449,8.070761,913.187744,3559.31738,8.668796,913.411926,427.793612,2
20260722-104809:m10437,20260722-104809,1,2026-07-22T09:19:29.874782Z,59189,leash,95,96056,2,1044525,6553,Bureaucrat Worker,SimpleChar:7988C997,1,0b8372108da86f8b,3501.08643,9.116824,920.977539,3505.32471,9.904122,922.541199,1.099985,2
20260722-104809:m10440,20260722-104809,1,2026-07-22T09:19:30.974767Z,59212,leash,95,96056,2,1044525,6553,Bureaucrat Worker,SimpleChar:7988C997,1,54eea4f492e8d442,3504.55176,9.241648,922.256104,3507.37085,8.881106,924.184875,0,2
20260722-104809:m13212,20260722-104809,1,2026-07-22T09:45:54.665520Z,77028,leash,95,96056,2,1044525,6553,Bureaucrat Worker,SimpleChar:7988C997,3,1a4caf8983c9328d,3589.66602,5.1,889.090332,3579.36035,6.590729,893.358521,1.639638,2
20260722-104809:m13216,20260722-104809,1,2026-07-22T09:45:56.305158Z,77092,leash,95,96056,2,1044525,6553,Bureaucrat Worker,SimpleChar:7988C997,3,5dee655e22f8b5c5,3583.00952,3.773568,891.847107,3570.26538,7.735182,890.091309,74.560788,2
20260722-104809:m13453,20260722-104809,1,2026-07-22T09:47:10.865946Z,81199,leash,95,96056,2,1044525,6553,Bureaucrat Worker,SimpleChar:7988C997,3,bc7fd36c17cc8198,3502.3833,5.110001,855.335022,3504.55005,5.610001,856.417603,0.589752,2
20260722-104809:m13456,20260722-104809,1,2026-07-22T09:47:11.455698Z,81217,leash,95,96056,2,1044525,6553,Bureaucrat Worker,SimpleChar:7988C997,3,f23d813e763a94d4,3503.72705,5.110001,856.00647,3508.69409,6.384966,855.476746,1.286415,2
20260722-104809:m13460,20260722-104809,1,2026-07-22T09:47:12.742113Z,81314,leash,95,96056,2,1044525,6553,Bureaucrat Worker,SimpleChar:7988C997,3,7419b1e38a7bb415,3507.79126,5.110001,855.573059,3514.1106,5.610001,856.71051,1.943199,2
20260722-104809:m13469,20260722-104809,1,2026-07-22T09:47:14.685312Z,81487,leash,95,96056,2,1044525,6553,Bureaucrat Worker,SimpleChar:7988C997,3,102da8c966ca37ca,3513.23462,5.110001,856.718384,3518.65625,5.610001,854.942566,18.236743,2
20260722-104809:m13497,20260722-104809,1,2026-07-22T09:47:32.922055Z,81842,leash,95,96056,2,1044525,6553,Bureaucrat Worker,SimpleChar:7988C997,3,edb8f0fca873219f,3517.78931,5.110001,855.226501,3519.44287,5.610001,857.456726,0.480581,2
20260722-104809:m13502,20260722-104809,1,2026-07-22T09:47:33.402636Z,81858,leash,95,96056,2,1044525,6553,Bureaucrat Worker,SimpleChar:7988C997,3,91c0d0c89f4eac84,3518.95996,5.110001,856.805664,3520.76294,5.610001,861.909729,1.391047,2
20260722-104809:m13505,20260722-104809,1,2026-07-22T09:47:34.793683Z,81889,leash,95,96056,2,1044525,6553,Bureaucrat Worker,SimpleChar:7988C997,3,cdb0420d8bf9d4ae,3520.49463,5.110001,860.998718,3522.65454,5.815,868.379639,24.903468,2
20260722-104809:m13563,20260722-104809,1,2026-07-22T09:47:59.697151Z,83292,leash,95,96056,2,1044525,6553,Bureaucrat Worker,SimpleChar:7988C997,3,1c3e145186751abe,3542.38208,7.69458,893.090881,3556.61646,6.108743,881.067017,1.807224,2
20260722-104809:m13567,20260722-104809,1,2026-07-22T09:48:01.504375Z,83398,leash,95,96056,2,1044525,6553,Bureaucrat Worker,SimpleChar:7988C997,3,1d0c1555d9a4a577,3549.39941,6.453176,886.430237,3558.85059,5.610001,872.162476,13.644221,2
20260722-104809:m13586,20260722-104809,1,2026-07-22T09:48:15.148596Z,83967,leash,95,96056,2,1044525,6553,Bureaucrat Worker,SimpleChar:7988C997,3,6b0e677c6c041fbc,3594.2207,5.110001,864.447021,3589.91089,6.623551,866.303406,1.386096,2
20260722-104809:m13589,20260722-104809,1,2026-07-22T09:48:16.534692Z,84035,leash,95,96056,2,1044525,6553,Bureaucrat Worker,SimpleChar:7988C997,3,1f741394ba2d2fe7,3590.80957,5.110001,865.916321,3586.55981,5.610001,869.956238,1.256565,2
20260722-104809:m13595,20260722-104809,1,2026-07-22T09:48:17.791257Z,84108,leash,95,96056,2,1044525,6553,Bureaucrat Worker,SimpleChar:7988C997,3,bc5725c92d461af2,3587.26025,5.110001,869.290405,3580.51611,5.610001,873.207214,10.629708,2
20260722-104809:m13626,20260722-104809,1,2026-07-22T09:48:28.420965Z,84764,leash,95,96056,2,1044525,6553,Bureaucrat Worker,SimpleChar:7988C997,3,01e90fdca44e11ca,3585.52686,5.110001,865.676636,3583.81006,5.610001,869.716003,1.103965,2
20260722-104809:m13633,20260722-104809,1,2026-07-22T09:48:29.524930Z,84819,leash,95,96056,2,1044525,6553,Bureaucrat Worker,SimpleChar:7988C997,3,514624f7607f8ab7,3584.16113,5.110001,868.889404,3578.99219,5.610001,866.958984,1.396594,2
20260722-104809:m13637,20260722-104809,1,2026-07-22T09:48:30.921524Z,84890,leash,95,96056,2,1044525,6553,Bureaucrat Worker,SimpleChar:7988C997,3,2e113ac5843b2973,3579.86768,5.110001,867.285889,3570.48779,5.610001,868.539246,2.076048,2
20260722-104809:m13642,20260722-104809,1,2026-07-22T09:48:32.997572Z,85005,leash,95,96056,2,1044525,6553,Bureaucrat Worker,SimpleChar:7988C997,3,f7eb6e5792091a8e,3571.28467,5.110001,868.174927,3561.92285,6.26871,869.030151,28.749628,2
20260722-104809:m13726,20260722-104809,1,2026-07-22T09:49:01.747200Z,86564,leash,95,96056,2,1044525,6553,Bureaucrat Worker,SimpleChar:7988C997,3,8a33ca2d396bfcc2,3522.85132,5.110001,880.649109,3522.14722,5.815,872.641113,232.013702,2
20260722-104809:m14226,20260722-104809,1,2026-07-22T09:52:53.760902Z,91694,leash,95,96056,2,1044525,6553,Bureaucrat Worker,SimpleChar:7988C997,3,d9c543c8004ab8bc,3524.39819,5.110001,883.607605,3524.87134,5.610001,881.128784,1.564882,2
20260722-104809:m14232,20260722-104809,1,2026-07-22T09:52:55.325784Z,91756,leash,95,96056,2,1044525,6553,Bureaucrat Worker,SimpleChar:7988C997,3,e56a14e5fc3ca1a9,3523.3728,5.110001,877.676697,3524.96265,5.610001,871.070251,0,2
20260722-104809:m10907,20260722-104809,1,2026-07-22T09:24:21.075788Z,64546,leash,25,17657,6,1044525,6553,Garbage Flea,SimpleChar:7988C9A3,5,0717a327014e409c,3451.06177,0,833.598938,3451.26929,0.009869,856.203003,5.73238,2
20260722-104809:m10913,20260722-104809,1,2026-07-22T09:24:26.808168Z,64601,leash,25,17657,6,1044525,6553,Garbage Flea,SimpleChar:7988C9A3,5,cc2ef07f02364fe2,3451.05225,0.01,855.556885,3451.56519,0.892165,852.259827,1.99166,2
20260722-104809:m10916,20260722-104809,1,2026-07-22T09:24:28.799828Z,64620,leash,25,17657,6,1044525,6553,Garbage Flea,SimpleChar:7988C9A3,5,e6495f7bb0673d03,3451.37012,0.01,853.51178,3454.21289,0.892165,846.437866,0,2
20260722-104809:m10910,20260722-104809,1,2026-07-22T09:24:23.976837Z,64574,leash,25,17657,6,1044525,6553,Garbage Flea,SimpleChar:7988C9A6,14,ef7ea2f4caa7210d,3448.78491,1.878376,893.437134,3453.75146,1.025606,873.921082,0,2
20260722-104809:m02867,20260722-104809,1,2026-07-22T08:50:34.005368Z,7758,leash,1019,297023,1,1044525,6553,Malfunctioning Cleaning Robot,SimpleChar:7988C9F4,1,ae0b4b20a5f412e9,3620.49854,51.744999,784.848694,3612.18042,52.5,787.760315,6.275983,2
20260722-104809:m02953,20260722-104809,1,2026-07-22T08:50:40.281351Z,7974,leash,1019,297023,1,1044525,6553,Malfunctioning Cleaning Robot,SimpleChar:7988C9F4,1,7df020e2965951fd,3612.94678,52.134998,787.473389,3612.1626,52.5,788.252075,0,2
20260722-152454:m07859,20260722-152454,1,2026-07-22T14:04:53.742842Z,62894,leash,15,17662,1,1044525,6553,Minibronto,SimpleChar:78E0FD9C,1,7a9736731f0348f5,3498.56226,8.110001,448.886353,3500.94971,8.110001,451.051819,0,2
20260722-152454:m03136,20260722-152454,1,2026-07-22T13:42:32.801208Z,29377,leash,0,26092,40,1044525,6553,ICC Peacekeeper,SimpleChar:7962A325,5,ee492ed9efce8293,3471.51636,9.145,786.745178,3479.02222,8.71745,785.850891,11.912039,2
20260722-152454:m03149,20260722-152454,1,2026-07-22T13:42:44.713247Z,29589,leash,0,26092,40,1044525,6553,ICC Peacekeeper,SimpleChar:7962A325,5,abc0a9722cbc7075,3486.79102,5.318535,784.338745,3482.7561,4.78062,782.527283,0,2
20260722-152454:m02256,20260722-152454,1,2026-07-22T13:33:06.267663Z,16597,leash,1019,17649,4,1044525,6553,IIV-X Advanced Docker,SimpleChar:798913F4,2,e0ba91b25e190c93,3497.62915,7.157102,912.321716,3498.7417,10.062677,916.406006,0,2
20260722-152454:m03077,20260722-152454,1,2026-07-22T13:42:04.204206Z,28745,leash,25,17657,7,1044525,6553,Mutated Garbage Flea,SimpleChar:79891578,1,6d55617dfaf96b9d,3426.12451,0,868.586365,3424.85571,0.51,887.2453,0,2
20260722-152454:m03500,20260722-152454,1,2026-07-22T13:47:05.316627Z,37970,leash,97,96195,1,1044525,6553,Anger Manifestation,SimpleChar:798915B3,1,8bb16705b0809157,3345.75464,4.913803,661.55481,3348.80298,5.352714,661.359863,0.531826,2
20260722-152454:m03503,20260722-152454,1,2026-07-22T13:47:05.848453Z,38006,leash,97,96195,1,1044525,6553,Anger Manifestation,SimpleChar:798915B3,1,ba16f473f98b3703,3347.81763,5.377975,661.422485,3352.91479,4.220523,662.842346,1.357806,2
20260722-152454:m03506,20260722-152454,1,2026-07-22T13:47:07.206259Z,38070,leash,97,96195,1,1044525,6553,Anger Manifestation,SimpleChar:798915B3,1,a1bde842f59c19fa,3352.00342,4.413728,662.588501,3361.22314,3.607527,665.551086,18.351252,2
20260722-152454:m03522,20260722-152454,1,2026-07-22T13:47:25.557511Z,38724,leash,97,96195,1,1044525,6553,Anger Manifestation,SimpleChar:798915B3,1,65d9741fbc38d221,3368.13965,2.239593,670.684265,3373.7561,2.761264,670.121887,1.243036,2
20260722-152454:m03525,20260722-152454,1,2026-07-22T13:47:26.800547Z,38753,leash,97,96195,1,1044525,6553,Anger Manifestation,SimpleChar:798915B3,1,c4f609e7455e0454,3372.79517,2.352487,670.218079,3378.17603,2.61,675.890747,1.609046,2
20260722-152454:m03531,20260722-152454,1,2026-07-22T13:47:28.409593Z,38805,leash,97,96195,1,1044525,6553,Anger Manifestation,SimpleChar:798915B3,1,b8656fb43a8e33c8,3377.48999,2.11,675.167847,3385.54858,2.61,677.126221,9.469565,2
20260722-152454:m03535,20260722-152454,1,2026-07-22T13:47:37.879158Z,39098,leash,97,96195,1,1044525,6553,Anger Manifestation,SimpleChar:798915B3,1,a2a7113ec7f3ba52,3384.68042,2.11,676.915161,3387.98193,2.61,679.351501,1.332255,2
20260722-152454:m03539,20260722-152454,1,2026-07-22T13:47:39.211413Z,39148,leash,97,96195,1,1044525,6553,Anger Manifestation,SimpleChar:798915B3,1,216f31eddea87af5,3387.33936,2.11,678.877319,3390.3667,3.150445,684.749817,1.419298,2
20260722-152454:m03543,20260722-152454,1,2026-07-22T13:47:40.630711Z,39203,leash,97,96195,1,1044525,6553,Anger Manifestation,SimpleChar:798915B3,1,9c5608a95fe33bab,3389.97217,2.11,683.984314,3395.23853,3.296598,689.125549,1.6529,2
20260722-152454:m03547,20260722-152454,1,2026-07-22T13:47:42.283611Z,39267,leash,97,96195,1,1044525,6553,Anger Manifestation,SimpleChar:798915B3,1,f49de30bf5d8af4a,3394.5813,2.11,688.483887,3404.95923,3.398491,690.656982,2.753663,2
20260722-152454:m03551,20260722-152454,1,2026-07-22T13:47:45.037274Z,39428,leash,97,96195,1,1044525,6553,Anger Manifestation,SimpleChar:798915B3,1,621e00303224b604,3404.0293,2.11,690.46228,3412.95117,2.61,688.577026,75.070941,2
20260722-152454:m03618,20260722-152454,1,2026-07-22T13:49:00.108215Z,41248,leash,97,96195,1,1044525,6553,Anger Manifestation,SimpleChar:798915B3,1,7b37738f0d1b8576,3502.05298,2.11,691.331055,3505.09644,2.61,690.674194,0.839944,2
20260722-152454:m03621,20260722-152454,1,2026-07-22T13:49:00.948159Z,41292,leash,97,96195,1,1044525,6553,Anger Manifestation,SimpleChar:798915B3,1,c5c03b6b3b62a98a,3504.26611,2.11,690.853455,3508.8562,3.008106,690.948853,1.43063,2
20260722-152454:m03624,20260722-152454,1,2026-07-22T13:49:02.378789Z,41344,leash,97,96195,1,1044525,6553,Anger Manifestation,SimpleChar:798915B3,1,5b8aa0d254ed785e,3508.01685,2.11,690.931396,3514.81885,2.874631,689.354919,1.778065,2
20260722-152454:m03628,20260722-152454,1,2026-07-22T13:49:04.156854Z,41394,leash,97,96195,1,1044525,6553,Anger Manifestation,SimpleChar:798915B3,1,195b6eceba7fda44,3513.96191,2.11,689.553589,3524.47388,2.61,685.372986,13.656208,2
20260722-152454:m03638,20260722-152454,1,2026-07-22T13:49:17.813062Z,41886,leash,97,96195,1,1044525,6553,Anger Manifestation,SimpleChar:798915B3,1,d475b27e0a2e627c,3527.88379,2.11,679.62793,3534.02856,2.61,679.464355,1.482432,2
20260722-152454:m03642,20260722-152454,1,2026-07-22T13:49:19.295494Z,41912,leash,97,96195,1,1044525,6553,Anger Manifestation,SimpleChar:798915B3,1,fc71d82782d6d0b8,3533.18726,2.150613,679.486755,3540.07153,2.61,686.267761,1.972122,2
20260722-152454:m03645,20260722-152454,1,2026-07-22T13:49:21.267616Z,41952,leash,97,96195,1,1044525,6553,Anger Manifestation,SimpleChar:798915B3,1,49a698ed76d7be0a,3539.32471,2.11,685.532227,3549.42578,2.61,687.776489,1.730456,2
20260722-152454:m03649,20260722-152454,1,2026-07-22T13:49:22.998072Z,42001,leash,97,96195,1,1044525,6553,Anger Manifestation,SimpleChar:798915B3,1,5b1d5afb3a83bdd2,3547.7019,2.11,687.523071,3556.70166,2.61,692.42804,10.610039,2
20260722-152454:m03652,20260722-152454,1,2026-07-22T13:49:33.608111Z,42248,leash,97,96195,1,1044525,6553,Anger Manifestation,SimpleChar:798915B3,1,f04d2fd67be56914,3555.85693,2.11,691.912476,3559.29175,2.61,693.499207,13.959267,2
20260722-152454:m03673,20260722-152454,1,2026-07-22T13:49:47.567378Z,42790,leash,97,96195,1,1044525,6553,Anger Manifestation,SimpleChar:798915B3,1,1e15d745d2117f08,3560.90186,2.11,665.202087,3564.03809,2.61,667.417053,1.071116,2
20260722-152454:m03677,20260722-152454,1,2026-07-22T13:49:48.638494Z,42808,leash,97,96195,1,1044525,6553,Anger Manifestation,SimpleChar:798915B3,1,21e4344536457f4d,3563.2395,2.11,666.852905,3569.41309,2.61,669.203796,1.532262,2
20260722-152454:m03680,20260722-152454,1,2026-07-22T13:49:50.170756Z,42828,leash,97,96195,1,1044525,6553,Anger Manifestation,SimpleChar:798915B3,1,fd2b05a904942df9,3568.55908,2.11,668.87854,3571.80005,2.79236,675.576416,1.770889,2
20260722-152454:m03683,20260722-152454,1,2026-07-22T13:49:51.941645Z,42857,leash,97,96195,1,1044525,6553,Anger Manifestation,SimpleChar:798915B3,1,2c46c1c0c7117cbc,3571.37573,2.11,674.700012,3576.0708,3.31524,683.39801,1.719908,2
20260722-152454:m03687,20260722-152454,1,2026-07-22T13:49:53.661553Z,42890,leash,97,96195,1,1044525,6553,Anger Manifestation,SimpleChar:798915B3,1,76e5e66386412044,3574.79053,2.70653,681.099548,3582.17041,3.209542,690.096802,1.840949,2
20260722-152454:m03691,20260722-152454,1,2026-07-22T13:49:55.502502Z,42955,leash,97,96195,1,1044525,6553,Anger Manifestation,SimpleChar:798915B3,1,56fc7af4e6318829,3580.42749,2.797103,688.060303,3587.62476,2.61,699.177368,0,2
20260722-152454:m07267,20260722-152454,1,2026-07-22T13:59:05.218962Z,53025,leash,97,96195,1,1044525,6553,Anger Manifestation,SimpleChar:798915B3,2,e4eef3ec2c696dfc,3551.77393,5.110001,865.152161,3549.91772,5.780165,863.955261,0.535729,2
20260722-152454:m07271,20260722-152454,1,2026-07-22T13:59:05.754691Z,53048,leash,97,96195,1,1044525,6553,Anger Manifestation,SimpleChar:798915B3,2,f5478f90fe976539,3550.6272,5.110001,864.412781,3545.0769,6.273906,862.480469,3.174643,2
20260722-152454:m07284,20260722-152454,1,2026-07-22T13:59:08.929334Z,53246,leash,97,96195,1,1044525,6553,Anger Manifestation,SimpleChar:798915B3,2,4e3f91fd0212e330,3551.19873,5.110001,862.736816,3559.01318,5.610001,858.24469,5.004623,2
20260722-152454:m07294,20260722-152454,1,2026-07-22T13:59:13.933957Z,53516,leash,97,96195,1,1044525,6553,Anger Manifestation,SimpleChar:798915B3,2,3aad1c5fc4215f23,3566.78833,5.1,852.073792,3550.7605,5.610001,848.573853,1.806796,2
20260722-152454:m07299,20260722-152454,1,2026-07-22T13:59:15.740753Z,53536,leash,97,96195,1,1044525,6553,Anger Manifestation,SimpleChar:798915B3,2,9b515cc6e5f0e772,3559.29199,5.110001,850.378418,3542.06226,5.610001,847.719177,1.70186,2
20260722-152454:m07306,20260722-152454,1,2026-07-22T13:59:17.442613Z,53551,leash,97,96195,1,1044525,6553,Anger Manifestation,SimpleChar:798915B3,2,785fe78beabfa0b0,3550.60376,5.110001,849.004395,3532.34863,5.610001,848.732361,1.900741,2
20260722-152454:m07312,20260722-152454,1,2026-07-22T13:59:19.343354Z,53579,leash,97,96195,1,1044525,6553,Anger Manifestation,SimpleChar:798915B3,2,8692306f3d93564f,3540.88916,5.110001,848.782654,3523.29443,5.610001,845.522949,1.981766,2
20260722-152454:m07319,20260722-152454,1,2026-07-22T13:59:21.325120Z,53680,leash,97,96195,1,1044525,6553,Anger Manifestation,SimpleChar:798915B3,2,a91e6ff9c20ae83b,3531.29419,5.110001,847.105774,3513.17749,5.610001,845.0271,76.859649,2
20260722-152454:m07526,20260722-152454,1,2026-07-22T14:00:38.184769Z,55702,leash,97,96195,1,1044525,6553,Anger Manifestation,SimpleChar:798915B3,2,1b55da8e4dce7b0f,3473.97388,2.11,697.49585,3471.42798,2.61,695.56073,52.979992,2
20260722-152454:m07550,20260722-152454,1,2026-07-22T14:01:31.164761Z,56752,leash,97,96195,1,1044525,6553,Anger Manifestation,SimpleChar:798915B3,2,05a42cdef43f6c1c,3433.34937,2.11,692.145752,3431.96143,2.61,689.661682,2.156146,2
20260722-152454:m07559,20260722-152454,1,2026-07-22T14:01:33.320907Z,56845,leash,97,96195,1,1044525,6553,Anger Manifestation,SimpleChar:798915B3,2,6cdbe809cb97b6da,3428.16113,2.11,688.395386,3426.14819,2.61,682.325562,14.913098,2
20260722-152454:m07575,20260722-152454,1,2026-07-22T14:01:48.234005Z,57400,leash,97,96195,1,1044525,6553,Anger Manifestation,SimpleChar:798915B3,2,e8ae0bb6e155f052,3429.29395,2.11,671.735413,3426.73901,2.61,669.223816,1.199882,2
20260722-152454:m07578,20260722-152454,1,2026-07-22T14:01:49.433887Z,57448,leash,97,96195,1,1044525,6553,Anger Manifestation,SimpleChar:798915B3,2,edb8632f487b4635,3427.38477,2.11,669.859009,3426.37183,2.939635,665.642639,0.851156,2
20260722-152454:m07582,20260722-152454,1,2026-07-22T14:01:50.285043Z,57466,leash,97,96195,1,1044525,6553,Anger Manifestation,SimpleChar:798915B3,2,d6dab0e278e1badd,3426.60327,2.11,666.607239,3422.5979,2.61,660.011353,28.860495,2
20260722-152454:m07616,20260722-152454,1,2026-07-22T14:02:19.145538Z,58604,leash,97,96195,1,1044525,6553,Anger Manifestation,SimpleChar:798915B3,2,11630456743eef49,3380.65283,2.11,649.330994,3376.77026,3.340835,645.379456,5.651651,2
20260722-152454:m07626,20260722-152454,1,2026-07-22T14:02:24.797189Z,58850,leash,97,96195,1,1044525,6553,Anger Manifestation,SimpleChar:798915B3,2,3f2a12ea3f31d3e5,3362.24927,3.483191,638.009949,3360.45386,3.611495,633.666809,16.842353,2
20260722-152454:m07640,20260722-152454,1,2026-07-22T14:02:41.639542Z,59336,leash,97,96195,1,1044525,6553,Anger Manifestation,SimpleChar:798915B3,2,bf42c6ab0e96f30a,3353.56201,4.288887,626.557251,3355.27954,4.848282,623.46698,0.99999,2
20260722-152454:m07644,20260722-152454,1,2026-07-22T14:02:42.639532Z,59370,leash,97,96195,1,1044525,6553,Anger Manifestation,SimpleChar:798915B3,2,f0497b9ea852ff03,3354.83667,4.021301,624.264099,3358.02686,4.650953,619.635498,1.354643,2
20260722-152454:m07647,20260722-152454,1,2026-07-22T14:02:43.994175Z,59429,leash,97,96195,1,1044525,6553,Anger Manifestation,SimpleChar:798915B3,2,1cb87476ba276f0d,3357.53223,4.14725,620.35321,3361.28955,3.265316,613.68689,6.469328,2
20260722-152454:m07651,20260722-152454,1,2026-07-22T14:02:50.463503Z,59659,leash,97,96195,1,1044525,6553,Anger Manifestation,SimpleChar:798915B3,2,0f1ec7b44519e7c2,3360.85425,2.959243,614.45929,3363.33472,2.61,611.774536,1.050111,2
20260722-152454:m07655,20260722-152454,1,2026-07-22T14:02:51.513614Z,59698,leash,97,96195,1,1044525,6553,Anger Manifestation,SimpleChar:798915B3,2,9698cff1cfb083c6,3362.7146,2.37814,612.445618,3362.21851,2.61,605.107239,1.663463,2
20260722-152454:m07658,20260722-152454,1,2026-07-22T14:02:53.177077Z,59773,leash,97,96195,1,1044525,6553,Anger Manifestation,SimpleChar:798915B3,2,ca6fa89b12103ff0,3362.28442,2.11,606.079651,3368.83276,2.61,600.229736,1.86014,2
20260722-152454:m07661,20260722-152454,1,2026-07-22T14:02:55.037217Z,59805,leash,97,96195,1,1044525,6553,Anger Manifestation,SimpleChar:798915B3,2,988219c5810b977f,3367.8291,2.11,601.126953,3374.10278,2.61,593.571228,2.090766,2
20260722-152454:m07664,20260722-152454,1,2026-07-22T14:02:57.127983Z,59844,leash,97,96195,1,1044525,6553,Anger Manifestation,SimpleChar:798915B3,2,48632ba5995d6eef,3373.48706,2.11,594.346497,3379.27954,2.61,586.236511,1.38975,2
20260722-152454:m07667,20260722-152454,1,2026-07-22T14:02:58.517733Z,59864,leash,97,96195,1,1044525,6553,Anger Manifestation,SimpleChar:798915B3,2,fcbdc8d97a78abad,3377.99463,2.11,588.0354,3383.90332,2.61,576.553955,2.469826,2
20260722-152454:m07670,20260722-152454,1,2026-07-22T14:03:00.987559Z,59911,leash,97,96195,1,1044525,6553,Anger Manifestation,SimpleChar:798915B3,2,bad9a7ebd82555aa,3383.45972,2.11,577.448181,3381.15283,2.61,571.397278,0,2
20260722-152454:m07934,20260722-152454,1,2026-07-22T14:07:04.519324Z,65172,leash,97,96195,1,1044525,6553,Anger Manifestation,SimpleChar:798915B3,3,7f2dd0a833faf9d5,3607.22266,0.01,397.336578,3603.6062,0.51,395.77533,90.570124,2
20260722-152454:m07962,20260722-152454,1,2026-07-22T14:08:35.089448Z,66176,leash,97,96195,1,1044525,6553,Anger Manifestation,SimpleChar:798915B3,3,a0bb7e723f041d8a,3634.02246,0.01,396.026459,3631.92822,0.51,395.55484,14.41481,2
20260722-152454:m07992,20260722-152454,1,2026-07-22T14:08:49.504258Z,66692,leash,97,96195,1,1044525,6553,Anger Manifestation,SimpleChar:798915B3,3,c90cce3d94e9d296,3680.71973,0.370558,388.375427,3680.95435,4.558059,397.057587,1.949437,2
20260722-152454:m07995,20260722-152454,1,2026-07-22T14:08:51.453695Z,66735,leash,97,96195,1,1044525,6553,Anger Manifestation,SimpleChar:798915B3,3,a47de260fad4795c,3680.80981,2.304602,395.378052,3679.36914,4.626504,406.135437,1.659887,2
20260722-152454:m07998,20260722-152454,1,2026-07-22T14:08:53.113582Z,66743,leash,97,96195,1,1044525,6553,Anger Manifestation,SimpleChar:798915B3,3,ff8a231a3aa6476c,3678.96191,4.525818,403.235931,3675.15381,3.683251,413.468475,1.660324,2
20260722-152454:m08001,20260722-152454,1,2026-07-22T14:08:54.773906Z,66747,leash,97,96195,1,1044525,6553,Anger Manifestation,SimpleChar:798915B3,3,f97e3a70987cf36d,3675.59448,3.169915,410.923492,3670.87988,6.590224,420.923248,635.518882,2
20260722-152454:m09187,20260722-152454,1,2026-07-22T14:19:30.292788Z,81991,leash,97,96195,1,1044525,6553,Anger Manifestation,SimpleChar:798915B3,3,9050e82a3fc9a1ed,3408.51025,9.01,888.648621,3407.99658,9.01,886.347656,0.429691,2
20260722-152454:m09191,20260722-152454,1,2026-07-22T14:19:30.722479Z,82010,leash,97,96195,1,1044525,6553,Anger Manifestation,SimpleChar:798915B3,3,62d6b19495b97720,3408.20361,9.01,887.275085,3407.52979,9.51,883.322815,1.053501,2
20260722-152454:m09196,20260722-152454,1,2026-07-22T14:19:31.775980Z,82108,leash,97,96195,1,1044525,6553,Anger Manifestation,SimpleChar:798915B3,3,aca5b3a877643762,3407.68384,9.01,884.229614,3407.91284,9.01,878.587097,1.307415,2
20260722-152454:m09204,20260722-152454,1,2026-07-22T14:19:33.083395Z,82159,leash,97,96195,1,1044525,6553,Anger Manifestation,SimpleChar:798915B3,3,ef763171b013c3f1,3407.87646,9.01,879.48938,3409.81396,9.51,871.361633,2.460779,2
20260722-152454:m09213,20260722-152454,1,2026-07-22T14:19:35.544174Z,82237,leash,97,96195,1,1044525,6553,Anger Manifestation,SimpleChar:798915B3,3,02f73014a370468c,3410.50537,9.01,872.539246,3416.76587,9.645,860.27124,1.976981,2
20260722-152454:m09222,20260722-152454,1,2026-07-22T14:19:37.521155Z,82287,leash,97,96195,1,1044525,6553,Anger Manifestation,SimpleChar:798915B3,3,0dfa3fdb18599988,3414.62354,9.01,865.936646,3423.7522,10.5511,853.931335,3.090009,2
20260722-152454:m09237,20260722-152454,1,2026-07-22T14:19:40.611164Z,82406,leash,97,96195,1,1044525,6553,Anger Manifestation,SimpleChar:798915B3,3,90f7b89011db65d6,3423.21167,9.145,854.607849,3425.69531,9.645,846.156982,0,2
20260722-152454:m03499,20260722-152454,1,2026-07-22T13:47:04.962374Z,37969,leash,95,96056,2,1044525,6553,Bureaucrat Worker,SimpleChar:798915B6,1,def760392cbc5462,3345.15869,4.779715,662.604858,3348.70166,5.353428,662.656616,0.886079,2
20260722-152454:m03502,20260722-152454,1,2026-07-22T13:47:05.848453Z,38005,leash,95,96056,2,1044525,6553,Bureaucrat Worker,SimpleChar:798915B6,1,0c88bb85bbadd0f7,3347.81348,5.377041,662.64386,3353.55298,4.222134,664.704163,19.430414,2
20260722-152454:m03520,20260722-152454,1,2026-07-22T13:47:25.278867Z,38714,leash,95,96056,2,1044525,6553,Bureaucrat Worker,SimpleChar:798915B6,1,b207a99f26550b22,3367.52295,2.331942,670.187927,3370.91235,2.91,672.174438,13.532839,2
20260722-152454:m03538,20260722-152454,1,2026-07-22T13:47:38.811706Z,39141,leash,95,96056,2,1044525,6553,Bureaucrat Worker,SimpleChar:798915B6,1,334e80decc1454a5,3386.86743,2.11,679.40802,3387.21582,3.190574,683.656982,1.148618,2
20260722-152454:m03541,20260722-152454,1,2026-07-22T13:47:39.960324Z,39178,leash,95,96056,2,1044525,6553,Bureaucrat Worker,SimpleChar:798915B6,1,cbb6aa07a0c63294,3387.14575,2.11,682.80481,3391.56958,3.286428,688.735962,1.676429,2
20260722-152454:m03546,20260722-152454,1,2026-07-22T13:47:41.636753Z,39252,leash,95,96056,2,1044525,6553,Bureaucrat Worker,SimpleChar:798915B6,1,76657d6199bea0d0,3391.06763,2.11,688.0625,3400.448,2.61,689.720886,1.850258,2
20260722-152454:m03550,20260722-152454,1,2026-07-22T13:47:43.487011Z,39323,leash,95,96056,2,1044525,6553,Bureaucrat Worker,SimpleChar:798915B6,1,a523bf85b191e660,3398.3208,2.11,689.34491,3410.41553,2.61,687.980774,2.360618,2
20260722-152454:m03553,20260722-152454,1,2026-07-22T13:47:45.847629Z,39477,leash,95,96056,2,1044525,6553,Bureaucrat Worker,SimpleChar:798915B6,1,7534ff2263c4f5ee,3409.43823,2.11,688.116516,3413.71191,2.61,691.218933,21.737124,2
20260722-152454:m03568,20260722-152454,1,2026-07-22T13:48:07.584753Z,40010,leash,95,96056,2,1044525,6553,Bureaucrat Worker,SimpleChar:798915B6,1,f51cc38d5785d6c4,3428.43311,2.11,667.295349,3428.74072,2.61,670.33252,0.802904,2
20260722-152454:m03571,20260722-152454,1,2026-07-22T13:48:08.387657Z,40050,leash,95,96056,2,1044525,6553,Bureaucrat Worker,SimpleChar:798915B6,1,42ce7212d701b015,3428.6438,2.11,669.37561,3431.61743,2.966977,672.899414,1.17154,2
20260722-152454:m03574,20260722-152454,1,2026-07-22T13:48:09.559197Z,40077,leash,95,96056,2,1044525,6553,Bureaucrat Worker,SimpleChar:798915B6,1,a53ebec5c20514cc,3431.10205,2.11,672.288147,3438.06763,2.61,675.748108,1.658542,2
20260722-152454:m03577,20260722-152454,1,2026-07-22T13:48:11.217739Z,40179,leash,95,96056,2,1044525,6553,Bureaucrat Worker,SimpleChar:798915B6,1,af17d6a1ff212ed6,3437.28955,2.11,675.361755,3443.28931,3.190677,679.683777,1.601845,2
20260722-152454:m03580,20260722-152454,1,2026-07-22T13:48:12.819584Z,40207,leash,95,96056,2,1044525,6553,Bureaucrat Worker,SimpleChar:798915B6,1,8ab76bb753fcf903,3442.51953,2.11,679.129272,3449.41602,2.61,688.010132,2.1602,2
20260722-152454:m03583,20260722-152454,1,2026-07-22T13:48:14.979784Z,40233,leash,95,96056,2,1044525,6553,Bureaucrat Worker,SimpleChar:798915B6,1,8395e0d2fb6f24b3,3447.97632,2.11,686.155823,3460.10083,2.61,692.127869,34.615356,2
20260722-152454:m03605,20260722-152454,1,2026-07-22T13:48:49.595140Z,41008,leash,95,96056,2,1044525,6553,Bureaucrat Worker,SimpleChar:798915B6,1,efd6eec715182412,3486.63525,2.11,693.972656,3489.46533,2.61,693.018494,0.620298,2
20260722-152454:m03607,20260722-152454,1,2026-07-22T13:48:50.215438Z,41029,leash,95,96056,2,1044525,6553,Bureaucrat Worker,SimpleChar:798915B6,1,ed0450e47d02a6a7,3488.64307,2.11,693.295654,3493.65771,2.61,693.07019,1.292706,2
20260722-152454:m03611,20260722-152454,1,2026-07-22T13:48:51.508144Z,41075,leash,95,96056,2,1044525,6553,Bureaucrat Worker,SimpleChar:798915B6,1,692adc0aab1ce8c9,3492.77686,2.11,693.109802,3499.97705,2.61,693.504089,1.860045,2
20260722-152454:m03616,20260722-152454,1,2026-07-22T13:48:53.368189Z,41130,leash,95,96056,2,1044525,6553,Bureaucrat Worker,SimpleChar:798915B6,1,e9be652338a325a7,3499.07837,2.11,693.454895,3504.33081,2.61,693.722778,7.780077,2
20260722-152454:m03622,20260722-152454,1,2026-07-22T13:49:01.148266Z,41300,leash,95,96056,2,1044525,6553,Bureaucrat Worker,SimpleChar:798915B6,1,adc6649ed58da585,3505.10571,2.11,691.935059,3511.02466,2.61,692.175171,32.589911,2
20260722-152454:m03654,20260722-152454,1,2026-07-22T13:49:33.738177Z,42276,leash,95,96056,2,1044525,6553,Bureaucrat Worker,SimpleChar:798915B6,1,3f5f43a68415f458,3556.16846,2.11,691.877686,3560.22314,2.61,692.278076,13.799196,2
20260722-152454:m03672,20260722-152454,1,2026-07-22T13:49:47.537373Z,42782,leash,95,96056,2,1044525,6553,Bureaucrat Worker,SimpleChar:798915B6,1,1fad21beb01e2249,3560.39941,2.11,664.927185,3563.29785,2.61,665.723267,0.470238,2
20260722-152454:m03675,20260722-152454,1,2026-07-22T13:49:48.007611Z,42792,leash,95,96056,2,1044525,6553,Bureaucrat Worker,SimpleChar:798915B6,1,2fecc17f2c728b40,3562.40479,2.11,665.477905,3566.81445,2.61,666.223938,1.081117,2
20260722-152454:m03678,20260722-152454,1,2026-07-22T13:49:49.088728Z,42809,leash,95,96056,2,1044525,6553,Bureaucrat Worker,SimpleChar:798915B6,1,9565daa9737e7db8,3565.9646,2.11,666.080078,3569.06714,2.61,670.791809,1.321645,2
20260722-152454:m03681,20260722-152454,1,2026-07-22T13:49:50.410373Z,42830,leash,95,96056,2,1044525,6553,Bureaucrat Worker,SimpleChar:798915B6,1,1a7a744896ef507a,3568.53223,2.11,669.979004,3573.25488,2.940551,676.31488,2.151122,2
20260722-152454:m03684,20260722-152454,1,2026-07-22T13:49:52.561495Z,42863,leash,95,96056,2,1044525,6553,Bureaucrat Worker,SimpleChar:798915B6,1,2259567bef29f9e5,3572.69409,2.11,675.562622,3576.63599,3.348501,683.860168,1.100058,2
20260722-152454:m03686,20260722-152454,1,2026-07-22T13:49:53.661553Z,42889,leash,95,96056,2,1044525,6553,Bureaucrat Worker,SimpleChar:798915B6,1,17c6d02897bfecb6,3575.3584,2.86211,681.188538,3582.82275,3.206777,689.873535,1.840949,2
20260722-152454:m03690,20260722-152454,1,2026-07-22T13:49:55.502502Z,42954,leash,95,96056,2,1044525,6553,Bureaucrat Worker,SimpleChar:798915B6,1,45b5b0cf7441f1a9,3581.09106,2.96448,688.000061,3589.90479,2.61,696.552734,551.685277,2
20260722-152454:m07274,20260722-152454,1,2026-07-22T13:59:07.187779Z,53116,leash,95,96056,2,1044525,6553,Bureaucrat Worker,SimpleChar:798915B6,1,4845f6af3f2d6379,3547.60254,5.110001,862.999268,3550.43384,5.610001,861.068481,0.811945,2
20260722-152454:m07278,20260722-152454,1,2026-07-22T13:59:07.999724Z,53158,leash,95,96056,2,1044525,6553,Bureaucrat Worker,SimpleChar:798915B6,1,bd1ac1298552fbaf,3549.60938,5.110001,861.630798,3554.60547,5.610001,861.141418,1.17928,2
20260722-152454:m07286,20260722-152454,1,2026-07-22T13:59:09.179004Z,53264,leash,95,96056,2,1044525,6553,Bureaucrat Worker,SimpleChar:798915B6,1,ce5ee004468f2107,3553.73389,5.110001,861.226746,3560.76367,6.034849,858.937927,223.554844,2
20260722-152454:m07657,20260722-152454,1,2026-07-22T14:02:52.733848Z,59748,leash,95,96056,2,1044525,6553,Bureaucrat Worker,SimpleChar:798915B6,1,ca69b73ba9229c94,3361.95337,2.11,605.569153,3367.44873,2.61,601.453003,3.533653,2
20260722-152454:m07663,20260722-152454,1,2026-07-22T14:02:56.267501Z,59837,leash,95,96056,2,1044525,6553,Bureaucrat Worker,SimpleChar:798915B6,1,15707e08f94cd82f,3371.56714,2.11,594.641296,3378.98071,2.61,588.644043,142.304074,2
20260722-152454:m07868,20260722-152454,1,2026-07-22T14:05:18.571575Z,63610,leash,95,96056,2,1044525,6553,Bureaucrat Worker,SimpleChar:798915B6,1,23e9756b9855313b,3566.198,0.01,404.486115,3569.62305,0.51,406.217468,1.9905,2
20260722-152454:m07875,20260722-152454,1,2026-07-22T14:05:20.562075Z,63707,leash,95,96056,2,1044525,6553,Bureaucrat Worker,SimpleChar:798915B6,1,8fcf7f2507f34d5c,3572.63232,0.01,405.402679,3580.59375,0.51,407.916382,25.473691,2
20260722-152454:m07898,20260722-152454,1,2026-07-22T14:05:46.035766Z,64146,leash,95,96056,2,1044525,6553,Bureaucrat Worker,SimpleChar:798915B6,1,eeb88dc6e62793b2,3587.87695,0.01,405.215118,3590.6377,0.51,406.064423,174.382662,2
20260722-152454:m07975,20260722-152454,1,2026-07-22T14:08:40.418428Z,66336,leash,95,96056,2,1044525,6553,Bureaucrat Worker,SimpleChar:798915B6,1,a1a11dc51ca10d15,3643.20752,0.01,392.331329,3646.60742,0.51,394.721497,8.263738,2
20260722-152454:m07990,20260722-152454,1,2026-07-22T14:08:48.682166Z,66632,leash,95,96056,2,1044525,6553,Bureaucrat Worker,SimpleChar:798915B6,1,a738e92d920d9b18,3675.81421,0.320535,388.286224,3682.10864,2.973865,393.082947,1.722018,2
20260722-152454:m07993,20260722-152454,1,2026-07-22T14:08:50.404184Z,66711,leash,95,96056,2,1044525,6553,Bureaucrat Worker,SimpleChar:798915B6,1,abe744a454c61036,3681.42798,1.225692,392.439972,3680.29102,4.840981,400.928406,2.059579,2
20260722-152454:m07996,20260722-152454,1,2026-07-22T14:08:52.463763Z,66740,leash,95,96056,2,1044525,6553,Bureaucrat Worker,SimpleChar:798915B6,1,ed04748b778012c3,3680.26807,3.96809,398.871002,3677.9856,3.887893,409.341644,1.270135,2
20260722-152454:m07999,20260722-152454,1,2026-07-22T14:08:53.733898Z,66744,leash,95,96056,2,1044525,6553,Bureaucrat Worker,SimpleChar:798915B6,1,5045ba022d07a3c8,3678.20044,3.898574,407.100708,3673.74536,4.705157,416.428131,49.36361,2
20260722-152454:m08058,20260722-152454,1,2026-07-22T14:09:43.097508Z,67653,leash,95,96056,2,1044525,6553,Bureaucrat Worker,SimpleChar:798915B6,1,1dc3037b088e3e36,3570.78198,2.11,528.416992,3569.771,2.61,532.316345,0.921491,2
20260722-152454:m08062,20260722-152454,1,2026-07-22T14:09:44.018999Z,67676,leash,95,96056,2,1044525,6553,Bureaucrat Worker,SimpleChar:798915B6,1,e79582cc1d031693,3570.00586,2.11,531.411743,3568.39014,2.466189,535.892761,1.179115,2
20260722-152454:m08063,20260722-152454,1,2026-07-22T14:09:45.198114Z,67728,leash,95,96056,2,1044525,6553,Bureaucrat Worker,SimpleChar:798915B6,1,7b818273f74e3ad0,3568.6687,2.11,535.120544,3567.13257,2.301174,537.596619,19.415768,2
20260722-152454:m08068,20260722-152454,1,2026-07-22T14:10:04.613882Z,67885,leash,95,96056,2,1044525,6553,Bureaucrat Worker,SimpleChar:798915B6,1,5af26bf2a97d1350,3567.57202,2.051809,536.888245,3565.83765,2.525039,540.922974,1.397651,2
20260722-152454:m08072,20260722-152454,1,2026-07-22T14:10:06.011533Z,67921,leash,95,96056,2,1044525,6553,Bureaucrat Worker,SimpleChar:798915B6,1,4b60932f0c6d7d21,3566.19165,1.844753,540.099854,3565.6001,2.900973,546.113525,37.100473,2
20260722-152454:m08096,20260722-152454,1,2026-07-22T14:10:43.112006Z,68380,leash,95,96056,2,1044525,6553,Bureaucrat Worker,SimpleChar:798915B6,1,491e87ac7e8bfac4,3560.80176,3.775537,576.580017,3560.02075,3.940632,580.39801,0.933585,2
20260722-152454:m08099,20260722-152454,1,2026-07-22T14:10:44.045591Z,68387,leash,95,96056,2,1044525,6553,Bureaucrat Worker,SimpleChar:798915B6,1,de856c60359dd8b8,3560.21362,3.88827,579.456604,3556.13428,3.72742,582.899841,1.290148,2
20260722-152454:m08102,20260722-152454,1,2026-07-22T14:10:45.335739Z,68410,leash,95,96056,2,1044525,6553,Bureaucrat Worker,SimpleChar:798915B6,1,62fe0d5089d8833f,3556.85327,3.254931,582.292908,3556.93945,2.419003,590.198608,1.944959,2
20260722-152454:m08105,20260722-152454,1,2026-07-22T14:10:47.280698Z,68441,leash,95,96056,2,1044525,6553,Bureaucrat Worker,SimpleChar:798915B6,1,70c108b83e3a0e63,3556.92896,2.85242,589.248474,3553.89966,0.51,598.30542,1.899343,2
20260722-152454:m08109,20260722-152454,1,2026-07-22T14:10:49.180041Z,68458,leash,95,96056,2,1044525,6553,Bureaucrat Worker,SimpleChar:798915B6,1,00e11ed683f3b953,3554.17407,0.198654,597.484619,3555.25806,0.51,601.244507,2.292708,2
20260722-152454:m08113,20260722-152454,1,2026-07-22T14:10:51.472749Z,68485,leash,95,96056,2,1044525,6553,Bureaucrat Worker,SimpleChar:798915B6,1,e465cfa4dc72c9c2,3554.98584,0.01,600.300293,3547.95825,0.816033,619.08844,519.24973,2
20260722-152454:m09193,20260722-152454,1,2026-07-22T14:19:30.722479Z,82012,leash,95,96056,2,1044525,6553,Bureaucrat Worker,SimpleChar:798915B6,1,1671ab5ade676773,3407.78857,9.01,887.335938,3409.39087,9.51,881.769592,9.888685,2
20260722-152454:m09241,20260722-152454,1,2026-07-22T14:19:40.611164Z,82410,leash,95,96056,2,1044525,6553,Bureaucrat Worker,SimpleChar:798915B6,1,8f3fb9bf9f86bd9c,3421.7666,9.145,853.588562,3425.69092,9.645,847.776001,1.806553,2
20260722-152454:m09253,20260722-152454,1,2026-07-22T14:19:42.417717Z,82458,leash,95,96056,2,1044525,6553,Bureaucrat Worker,SimpleChar:798915B6,1,efc7abb1863bc1fe,3425.16943,9.145,848.548401,3429.56152,9.645,852.893921,1.427293,2
20260722-152454:m09259,20260722-152454,1,2026-07-22T14:19:43.845010Z,82501,leash,95,96056,2,1044525,6553,Bureaucrat Worker,SimpleChar:798915B6,1,ee05bb2885e294e2,3428.87256,9.145,852.21228,3437.19678,9.51,853.736023,1.848972,2
20260722-152454:m09266,20260722-152454,1,2026-07-22T14:19:45.693982Z,82624,leash,95,96056,2,1044525,6553,Bureaucrat Worker,SimpleChar:798915B6,1,38ad933d647e789b,3436.27417,9.01,853.5672,3444.00562,9.645,859.83374,1.870399,2
20260722-152454:m09269,20260722-152454,1,2026-07-22T14:19:47.564381Z,82667,leash,95,96056,2,1044525,6553,Bureaucrat Worker,SimpleChar:798915B6,1,ed75d01107dc0f26,3442.12573,9.01,858.310181,3449.16113,9.125915,866.676941,1.631804,2
20260722-152454:m09275,20260722-152454,1,2026-07-22T14:19:49.196185Z,82727,leash,95,96056,2,1044525,6553,Bureaucrat Worker,SimpleChar:798915B6,1,0d253a96d5faa2d2,3447.73438,9.145,865.075806,3454.86572,9.645,875.049622,5.889945,2
20260722-152454:m09292,20260722-152454,1,2026-07-22T14:19:55.086130Z,83065,leash,95,96056,2,1044525,6553,Bureaucrat Worker,SimpleChar:798915B6,1,55ebae7085887b28,3460.67285,9.145,885.729614,3461.54053,9.51,883.451294,0,2
20260722-152454:m03426,20260722-152454,1,2026-07-22T13:45:36.265797Z,34598,leash,95,17649,1,1044525,6553,Engineer Automaton I,SimpleChar:798915BE,1,f2606646d1898a5d,3373.08203,2.379646,667.379272,3377.90845,2.849795,660.699524,89.05083,2
20260722-152454:m03501,20260722-152454,1,2026-07-22T13:47:05.316627Z,37971,leash,95,17649,1,1044525,6553,Engineer Automaton I,SimpleChar:798915BE,1,f98cff4ffc496bb9,3346.08521,4.98818,661.101501,3348.83911,5.404918,663.236389,32.951765,2
20260722-152454:m03537,20260722-152454,1,2026-07-22T13:47:38.268392Z,39112,leash,95,17649,1,1044525,6553,Engineer Automaton I,SimpleChar:798915BE,1,76518bed0292a87c,3387.46411,2.11,678.182373,3388.56738,2.61,681.315613,0.943021,2
20260722-152454:m03540,20260722-152454,1,2026-07-22T13:47:39.211413Z,39149,leash,95,17649,1,1044525,6553,Engineer Automaton I,SimpleChar:798915BE,1,6df6586c9f5951c2,3388.24878,2.11,680.411316,3390.03149,3.130388,684.611206,0.868988,2
20260722-152454:m03542,20260722-152454,1,2026-07-22T13:47:40.080401Z,39187,leash,95,17649,1,1044525,6553,Engineer Automaton I,SimpleChar:798915BE,1,6c47bd650b84b8bd,3389.64917,2.11,683.710327,3392.90308,3.264721,686.43927,1.116088,2
20260722-152454:m03544,20260722-152454,1,2026-07-22T13:47:41.196489Z,39230,leash,95,17649,1,1044525,6553,Engineer Automaton I,SimpleChar:798915BE,1,15839849510f5fd9,3392.15088,2.11,685.808411,3399.59888,3.289825,686.452454,1.770128,2
20260722-152454:m03549,20260722-152454,1,2026-07-22T13:47:42.966617Z,39312,leash,95,17649,1,1044525,6553,Engineer Automaton I,SimpleChar:798915BE,1,c86cabc42d7d7e14,3398.61743,2.11,686.367554,3407.24658,3.253965,688.879211,2.250227,2
20260722-152454:m03552,20260722-152454,1,2026-07-22T13:47:45.216844Z,39435,leash,95,17649,1,1044525,6553,Engineer Automaton I,SimpleChar:798915BE,1,7d7136a5abbc394f,3406.37231,2.11,688.624817,3413.06201,2.61,688.4245,8.315255,2
20260722-152454:m03555,20260722-152454,1,2026-07-22T13:47:53.532099Z,39615,leash,95,17649,1,1044525,6553,Engineer Automaton I,SimpleChar:798915BE,1,46c7e8a7427979ae,3412.18237,2.11,688.450806,3415.62939,2.821145,687.802734,0.819968,2
20260722-152454:m03558,20260722-152454,1,2026-07-22T13:47:54.352067Z,39643,leash,95,17649,1,1044525,6553,Engineer Automaton I,SimpleChar:798915BE,1,053269710f981ce1,3414.64722,2.11,687.987305,3418.02197,3.62549,684.693298,13.785973,2
20260722-152454:m03570,20260722-152454,1,2026-07-22T13:48:08.138040Z,40038,leash,95,17649,1,1044525,6553,Engineer Automaton I,SimpleChar:798915BE,1,001e18492f6bd445,3430.22095,2.11,669.82605,3432.99951,3.075237,672.063232,0.783851,2
20260722-152454:m03572,20260722-152454,1,2026-07-22T13:48:08.921891Z,40065,leash,95,17649,1,1044525,6553,Engineer Automaton I,SimpleChar:798915BE,1,2ce8c7a1a01c1b42,3432.34277,2.11,671.534668,3435.52271,3.410999,674.621277,1.285853,2
20260722-152454:m03575,20260722-152454,1,2026-07-22T13:48:10.207744Z,40123,leash,95,17649,1,1044525,6553,Engineer Automaton I,SimpleChar:798915BE,1,7e0824c92154f1d3,3434.8623,2.11,673.980042,3438.94507,2.989727,677.010925,1.210089,2
20260722-152454:m03578,20260722-152454,1,2026-07-22T13:48:11.417833Z,40185,leash,95,17649,1,1044525,6553,Engineer Automaton I,SimpleChar:798915BE,1,c0c48f6bec5c37fc,3438.23193,2.11,676.481506,3446.23291,2.61,680.398743,2.222199,2
20260722-152454:m03581,20260722-152454,1,2026-07-22T13:48:13.640032Z,40214,leash,95,17649,1,1044525,6553,Engineer Automaton I,SimpleChar:798915BE,1,d76795de27a4622f,3445.40015,2.11,679.991089,3450.87402,2.61,689.411133,1.499829,2
20260722-152454:m03584,20260722-152454,1,2026-07-22T13:48:15.139861Z,40247,leash,95,17649,1,1044525,6553,Engineer Automaton I,SimpleChar:798915BE,1,86f660b618b28f3d,3449.44873,2.11,686.958313,3460.85864,2.61,692.544861,15.004986,2
20260722-152454:m03593,20260722-152454,1,2026-07-22T13:48:30.144847Z,40560,leash,95,17649,1,1044525,6553,Engineer Automaton I,SimpleChar:798915BE,1,297dc0da8635a337,3464.51221,2.11,695.174255,3469.20288,2.61,697.551331,20.721458,2
20260722-152454:m03609,20260722-152454,1,2026-07-22T13:48:50.866305Z,41056,leash,95,17649,1,1044525,6553,Engineer Automaton I,SimpleChar:798915BE,1,f8c253ab4e861735,3490.39697,2.11,690.69812,3495.56689,2.61,690.372314,1.252691,2
20260722-152454:m03613,20260722-152454,1,2026-07-22T13:48:52.118996Z,41098,leash,95,17649,1,1044525,6553,Engineer Automaton I,SimpleChar:798915BE,1,2c93370d407a750a,3494.68628,2.11,690.427734,3501.49414,2.61,692.950256,1.821016,2
20260722-152454:m03617,20260722-152454,1,2026-07-22T13:48:53.940012Z,41155,leash,95,17649,1,1044525,6553,Engineer Automaton I,SimpleChar:798915BE,1,40cb1505105c005d,3500.72632,2.11,692.665649,3504.27393,2.61,693.714111,7.418855,2
20260722-152454:m03623,20260722-152454,1,2026-07-22T13:49:01.358867Z,41309,leash,95,17649,1,1044525,6553,Engineer Automaton I,SimpleChar:798915BE,1,e399071680ca76e9,3505.57959,2.11,691.046326,3511.26416,3.073005,689.012207,15.356417,2
20260722-152454:m03636,20260722-152454,1,2026-07-22T13:49:16.715284Z,41797,leash,95,17649,1,1044525,6553,Engineer Automaton I,SimpleChar:798915BE,1,328b4d7bdf55c76b,3526.57886,2.11,677.638855,3528.47974,2.61,681.392273,1.097778,2
20260722-152454:m03639,20260722-152454,1,2026-07-22T13:49:17.813062Z,41887,leash,95,17649,1,1044525,6553,Engineer Automaton I,SimpleChar:798915BE,1,0cfb2cb39100a3ec,3528.05444,2.11,680.551575,3533.36499,2.61,680.19165,1.282316,2
20260722-152454:m03641,20260722-152454,1,2026-07-22T13:49:19.095378Z,41911,leash,95,17649,1,1044525,6553,Engineer Automaton I,SimpleChar:798915BE,1,2b217ba366a2edef,3532.55103,2.11,680.246887,3539.02393,2.61,683.317383,1.972148,2
20260722-152454:m03644,20260722-152454,1,2026-07-22T13:49:21.067526Z,41949,leash,95,17649,1,1044525,6553,Engineer Automaton I,SimpleChar:798915BE,1,916561041658b580,3538.19531,2.11,682.924255,3545.90405,2.61,689.005127,1.499821,2
20260722-152454:m03648,20260722-152454,1,2026-07-22T13:49:22.567347Z,41975,leash,95,17649,1,1044525,6553,Engineer Automaton I,SimpleChar:798915BE,1,13e8daa84a94735e,3544.02295,2.11,687.521362,3554.34546,2.61,693.116455,25.000031,2
20260722-152454:m03674,20260722-152454,1,2026-07-22T13:49:47.567378Z,42791,leash,95,17649,1,1044525,6553,Engineer Automaton I,SimpleChar:798915BE,1,b94dcb5682d4bfed,3561.43311,2.11,665.718872,3563.55493,2.61,666.173706,1.0511,2
20260722-152454:m03676,20260722-152454,1,2026-07-22T13:49:48.618478Z,42807,leash,95,17649,1,1044525,6553,Engineer Automaton I,SimpleChar:798915BE,1,b4164e95608b7dd7,3562.59668,2.11,665.968262,3566.51611,2.61,667.164673,0.803419,2
20260722-152454:m03679,20260722-152454,1,2026-07-22T13:49:49.421897Z,42816,leash,95,17649,1,1044525,6553,Engineer Automaton I,SimpleChar:798915BE,1,b5652274c9a92d95,3565.70459,2.11,666.917053,3568.74707,2.61,672.773987,1.539752,2
20260722-152454:m03682,20260722-152454,1,2026-07-22T13:49:50.961649Z,42838,leash,95,17649,1,1044525,6553,Engineer Automaton I,SimpleChar:798915BE,1,718343dc824769d5,3568.34888,2.11,672.007263,3575.98901,3.280331,678.983276,1.819968,2
20260722-152454:m03685,20260722-152454,1,2026-07-22T13:49:52.781617Z,42871,leash,95,17649,1,1044525,6553,Engineer Automaton I,SimpleChar:798915BE,1,2ce2f38b65058f19,3574.57837,2.592098,677.578735,3580.17993,3.172518,686.427185,2.071052,2
20260722-152454:m03689,20260722-152454,1,2026-07-22T13:49:54.852669Z,42917,leash,95,17649,1,1044525,6553,Engineer Automaton I,SimpleChar:798915BE,1,5cbd332d8cb79708,3579.51123,3.222416,685.273865,3586.55103,3.033711,693.494629,1.920483,2
20260722-152454:m03692,20260722-152454,1,2026-07-22T13:49:56.773152Z,42998,leash,95,17649,1,1044525,6553,Engineer Automaton I,SimpleChar:798915BE,1,3e2cb7cba1e8379a,3585.88135,3.414027,692.766174,3588.40137,2.61,697.253357,550.040958,2
20260722-152454:m07273,20260722-152454,1,2026-07-22T13:59:06.814110Z,53109,leash,95,17649,1,1044525,6553,Engineer Automaton I,SimpleChar:798915BE,1,6ebf661a065f3267,3547.3623,5.110001,864.02887,3549.63867,5.789979,862.585938,0.879015,2
20260722-152454:m07277,20260722-152454,1,2026-07-22T13:59:07.693125Z,53144,leash,95,17649,1,1044525,6553,Engineer Automaton I,SimpleChar:798915BE,1,4324b462eb66e265,3548.83691,5.110001,863.094177,3553.65405,5.887339,861.566528,1.236209,2
20260722-152454:m07285,20260722-152454,1,2026-07-22T13:59:08.929334Z,53262,leash,95,17649,1,1044525,6553,Engineer Automaton I,SimpleChar:798915BE,1,49be08615db478c1,3552.71143,5.110001,861.865479,3560.27368,5.610001,860.790161,221.364572,2
20260722-152454:m07650,20260722-152454,1,2026-07-22T14:02:50.293906Z,59616,leash,95,17649,1,1044525,6553,Engineer Automaton I,SimpleChar:798915BE,1,889d80fe2f731633,3358.94189,3.111331,612.474426,3362.46973,2.680715,612.770325,3.743709,2
20260722-152454:m07659,20260722-152454,1,2026-07-22T14:02:54.037615Z,59792,leash,95,17649,1,1044525,6553,Engineer Automaton I,SimpleChar:798915BE,1,bd3605084268b9fd,3364.67236,2.11,603.132385,3372.7749,2.61,597.57489,146.764556,2
20260722-152454:m07876,20260722-152454,1,2026-07-22T14:05:20.802171Z,63721,leash,95,17649,1,1044525,6553,Engineer Automaton I,SimpleChar:798915BE,1,64dc403b78a5e025,3574.43115,0.01,404.436218,3580.66382,0.51,407.114014,106.647802,2
20260722-152454:m07937,20260722-152454,1,2026-07-22T14:07:07.449973Z,65194,leash,95,17649,1,1044525,6553,Engineer Automaton I,SimpleChar:798915BE,1,78814e7db76b4feb,3603.22095,0.01,395.67157,3607.65942,0.51,397.598816,92.528733,2
20260722-152454:m07974,20260722-152454,1,2026-07-22T14:08:39.978706Z,66323,leash,95,17649,1,1044525,6553,Engineer Automaton I,SimpleChar:798915BE,1,27bfba4d30cbd4ec,3643.27051,0.01,392.28064,3645.08667,0.51,393.469238,9.205217,2
20260722-152454:m07991,20260722-152454,1,2026-07-22T14:08:49.183923Z,66666,leash,95,17649,1,1044525,6553,Engineer Automaton I,SimpleChar:798915BE,1,94c87d44521b41b1,3678.38623,0.522151,389.386047,3681.85327,3.737778,394.743561,1.949628,2
20260722-152454:m07994,20260722-152454,1,2026-07-22T14:08:51.133551Z,66734,leash,95,17649,1,1044525,6553,Engineer Automaton I,SimpleChar:798915BE,1,71349b1b998b9a98,3681.40869,1.863954,393.96344,3679.73218,4.801941,402.87619,1.330212,2
20260722-152454:m07997,20260722-152454,1,2026-07-22T14:08:52.463763Z,66741,leash,95,17649,1,1044525,6553,Engineer Automaton I,SimpleChar:798915BE,1,62ddb877b5803985,3679.73364,4.436378,400.527893,3677.29907,4.168386,411.704651,1.909948,2
20260722-152454:m08000,20260722-152454,1,2026-07-22T14:08:54.373711Z,66746,leash,95,17649,1,1044525,6553,Engineer Automaton I,SimpleChar:798915BE,1,c01929b3109b91dc,3676.67773,3.301893,409.823059,3672.35254,5.466493,419.338745,48.723797,2
20260722-152454:m08059,20260722-152454,1,2026-07-22T14:09:43.097508Z,67654,leash,95,17649,1,1044525,6553,Engineer Automaton I,SimpleChar:798915BE,1,5356d77da8fe7776,3569.35083,2.11,526.784119,3569.33008,2.61,529.91217,0.679865,2
20260722-152454:m08060,20260722-152454,1,2026-07-22T14:09:43.777373Z,67674,leash,95,17649,1,1044525,6553,Engineer Automaton I,SimpleChar:798915BE,1,c2cbb4776aed7e93,3569.33569,2.11,529.0495,3566.37817,2.548404,533.953186,1.420741,2
20260722-152454:m08064,20260722-152454,1,2026-07-22T14:09:45.198114Z,67729,leash,95,17649,1,1044525,6553,Engineer Automaton I,SimpleChar:798915BE,1,ef6801cf11e10a74,3566.79956,2.02297,533.254578,3565.34155,2.301174,537.19873,19.415267,2
20260722-152454:m08067,20260722-152454,1,2026-07-22T14:10:04.613381Z,67878,leash,95,17649,1,1044525,6553,Engineer Automaton I,SimpleChar:798915BE,1,0853165e34c3c9fc,3565.67505,1.916325,536.297424,3565.22876,2.462857,539.99231,0.833894,2
20260722-152454:m08069,20260722-152454,1,2026-07-22T14:10:05.447275Z,67902,leash,95,17649,1,1044525,6553,Engineer Automaton I,SimpleChar:798915BE,1,4938728bd03263a7,3565.33716,1.71658,539.09729,3568.85474,2.653726,543.773376,37.664731,2
20260722-152454:m08097,20260722-152454,1,2026-07-22T14:10:43.112006Z,68381,leash,95,17649,1,1044525,6553,Engineer Automaton I,SimpleChar:798915BE,1,a13951b9325edfeb,3561.27002,3.848706,577.872681,3559.84741,3.931916,580.014343,0.693952,2
20260722-152454:m08098,20260722-152454,1,2026-07-22T14:10:43.805958Z,68386,leash,95,17649,1,1044525,6553,Engineer Automaton I,SimpleChar:798915BE,1,b9b02ce54a9d7049,3560.30054,3.885437,579.331909,3557.82788,3.848754,582.645264,1.084573,2
20260722-152454:m08101,20260722-152454,1,2026-07-22T14:10:44.890531Z,68409,leash,95,17649,1,1044525,6553,Engineer Automaton I,SimpleChar:798915BE,1,12814accf564e381,3558.29639,3.562223,582.017273,3556.47778,3.254779,587.708923,1.533208,2
20260722-152454:m08104,20260722-152454,1,2026-07-22T14:10:46.423739Z,68422,leash,95,17649,1,1044525,6553,Engineer Automaton I,SimpleChar:798915BE,1,e170615f6b5363e5,3556.72241,3.481552,586.943665,3553.74121,1.387725,593.42157,1.5903,2
20260722-152454:m08107,20260722-152454,1,2026-07-22T14:10:48.014039Z,68452,leash,95,17649,1,1044525,6553,Engineer Automaton I,SimpleChar:798915BE,1,c14172a96dd692f5,3554.11328,1.303384,592.61322,3552.26172,0.51,599.809143,2.408631,2
20260722-152454:m08110,20260722-152454,1,2026-07-22T14:10:50.422670Z,68466,leash,95,17649,1,1044525,6553,Engineer Automaton I,SimpleChar:798915BE,1,e799ec4f25848fa6,3552.46924,0.084881,599.001587,3554.94946,0.51,602.029297,1.050079,2
20260722-152454:m08114,20260722-152454,1,2026-07-22T14:10:51.472749Z,68486,leash,95,17649,1,1044525,6553,Engineer Automaton I,SimpleChar:798915BE,1,1a9f901bda6672a7,3554.29712,0.01,601.232971,3547.79077,0.816033,619.225525,519.24973,2
20260722-152454:m09190,20260722-152454,1,2026-07-22T14:19:30.722479Z,82009,leash,95,17649,1,1044525,6553,Engineer Automaton I,SimpleChar:798915BE,1,74b129bed3f0a5a5,3408.17627,9.01,888.318726,3409.22046,9.51,883.345764,6.798676,2
20260722-152454:m09225,20260722-152454,1,2026-07-22T14:19:37.521155Z,82290,leash,95,17649,1,1044525,6553,Engineer Automaton I,SimpleChar:798915BE,1,28a509708e4d94fb,3412.39136,9.01,868.792847,3424.89014,10.54747,853.55304,3.701297,2
20260722-152454:m09246,20260722-152454,1,2026-07-22T14:19:41.222452Z,82426,leash,95,17649,1,1044525,6553,Engineer Automaton I,SimpleChar:798915BE,1,764bd4266a495ebe,3424.26929,9.145,854.289063,3427.99561,9.645,849.25,1.632483,2
20260722-152454:m09255,20260722-152454,1,2026-07-22T14:19:42.854935Z,82472,leash,95,17649,1,1044525,6553,Engineer Automaton I,SimpleChar:798915BE,1,bdf0bcee606a17ed,3427.47095,9.145,849.959351,3431.23145,9.145,852.108154,0.990075,2
20260722-152454:m09260,20260722-152454,1,2026-07-22T14:19:43.845010Z,82502,leash,95,17649,1,1044525,6553,Engineer Automaton I,SimpleChar:798915BE,1,e19eb532514bd4d3,3430.39673,9.145,851.631226,3435.79761,9.51,855.670349,1.848972,2
20260722-152454:m09265,20260722-152454,1,2026-07-22T14:19:45.693982Z,82623,leash,95,17649,1,1044525,6553,Engineer Automaton I,SimpleChar:798915BE,1,716e86e1d23df6b7,3435.05493,9.01,855.114929,3444.04858,9.645,858.299194,2.150546,2
20260722-152454:m09271,20260722-152454,1,2026-07-22T14:19:47.844528Z,82683,leash,95,17649,1,1044525,6553,Engineer Automaton I,SimpleChar:798915BE,1,5bb2eddafba82fc6,3442.7124,9.01,856.885681,3450.85718,9.645,868.101318,0,2
20260722-152454:m03128,20260722-152454,1,2026-07-22T13:42:29.749952Z,29314,leash,25,17657,5,1044525,6553,Garbage Flea,SimpleChar:798915C2,2,a9e0667902a2986a,3425.84302,0.01,873.437012,3426.30786,0.01,875.57782,0,2
20260722-152454:m09056,20260722-152454,1,2026-07-22T14:18:40.194246Z,79998,leash,25,17657,5,1044525,6553,Garbage Flea,SimpleChar:798917F5,2,33a12be422ea949e,3425.7439,0.01,878.33136,3425.07935,0.01,880.74823,0.625816,2
20260722-152454:m09058,20260722-152454,1,2026-07-22T14:18:40.820062Z,80128,leash,25,17657,5,1044525,6553,Garbage Flea,SimpleChar:798917F5,2,3aff2b6463dda241,3425.68384,0.01,878.928406,3426.5625,0.01,882.42749,0,2
