CapturedUtc,Sequence,LiveIdentity,Name,StartX,StartY,StartZ,EndX,EndY,EndZ,RouteResult,PromotedObservationIds,IntervalSincePreviousSeconds,ExpectedCapturedDelaySeconds,TimingResult
2026-07-31T08:52:30.733474Z,1,SimpleChar:000F4270,ICC Peacekeeper,3410.7229,3.39299989,773.750977,3409.90698,4.69700003,778.801025,live_identity_metadata_unresolved,,,,not_comparable
2026-07-31T08:52:30.757493Z,2,SimpleChar:000F4270,ICC Peacekeeper,3409.90698,4.69700003,778.801025,3413.10205,4.96099997,782.013977,live_identity_metadata_unresolved,,0.024019,,not_comparable
2026-07-31T08:52:30.757493Z,3,SimpleChar:000F4270,ICC Peacekeeper,3413.10205,4.96099997,782.013977,3416.90308,5.03200006,782.054993,live_identity_metadata_unresolved,,0.000000,,not_comparable
2026-07-31T08:52:30.757493Z,4,SimpleChar:000F4270,ICC Peacekeeper,3416.90308,5.03200006,782.054993,3421.4541,5.11000013,781.221008,live_identity_metadata_unresolved,,0.000000,,not_comparable
2026-07-31T08:52:30.757493Z,5,SimpleChar:000F4270,ICC Peacekeeper,3421.4541,5.11000013,781.221008,3422.51196,5.11000013,781.172974,live_identity_metadata_unresolved,,0.000000,,not_comparable
2026-07-31T08:52:30.757493Z,6,SimpleChar:000F4270,ICC Peacekeeper,3422.51196,5.11000013,781.172974,3426.89209,5.11000013,781.125,live_identity_metadata_unresolved,,0.000000,,not_comparable
2026-07-31T08:52:30.757493Z,7,SimpleChar:000F4270,ICC Peacekeeper,3426.89209,5.11000013,781.125,3435.73511,5.11000013,780.870972,live_identity_metadata_unresolved,,0.000000,,not_comparable
2026-07-31T08:52:30.757493Z,8,SimpleChar:000F4270,ICC Peacekeeper,3435.73511,5.11000013,780.870972,3439.74707,4.80999994,781.018982,live_identity_metadata_unresolved,,0.000000,,not_comparable
2026-07-31T08:52:30.757493Z,9,SimpleChar:000F4270,ICC Peacekeeper,3439.74707,4.80999994,781.018982,3446.07397,4.80999994,780.16803,live_identity_metadata_unresolved,,0.000000,,not_comparable
2026-07-31T08:52:30.757493Z,10,SimpleChar:000F4270,ICC Peacekeeper,3446.07397,4.80999994,780.16803,3430.72192,3.00999999,768.148987,live_identity_metadata_unresolved,,0.000000,,not_comparable
2026-07-31T08:52:30.757493Z,11,SimpleChar:000F4270,ICC Peacekeeper,3430.72192,3.00999999,768.148987,3422.93188,3.00999999,766.849976,live_identity_metadata_unresolved,,0.000000,,not_comparable
2026-07-31T08:52:30.757493Z,12,SimpleChar:000F4270,ICC Peacekeeper,3422.93188,3.00999999,766.849976,3415.63599,3.00999999,769.05603,live_identity_metadata_unresolved,,0.000000,,not_comparable
2026-07-31T08:52:30.757493Z,13,SimpleChar:000F4270,ICC Peacekeeper,3415.63599,3.00999999,769.05603,3410.7229,3.39299989,773.750977,live_identity_metadata_unresolved,,0.000000,,not_comparable
2026-07-31T08:52:33.155068Z,16,SimpleChar:000F426E,ICC Peacekeeper,3399.39111,9.32999992,801.210022,3403.46997,9.01000023,803.08197,live_identity_metadata_unresolved,,,,not_comparable
2026-07-31T08:52:33.155068Z,17,SimpleChar:000F426E,ICC Peacekeeper,3403.46997,9.01000023,803.08197,3410.12891,9.01000023,802.544006,live_identity_metadata_unresolved,,0.000000,,not_comparable
2026-07-31T08:52:33.155068Z,18,SimpleChar:000F426E,ICC Peacekeeper,3410.12891,9.01000023,802.544006,3414.69702,9.01000023,807.255005,live_identity_metadata_unresolved,,0.000000,,not_comparable
2026-07-31T08:52:33.155068Z,19,SimpleChar:000F426E,ICC Peacekeeper,3414.69702,9.01000023,807.255005,3405.30298,9.01000023,806.513977,live_identity_metadata_unresolved,,0.000000,,not_comparable
2026-07-31T08:52:33.155068Z,20,SimpleChar:000F426E,ICC Peacekeeper,3405.30298,9.01000023,806.513977,3399.95996,9.03100014,805.98999,live_identity_metadata_unresolved,,0.000000,,not_comparable
2026-07-31T08:52:33.155068Z,21,SimpleChar:000F426E,ICC Peacekeeper,3399.95996,9.03100014,805.98999,3396.375,10.9130001,805.544006,live_identity_metadata_unresolved,,0.000000,,not_comparable
2026-07-31T08:52:33.155068Z,22,SimpleChar:000F426E,ICC Peacekeeper,3396.375,10.9130001,805.544006,3393.54395,12.2150002,803.781982,live_identity_metadata_unresolved,,0.000000,,not_comparable
2026-07-31T08:52:33.155068Z,23,SimpleChar:000F426E,ICC Peacekeeper,3393.54395,12.2150002,803.781982,3389.948,13.6999998,803.258972,live_identity_metadata_unresolved,,0.000000,,not_comparable
2026-07-31T08:52:33.155068Z,24,SimpleChar:000F426E,ICC Peacekeeper,3389.948,13.6999998,803.258972,3385.9021,15.7229996,803.281006,live_identity_metadata_unresolved,,0.000000,,not_comparable
2026-07-31T08:52:33.156068Z,25,SimpleChar:000F426E,ICC Peacekeeper,3385.9021,15.7229996,803.281006,3384.125,15.7810001,806.142029,live_identity_metadata_unresolved,,0.001000,,not_comparable
2026-07-31T08:52:33.156068Z,26,SimpleChar:000F426E,ICC Peacekeeper,3384.125,15.7810001,806.142029,3383.28906,15.7810001,809.822998,live_identity_metadata_unresolved,,0.000000,,not_comparable
2026-07-31T08:52:33.156068Z,27,SimpleChar:000F426E,ICC Peacekeeper,3383.28906,15.7810001,809.822998,3378.2439,17.1100006,814.338989,live_identity_metadata_unresolved,,0.000000,,not_comparable
2026-07-31T08:52:33.156068Z,28,SimpleChar:000F426E,ICC Peacekeeper,3378.2439,17.1100006,814.338989,3378.23706,17.1100006,812.47998,live_identity_metadata_unresolved,,0.000000,,not_comparable
2026-07-31T08:52:33.156068Z,29,SimpleChar:000F426E,ICC Peacekeeper,3378.23706,17.1100006,812.47998,3378.64795,17.1100006,808.104004,live_identity_metadata_unresolved,,0.000000,,not_comparable
2026-07-31T08:52:33.156068Z,30,SimpleChar:000F426E,ICC Peacekeeper,3378.64795,17.1100006,808.104004,3379.23608,17.1100006,802.273987,live_identity_metadata_unresolved,,0.000000,,not_comparable
2026-07-31T08:52:33.156068Z,31,SimpleChar:000F426E,ICC Peacekeeper,3379.23608,17.1100006,802.273987,3381.99292,15.0179996,800.572998,live_identity_metadata_unresolved,,0.000000,,not_comparable
2026-07-31T08:52:33.156068Z,32,SimpleChar:000F426E,ICC Peacekeeper,3381.99292,15.0179996,800.572998,3381.95898,15.0530005,793.69397,live_identity_metadata_unresolved,,0.000000,,not_comparable
2026-07-31T08:52:33.156068Z,33,SimpleChar:000F426E,ICC Peacekeeper,3381.95898,15.0530005,793.69397,3383.9751,15.7810001,801.231995,live_identity_metadata_unresolved,,0.000000,,not_comparable
2026-07-31T08:52:33.156068Z,34,SimpleChar:000F426E,ICC Peacekeeper,3383.9751,15.7810001,801.231995,3386.4519,15.3920002,801.755981,live_identity_metadata_unresolved,,0.000000,,not_comparable
2026-07-31T08:52:33.156068Z,35,SimpleChar:000F426E,ICC Peacekeeper,3386.4519,15.3920002,801.755981,3389.78003,13.7840004,801.335022,live_identity_metadata_unresolved,,0.000000,,not_comparable
2026-07-31T08:52:33.156068Z,36,SimpleChar:000F426E,ICC Peacekeeper,3389.78003,13.7840004,801.335022,3392.58301,12.6479998,802.104004,live_identity_metadata_unresolved,,0.000000,,not_comparable
2026-07-31T08:52:33.156068Z,37,SimpleChar:000F426E,ICC Peacekeeper,3392.58301,12.6479998,802.104004,3399.39111,9.32999992,801.210022,live_identity_metadata_unresolved,,0.000000,,not_comparable
2026-07-31T08:52:33.156068Z,38,SimpleChar:000F426F,ICC Peacekeeper,3453.88184,3.91000009,784.616638,3456.63599,4.85769892,786.449463,live_identity_metadata_unresolved,,,,not_comparable
2026-07-31T08:52:33.168084Z,39,SimpleChar:000F4270,ICC Peacekeeper,3411.87207,3.91000009,772.811707,3409.90723,4.69720316,778.801086,live_identity_metadata_unresolved,,2.410591,,not_comparable
2026-07-31T08:52:34.306428Z,40,SimpleChar:000F42CF,Garbage Flea,3450.06079,0.00999999978,811.950928,3448.83936,0.484349996,827.203064,live_identity_metadata_unresolved,,,,not_comparable
2026-07-31T08:52:34.318454Z,41,SimpleChar:000F42D0,Garbage Flea,3453.76416,0.00999999978,847.567322,3454.35864,0.892165005,841.742859,live_identity_metadata_unresolved,,,,not_comparable
2026-07-31T08:52:35.577377Z,43,SimpleChar:000F426E,ICC Peacekeeper,3397.94287,10.1048613,801.337341,3403.46973,9.01033878,803.082397,live_identity_metadata_unresolved,,2.421309,,not_comparable
2026-07-31T08:52:36.846542Z,46,SimpleChar:000F42D5,Garbage Flea,3424.00513,0.00999999978,861.809204,3422.72876,0.00999999978,875.664856,exact_promoted_route,m08423,,,not_comparable
2026-07-31T08:52:37.375510Z,48,SimpleChar:000F4300,Garbage Flea,3448.80078,0.00999999978,831.855774,3450.31641,0.873831987,817.162231,live_identity_metadata_unresolved,,,,not_comparable
2026-07-31T08:52:38.055981Z,51,SimpleChar:000F426F,ICC Peacekeeper,3455.58008,4.37382221,785.937927,3464.06104,8.16528893,786.873718,live_identity_metadata_unresolved,,4.899913,,not_comparable
2026-07-31T08:52:38.069995Z,52,SimpleChar:000F4270,ICC Peacekeeper,3410.7229,3.39299989,773.750977,3409.90698,4.69700003,778.801025,live_identity_metadata_unresolved,,4.901911,,not_comparable
2026-07-31T08:52:38.069995Z,53,SimpleChar:000F4270,ICC Peacekeeper,3409.90698,4.69700003,778.801025,3413.10205,4.96099997,782.013977,live_identity_metadata_unresolved,,0.000000,,not_comparable
2026-07-31T08:52:38.069995Z,54,SimpleChar:000F4270,ICC Peacekeeper,3413.10205,4.96099997,782.013977,3416.90308,5.03200006,782.054993,live_identity_metadata_unresolved,,0.000000,,not_comparable
2026-07-31T08:52:38.069995Z,55,SimpleChar:000F4270,ICC Peacekeeper,3416.90308,5.03200006,782.054993,3421.4541,5.11000013,781.221008,live_identity_metadata_unresolved,,0.000000,,not_comparable
2026-07-31T08:52:38.069995Z,56,SimpleChar:000F4270,ICC Peacekeeper,3421.4541,5.11000013,781.221008,3422.51196,5.11000013,781.172974,live_identity_metadata_unresolved,,0.000000,,not_comparable
2026-07-31T08:52:38.069995Z,57,SimpleChar:000F4270,ICC Peacekeeper,3422.51196,5.11000013,781.172974,3426.89209,5.11000013,781.125,live_identity_metadata_unresolved,,0.000000,,not_comparable
2026-07-31T08:52:38.069995Z,58,SimpleChar:000F4270,ICC Peacekeeper,3426.89209,5.11000013,781.125,3435.73511,5.11000013,780.870972,live_identity_metadata_unresolved,,0.000000,,not_comparable
2026-07-31T08:52:38.069995Z,59,SimpleChar:000F4270,ICC Peacekeeper,3435.73511,5.11000013,780.870972,3439.74707,4.80999994,781.018982,live_identity_metadata_unresolved,,0.000000,,not_comparable
2026-07-31T08:52:38.069995Z,60,SimpleChar:000F4270,ICC Peacekeeper,3439.74707,4.80999994,781.018982,3446.07397,4.80999994,780.16803,live_identity_metadata_unresolved,,0.000000,,not_comparable
2026-07-31T08:52:38.069995Z,61,SimpleChar:000F4270,ICC Peacekeeper,3446.07397,4.80999994,780.16803,3430.72192,3.00999999,768.148987,live_identity_metadata_unresolved,,0.000000,,not_comparable
2026-07-31T08:52:38.069995Z,62,SimpleChar:000F4270,ICC Peacekeeper,3430.72192,3.00999999,768.148987,3422.93188,3.00999999,766.849976,live_identity_metadata_unresolved,,0.000000,,not_comparable
2026-07-31T08:52:38.069995Z,63,SimpleChar:000F4270,ICC Peacekeeper,3422.93188,3.00999999,766.849976,3415.63599,3.00999999,769.05603,live_identity_metadata_unresolved,,0.000000,,not_comparable
2026-07-31T08:52:38.069995Z,64,SimpleChar:000F4270,ICC Peacekeeper,3415.63599,3.00999999,769.05603,3410.7229,3.39299989,773.750977,live_identity_metadata_unresolved,,0.000000,,not_comparable
2026-07-31T08:52:39.660201Z,68,SimpleChar:000F42FE,Garbage Flea,3422.6521,0.00999999978,820.002197,3423.99512,0.00999999978,855.873901,live_identity_metadata_unresolved,,,,not_comparable
2026-07-31T08:52:40.272469Z,69,SimpleChar:000F426E,ICC Peacekeeper,3399.39111,9.32999992,801.210022,3403.46997,9.01000023,803.08197,live_identity_metadata_unresolved,,4.695092,,not_comparable
2026-07-31T08:52:40.272469Z,70,SimpleChar:000F426E,ICC Peacekeeper,3403.46997,9.01000023,803.08197,3410.12891,9.01000023,802.544006,live_identity_metadata_unresolved,,0.000000,,not_comparable
2026-07-31T08:52:40.272469Z,71,SimpleChar:000F426E,ICC Peacekeeper,3410.12891,9.01000023,802.544006,3414.69702,9.01000023,807.255005,live_identity_metadata_unresolved,,0.000000,,not_comparable
2026-07-31T08:52:40.272469Z,72,SimpleChar:000F426E,ICC Peacekeeper,3414.69702,9.01000023,807.255005,3405.30298,9.01000023,806.513977,live_identity_metadata_unresolved,,0.000000,,not_comparable
2026-07-31T08:52:40.272469Z,73,SimpleChar:000F426E,ICC Peacekeeper,3405.30298,9.01000023,806.513977,3399.95996,9.03100014,805.98999,live_identity_metadata_unresolved,,0.000000,,not_comparable
2026-07-31T08:52:40.272469Z,74,SimpleChar:000F426E,ICC Peacekeeper,3399.95996,9.03100014,805.98999,3396.375,10.9130001,805.544006,live_identity_metadata_unresolved,,0.000000,,not_comparable
2026-07-31T08:52:40.272469Z,75,SimpleChar:000F426E,ICC Peacekeeper,3396.375,10.9130001,805.544006,3393.54395,12.2150002,803.781982,live_identity_metadata_unresolved,,0.000000,,not_comparable
2026-07-31T08:52:40.272469Z,76,SimpleChar:000F426E,ICC Peacekeeper,3393.54395,12.2150002,803.781982,3389.948,13.6999998,803.258972,live_identity_metadata_unresolved,,0.000000,,not_comparable
2026-07-31T08:52:40.272469Z,77,SimpleChar:000F426E,ICC Peacekeeper,3389.948,13.6999998,803.258972,3385.9021,15.7229996,803.281006,live_identity_metadata_unresolved,,0.000000,,not_comparable
2026-07-31T08:52:40.272469Z,78,SimpleChar:000F426E,ICC Peacekeeper,3385.9021,15.7229996,803.281006,3384.125,15.7810001,806.142029,live_identity_metadata_unresolved,,0.000000,,not_comparable
2026-07-31T08:52:40.272469Z,79,SimpleChar:000F426E,ICC Peacekeeper,3384.125,15.7810001,806.142029,3383.28906,15.7810001,809.822998,live_identity_metadata_unresolved,,0.000000,,not_comparable
2026-07-31T08:52:40.272469Z,80,SimpleChar:000F426E,ICC Peacekeeper,3383.28906,15.7810001,809.822998,3378.2439,17.1100006,814.338989,live_identity_metadata_unresolved,,0.000000,,not_comparable
2026-07-31T08:52:40.272469Z,81,SimpleChar:000F426E,ICC Peacekeeper,3378.2439,17.1100006,814.338989,3378.23706,17.1100006,812.47998,live_identity_metadata_unresolved,,0.000000,,not_comparable
2026-07-31T08:52:40.272469Z,82,SimpleChar:000F426E,ICC Peacekeeper,3378.23706,17.1100006,812.47998,3378.64795,17.1100006,808.104004,live_identity_metadata_unresolved,,0.000000,,not_comparable
2026-07-31T08:52:40.272469Z,83,SimpleChar:000F426E,ICC Peacekeeper,3378.64795,17.1100006,808.104004,3379.23608,17.1100006,802.273987,live_identity_metadata_unresolved,,0.000000,,not_comparable
2026-07-31T08:52:40.272469Z,84,SimpleChar:000F426E,ICC Peacekeeper,3379.23608,17.1100006,802.273987,3381.99292,15.0179996,800.572998,live_identity_metadata_unresolved,,0.000000,,not_comparable
2026-07-31T08:52:40.272469Z,85,SimpleChar:000F426E,ICC Peacekeeper,3381.99292,15.0179996,800.572998,3381.95898,15.0530005,793.69397,live_identity_metadata_unresolved,,0.000000,,not_comparable
2026-07-31T08:52:40.272469Z,86,SimpleChar:000F426E,ICC Peacekeeper,3381.95898,15.0530005,793.69397,3383.9751,15.7810001,801.231995,live_identity_metadata_unresolved,,0.000000,,not_comparable
2026-07-31T08:52:40.272469Z,87,SimpleChar:000F426E,ICC Peacekeeper,3383.9751,15.7810001,801.231995,3386.4519,15.3920002,801.755981,live_identity_metadata_unresolved,,0.000000,,not_comparable
2026-07-31T08:52:40.272469Z,88,SimpleChar:000F426E,ICC Peacekeeper,3386.4519,15.3920002,801.755981,3389.78003,13.7840004,801.335022,live_identity_metadata_unresolved,,0.000000,,not_comparable
2026-07-31T08:52:40.272469Z,89,SimpleChar:000F426E,ICC Peacekeeper,3389.78003,13.7840004,801.335022,3392.58301,12.6479998,802.104004,live_identity_metadata_unresolved,,0.000000,,not_comparable
2026-07-31T08:52:40.272469Z,90,SimpleChar:000F426E,ICC Peacekeeper,3392.58301,12.6479998,802.104004,3399.39111,9.32999992,801.210022,live_identity_metadata_unresolved,,0.000000,,not_comparable
2026-07-31T08:52:40.313507Z,91,SimpleChar:000F4270,ICC Peacekeeper,3411.87207,3.91000009,772.811707,3409.90723,4.69720316,778.801086,live_identity_metadata_unresolved,,2.243512,,not_comparable
2026-07-31T08:52:41.531963Z,92,SimpleChar:000F42D0,Garbage Flea,3454.23633,0.00999999978,842.982788,3452.00659,1.28450894,864.994385,live_identity_metadata_unresolved,,7.213509,,not_comparable
2026-07-31T08:52:42.206604Z,93,SimpleChar:000F4300,Garbage Flea,3450.18945,0.00999999978,818.437866,3451.69238,0.484349012,812.295288,live_identity_metadata_unresolved,,4.831094,,not_comparable
2026-07-31T08:52:42.815009Z,94,SimpleChar:000F426E,ICC Peacekeeper,3397.94287,10.1048613,801.337341,3403.46973,9.01033878,803.082397,live_identity_metadata_unresolved,,2.542540,,not_comparable
2026-07-31T08:52:45.269283Z,97,SimpleChar:000F4270,ICC Peacekeeper,3410.7229,3.39299989,773.750977,3409.90698,4.69700003,778.801025,live_identity_metadata_unresolved,,4.955776,,not_comparable
2026-07-31T08:52:45.269283Z,98,SimpleChar:000F4270,ICC Peacekeeper,3409.90698,4.69700003,778.801025,3413.10205,4.96099997,782.013977,live_identity_metadata_unresolved,,0.000000,,not_comparable
2026-07-31T08:52:45.269283Z,99,SimpleChar:000F4270,ICC Peacekeeper,3413.10205,4.96099997,782.013977,3416.90308,5.03200006,782.054993,live_identity_metadata_unresolved,,0.000000,,not_comparable
2026-07-31T08:52:45.269283Z,100,SimpleChar:000F4270,ICC Peacekeeper,3416.90308,5.03200006,782.054993,3421.4541,5.11000013,781.221008,live_identity_metadata_unresolved,,0.000000,,not_comparable
2026-07-31T08:52:45.269283Z,101,SimpleChar:000F4270,ICC Peacekeeper,3421.4541,5.11000013,781.221008,3422.51196,5.11000013,781.172974,live_identity_metadata_unresolved,,0.000000,,not_comparable
2026-07-31T08:52:45.269283Z,102,SimpleChar:000F4270,ICC Peacekeeper,3422.51196,5.11000013,781.172974,3426.89209,5.11000013,781.125,live_identity_metadata_unresolved,,0.000000,,not_comparable
2026-07-31T08:52:45.269283Z,103,SimpleChar:000F4270,ICC Peacekeeper,3426.89209,5.11000013,781.125,3435.73511,5.11000013,780.870972,live_identity_metadata_unresolved,,0.000000,,not_comparable
2026-07-31T08:52:45.269283Z,104,SimpleChar:000F4270,ICC Peacekeeper,3439.74707,4.80999994,781.018982,3446.07397,4.80999994,780.16803,live_identity_metadata_unresolved,,0.000000,,not_comparable
2026-07-31T08:52:45.269283Z,105,SimpleChar:000F4270,ICC Peacekeeper,3435.73511,5.11000013,780.870972,3439.74707,4.80999994,781.018982,live_identity_metadata_unresolved,,0.000000,,not_comparable
2026-07-31T08:52:45.269283Z,106,SimpleChar:000F4270,ICC Peacekeeper,3446.07397,4.80999994,780.16803,3430.72192,3.00999999,768.148987,live_identity_metadata_unresolved,,0.000000,,not_comparable
2026-07-31T08:52:45.269283Z,107,SimpleChar:000F4270,ICC Peacekeeper,3430.72192,3.00999999,768.148987,3422.93188,3.00999999,766.849976,live_identity_metadata_unresolved,,0.000000,,not_comparable
2026-07-31T08:52:45.269283Z,108,SimpleChar:000F4270,ICC Peacekeeper,3422.93188,3.00999999,766.849976,3415.63599,3.00999999,769.05603,live_identity_metadata_unresolved,,0.000000,,not_comparable
2026-07-31T08:52:45.269283Z,109,SimpleChar:000F4270,ICC Peacekeeper,3415.63599,3.00999999,769.05603,3410.7229,3.39299989,773.750977,live_identity_metadata_unresolved,,0.000000,,not_comparable
2026-07-31T08:52:47.483948Z,110,SimpleChar:000F426E,ICC Peacekeeper,3399.39111,9.32999992,801.210022,3403.46997,9.01000023,803.08197,live_identity_metadata_unresolved,,4.668939,,not_comparable
2026-07-31T08:52:47.483948Z,111,SimpleChar:000F426E,ICC Peacekeeper,3403.46997,9.01000023,803.08197,3410.12891,9.01000023,802.544006,live_identity_metadata_unresolved,,0.000000,,not_comparable
2026-07-31T08:52:47.483948Z,112,SimpleChar:000F426E,ICC Peacekeeper,3410.12891,9.01000023,802.544006,3414.69702,9.01000023,807.255005,live_identity_metadata_unresolved,,0.000000,,not_comparable
2026-07-31T08:52:47.483948Z,113,SimpleChar:000F426E,ICC Peacekeeper,3414.69702,9.01000023,807.255005,3405.30298,9.01000023,806.513977,live_identity_metadata_unresolved,,0.000000,,not_comparable
2026-07-31T08:52:47.483948Z,114,SimpleChar:000F426E,ICC Peacekeeper,3405.30298,9.01000023,806.513977,3399.95996,9.03100014,805.98999,live_identity_metadata_unresolved,,0.000000,,not_comparable
2026-07-31T08:52:47.483948Z,115,SimpleChar:000F426E,ICC Peacekeeper,3396.375,10.9130001,805.544006,3393.54395,12.2150002,803.781982,live_identity_metadata_unresolved,,0.000000,,not_comparable
2026-07-31T08:52:47.483948Z,116,SimpleChar:000F426E,ICC Peacekeeper,3399.95996,9.03100014,805.98999,3396.375,10.9130001,805.544006,live_identity_metadata_unresolved,,0.000000,,not_comparable
2026-07-31T08:52:47.483948Z,117,SimpleChar:000F426E,ICC Peacekeeper,3393.54395,12.2150002,803.781982,3389.948,13.6999998,803.258972,live_identity_metadata_unresolved,,0.000000,,not_comparable
2026-07-31T08:52:47.483948Z,118,SimpleChar:000F426E,ICC Peacekeeper,3389.948,13.6999998,803.258972,3385.9021,15.7229996,803.281006,live_identity_metadata_unresolved,,0.000000,,not_comparable
2026-07-31T08:52:47.483948Z,119,SimpleChar:000F426E,ICC Peacekeeper,3385.9021,15.7229996,803.281006,3384.125,15.7810001,806.142029,live_identity_metadata_unresolved,,0.000000,,not_comparable
2026-07-31T08:52:47.483948Z,120,SimpleChar:000F426E,ICC Peacekeeper,3384.125,15.7810001,806.142029,3383.28906,15.7810001,809.822998,live_identity_metadata_unresolved,,0.000000,,not_comparable
2026-07-31T08:52:47.483948Z,121,SimpleChar:000F426E,ICC Peacekeeper,3383.28906,15.7810001,809.822998,3378.2439,17.1100006,814.338989,live_identity_metadata_unresolved,,0.000000,,not_comparable
2026-07-31T08:52:47.483948Z,122,SimpleChar:000F426E,ICC Peacekeeper,3378.2439,17.1100006,814.338989,3378.23706,17.1100006,812.47998,live_identity_metadata_unresolved,,0.000000,,not_comparable
2026-07-31T08:52:47.483948Z,123,SimpleChar:000F426E,ICC Peacekeeper,3378.23706,17.1100006,812.47998,3378.64795,17.1100006,808.104004,live_identity_metadata_unresolved,,0.000000,,not_comparable
2026-07-31T08:52:47.483948Z,124,SimpleChar:000F426E,ICC Peacekeeper,3378.64795,17.1100006,808.104004,3379.23608,17.1100006,802.273987,live_identity_metadata_unresolved,,0.000000,,not_comparable
2026-07-31T08:52:47.483948Z,125,SimpleChar:000F426E,ICC Peacekeeper,3379.23608,17.1100006,802.273987,3381.99292,15.0179996,800.572998,live_identity_metadata_unresolved,,0.000000,,not_comparable
2026-07-31T08:52:47.483948Z,126,SimpleChar:000F426E,ICC Peacekeeper,3381.99292,15.0179996,800.572998,3381.95898,15.0530005,793.69397,live_identity_metadata_unresolved,,0.000000,,not_comparable
2026-07-31T08:52:47.483948Z,127,SimpleChar:000F426E,ICC Peacekeeper,3381.95898,15.0530005,793.69397,3383.9751,15.7810001,801.231995,live_identity_metadata_unresolved,,0.000000,,not_comparable
2026-07-31T08:52:47.483948Z,128,SimpleChar:000F426E,ICC Peacekeeper,3383.9751,15.7810001,801.231995,3386.4519,15.3920002,801.755981,live_identity_metadata_unresolved,,0.000000,,not_comparable
2026-07-31T08:52:47.483948Z,129,SimpleChar:000F426E,ICC Peacekeeper,3386.4519,15.3920002,801.755981,3389.78003,13.7840004,801.335022,live_identity_metadata_unresolved,,0.000000,,not_comparable
2026-07-31T08:52:47.483948Z,130,SimpleChar:000F426E,ICC Peacekeeper,3389.78003,13.7840004,801.335022,3392.58301,12.6479998,802.104004,live_identity_metadata_unresolved,,0.000000,,not_comparable
2026-07-31T08:52:47.483948Z,131,SimpleChar:000F426E,ICC Peacekeeper,3392.58301,12.6479998,802.104004,3399.39111,9.32999992,801.210022,live_identity_metadata_unresolved,,0.000000,,not_comparable
2026-07-31T08:52:47.483948Z,132,SimpleChar:000F426F,ICC Peacekeeper,3462.79224,8.04366112,786.79834,3472.79663,8.14824677,786.723328,live_identity_metadata_unresolved,,9.427967,,not_comparable
2026-07-31T08:52:47.556008Z,133,SimpleChar:000F4270,ICC Peacekeeper,3411.87207,3.91000009,772.811707,3409.90723,4.69720316,778.801086,live_identity_metadata_unresolved,,2.286725,,not_comparable
2026-07-31T08:52:48.623044Z,134,SimpleChar:000F42CF,Garbage Flea,3448.92822,0.00999999978,825.957764,3448.77759,0.484173,833.061401,live_identity_metadata_unresolved,,14.316616,,not_comparable
2026-07-31T08:52:48.691124Z,135,SimpleChar:000F42D5,Garbage Flea,3422.86475,0.00999999978,874.22699,3422.02368,0.00999999978,891.119629,exact_promoted_route,m08444,11.844582,8.318249,captured_timing_deviation
2026-07-31T08:52:49.168135Z,136,SimpleChar:000F4300,Garbage Flea,3451.38037,0.00999999978,813.551208,3453.63281,0.484349996,808.106934,live_identity_metadata_unresolved,,6.961531,,not_comparable
2026-07-31T08:52:49.842427Z,137,SimpleChar:000F426E,ICC Peacekeeper,3397.94287,10.1048613,801.337341,3403.46973,9.01033878,803.082397,live_identity_metadata_unresolved,,2.358479,,not_comparable
2026-07-31T08:52:52.171172Z,138,SimpleChar:000F4270,ICC Peacekeeper,3410.7229,3.39299989,773.750977,3409.90698,4.69700003,778.801025,live_identity_metadata_unresolved,,4.615164,,not_comparable
2026-07-31T08:52:52.171172Z,139,SimpleChar:000F4270,ICC Peacekeeper,3409.90698,4.69700003,778.801025,3413.10205,4.96099997,782.013977,live_identity_metadata_unresolved,,0.000000,,not_comparable
2026-07-31T08:52:52.171172Z,140,SimpleChar:000F4270,ICC Peacekeeper,3413.10205,4.96099997,782.013977,3416.90308,5.03200006,782.054993,live_identity_metadata_unresolved,,0.000000,,not_comparable
2026-07-31T08:52:52.171172Z,141,SimpleChar:000F4270,ICC Peacekeeper,3416.90308,5.03200006,782.054993,3421.4541,5.11000013,781.221008,live_identity_metadata_unresolved,,0.000000,,not_comparable
2026-07-31T08:52:52.171172Z,142,SimpleChar:000F4270,ICC Peacekeeper,3421.4541,5.11000013,781.221008,3422.51196,5.11000013,781.172974,live_identity_metadata_unresolved,,0.000000,,not_comparable
2026-07-31T08:52:52.171172Z,143,SimpleChar:000F4270,ICC Peacekeeper,3422.51196,5.11000013,781.172974,3426.89209,5.11000013,781.125,live_identity_metadata_unresolved,,0.000000,,not_comparable
2026-07-31T08:52:52.172172Z,144,SimpleChar:000F4270,ICC Peacekeeper,3426.89209,5.11000013,781.125,3435.73511,5.11000013,780.870972,live_identity_metadata_unresolved,,0.001000,,not_comparable
2026-07-31T08:52:52.172172Z,145,SimpleChar:000F4270,ICC Peacekeeper,3435.73511,5.11000013,780.870972,3439.74707,4.80999994,781.018982,live_identity_metadata_unresolved,,0.000000,,not_comparable
2026-07-31T08:52:52.172172Z,146,SimpleChar:000F4270,ICC Peacekeeper,3439.74707,4.80999994,781.018982,3446.07397,4.80999994,780.16803,live_identity_metadata_unresolved,,0.000000,,not_comparable
2026-07-31T08:52:52.172172Z,147,SimpleChar:000F4270,ICC Peacekeeper,3446.07397,4.80999994,780.16803,3430.72192,3.00999999,768.148987,live_identity_metadata_unresolved,,0.000000,,not_comparable
2026-07-31T08:52:52.172172Z,148,SimpleChar:000F4270,ICC Peacekeeper,3430.72192,3.00999999,768.148987,3422.93188,3.00999999,766.849976,live_identity_metadata_unresolved,,0.000000,,not_comparable
2026-07-31T08:52:52.172172Z,149,SimpleChar:000F4270,ICC Peacekeeper,3422.93188,3.00999999,766.849976,3415.63599,3.00999999,769.05603,live_identity_metadata_unresolved,,0.000000,,not_comparable
2026-07-31T08:52:52.172172Z,150,SimpleChar:000F4270,ICC Peacekeeper,3415.63599,3.00999999,769.05603,3410.7229,3.39299989,773.750977,live_identity_metadata_unresolved,,0.000000,,not_comparable
2026-07-31T08:52:54.437861Z,153,SimpleChar:000F426E,ICC Peacekeeper,3399.39111,9.32999992,801.210022,3403.46997,9.01000023,803.08197,live_identity_metadata_unresolved,,4.595434,,not_comparable
2026-07-31T08:52:54.437861Z,154,SimpleChar:000F426E,ICC Peacekeeper,3410.12891,9.01000023,802.544006,3414.69702,9.01000023,807.255005,live_identity_metadata_unresolved,,0.000000,,not_comparable
2026-07-31T08:52:54.437861Z,155,SimpleChar:000F426E,ICC Peacekeeper,3403.46997,9.01000023,803.08197,3410.12891,9.01000023,802.544006,live_identity_metadata_unresolved,,0.000000,,not_comparable
2026-07-31T08:52:54.437861Z,156,SimpleChar:000F426E,ICC Peacekeeper,3414.69702,9.01000023,807.255005,3405.30298,9.01000023,806.513977,live_identity_metadata_unresolved,,0.000000,,not_comparable
2026-07-31T08:52:54.438864Z,157,SimpleChar:000F426E,ICC Peacekeeper,3405.30298,9.01000023,806.513977,3399.95996,9.03100014,805.98999,live_identity_metadata_unresolved,,0.001003,,not_comparable
2026-07-31T08:52:54.438864Z,158,SimpleChar:000F426E,ICC Peacekeeper,3399.95996,9.03100014,805.98999,3396.375,10.9130001,805.544006,live_identity_metadata_unresolved,,0.000000,,not_comparable
2026-07-31T08:52:54.438864Z,159,SimpleChar:000F426E,ICC Peacekeeper,3396.375,10.9130001,805.544006,3393.54395,12.2150002,803.781982,live_identity_metadata_unresolved,,0.000000,,not_comparable
2026-07-31T08:52:54.438864Z,160,SimpleChar:000F426E,ICC Peacekeeper,3393.54395,12.2150002,803.781982,3389.948,13.6999998,803.258972,live_identity_metadata_unresolved,,0.000000,,not_comparable
2026-07-31T08:52:54.438864Z,161,SimpleChar:000F426E,ICC Peacekeeper,3389.948,13.6999998,803.258972,3385.9021,15.7229996,803.281006,live_identity_metadata_unresolved,,0.000000,,not_comparable
2026-07-31T08:52:54.438864Z,162,SimpleChar:000F426E,ICC Peacekeeper,3385.9021,15.7229996,803.281006,3384.125,15.7810001,806.142029,live_identity_metadata_unresolved,,0.000000,,not_comparable
2026-07-31T08:52:54.438864Z,163,SimpleChar:000F426E,ICC Peacekeeper,3384.125,15.7810001,806.142029,3383.28906,15.7810001,809.822998,live_identity_metadata_unresolved,,0.000000,,not_comparable
2026-07-31T08:52:54.438864Z,164,SimpleChar:000F426E,ICC Peacekeeper,3383.28906,15.7810001,809.822998,3378.2439,17.1100006,814.338989,live_identity_metadata_unresolved,,0.000000,,not_comparable
2026-07-31T08:52:54.438864Z,165,SimpleChar:000F426E,ICC Peacekeeper,3378.2439,17.1100006,814.338989,3378.23706,17.1100006,812.47998,live_identity_metadata_unresolved,,0.000000,,not_comparable
2026-07-31T08:52:54.439862Z,166,SimpleChar:000F426E,ICC Peacekeeper,3378.23706,17.1100006,812.47998,3378.64795,17.1100006,808.104004,live_identity_metadata_unresolved,,0.000998,,not_comparable
2026-07-31T08:52:54.439862Z,167,SimpleChar:000F426E,ICC Peacekeeper,3378.64795,17.1100006,808.104004,3379.23608,17.1100006,802.273987,live_identity_metadata_unresolved,,0.000000,,not_comparable
2026-07-31T08:52:54.439862Z,168,SimpleChar:000F426E,ICC Peacekeeper,3379.23608,17.1100006,802.273987,3381.99292,15.0179996,800.572998,live_identity_metadata_unresolved,,0.000000,,not_comparable
2026-07-31T08:52:54.439862Z,169,SimpleChar:000F426E,ICC Peacekeeper,3381.99292,15.0179996,800.572998,3381.95898,15.0530005,793.69397,live_identity_metadata_unresolved,,0.000000,,not_comparable
2026-07-31T08:52:54.439862Z,170,SimpleChar:000F426E,ICC Peacekeeper,3381.95898,15.0530005,793.69397,3383.9751,15.7810001,801.231995,live_identity_metadata_unresolved,,0.000000,,not_comparable
2026-07-31T08:52:54.439862Z,171,SimpleChar:000F426E,ICC Peacekeeper,3383.9751,15.7810001,801.231995,3386.4519,15.3920002,801.755981,live_identity_metadata_unresolved,,0.000000,,not_comparable
2026-07-31T08:52:54.439862Z,172,SimpleChar:000F426E,ICC Peacekeeper,3386.4519,15.3920002,801.755981,3389.78003,13.7840004,801.335022,live_identity_metadata_unresolved,,0.000000,,not_comparable
2026-07-31T08:52:54.439862Z,173,SimpleChar:000F426E,ICC Peacekeeper,3389.78003,13.7840004,801.335022,3392.58301,12.6479998,802.104004,live_identity_metadata_unresolved,,0.000000,,not_comparable
2026-07-31T08:52:54.439862Z,174,SimpleChar:000F426E,ICC Peacekeeper,3392.58301,12.6479998,802.104004,3399.39111,9.32999992,801.210022,live_identity_metadata_unresolved,,0.000000,,not_comparable
2026-07-31T08:52:54.440862Z,175,SimpleChar:000F4270,ICC Peacekeeper,3411.87207,3.91000009,772.811707,3409.90723,4.69720316,778.801086,live_identity_metadata_unresolved,,2.268690,,not_comparable
2026-07-31T08:52:55.460331Z,176,SimpleChar:000F42CF,Garbage Flea,3448.80127,0.00999999978,831.798523,3450.31641,0.873831987,817.162231,live_identity_metadata_unresolved,,6.837287,,not_comparable
2026-07-31T08:52:56.003307Z,177,SimpleChar:000F4300,Garbage Flea,3453.11353,0.00999999978,809.285339,3449.17236,0.484349012,812.813599,live_identity_metadata_unresolved,,6.835172,,not_comparable
2026-07-31T08:52:56.672822Z,178,SimpleChar:000F426E,ICC Peacekeeper,3397.94287,10.1048613,801.337341,3403.46973,9.01033878,803.082397,live_identity_metadata_unresolved,,2.232960,,not_comparable
2026-07-31T08:52:56.672822Z,179,SimpleChar:000F426F,ICC Peacekeeper,3471.48804,9.14500046,786.733765,3479.02222,8.71745014,785.850891,live_identity_metadata_unresolved,,9.188874,,not_comparable
2026-07-31T08:52:58.968810Z,180,SimpleChar:000F4270,ICC Peacekeeper,3410.7229,3.39299989,773.750977,3409.90698,4.69700003,778.801025,live_identity_metadata_unresolved,,4.527948,,not_comparable
2026-07-31T08:52:58.968810Z,181,SimpleChar:000F4270,ICC Peacekeeper,3409.90698,4.69700003,778.801025,3413.10205,4.96099997,782.013977,live_identity_metadata_unresolved,,0.000000,,not_comparable
2026-07-31T08:52:58.968810Z,182,SimpleChar:000F4270,ICC Peacekeeper,3413.10205,4.96099997,782.013977,3416.90308,5.03200006,782.054993,live_identity_metadata_unresolved,,0.000000,,not_comparable
2026-07-31T08:52:58.969810Z,183,SimpleChar:000F4270,ICC Peacekeeper,3416.90308,5.03200006,782.054993,3421.4541,5.11000013,781.221008,live_identity_metadata_unresolved,,0.001000,,not_comparable
2026-07-31T08:52:58.969810Z,184,SimpleChar:000F4270,ICC Peacekeeper,3421.4541,5.11000013,781.221008,3422.51196,5.11000013,781.172974,live_identity_metadata_unresolved,,0.000000,,not_comparable
2026-07-31T08:52:58.969810Z,185,SimpleChar:000F4270,ICC Peacekeeper,3422.51196,5.11000013,781.172974,3426.89209,5.11000013,781.125,live_identity_metadata_unresolved,,0.000000,,not_comparable
2026-07-31T08:52:58.969810Z,186,SimpleChar:000F4270,ICC Peacekeeper,3426.89209,5.11000013,781.125,3435.73511,5.11000013,780.870972,live_identity_metadata_unresolved,,0.000000,,not_comparable
2026-07-31T08:52:58.969810Z,187,SimpleChar:000F4270,ICC Peacekeeper,3435.73511,5.11000013,780.870972,3439.74707,4.80999994,781.018982,live_identity_metadata_unresolved,,0.000000,,not_comparable
2026-07-31T08:52:58.969810Z,188,SimpleChar:000F4270,ICC Peacekeeper,3439.74707,4.80999994,781.018982,3446.07397,4.80999994,780.16803,live_identity_metadata_unresolved,,0.000000,,not_comparable
2026-07-31T08:52:58.969810Z,189,SimpleChar:000F4270,ICC Peacekeeper,3446.07397,4.80999994,780.16803,3430.72192,3.00999999,768.148987,live_identity_metadata_unresolved,,0.000000,,not_comparable
2026-07-31T08:52:58.969810Z,190,SimpleChar:000F4270,ICC Peacekeeper,3430.72192,3.00999999,768.148987,3422.93188,3.00999999,766.849976,live_identity_metadata_unresolved,,0.000000,,not_comparable
2026-07-31T08:52:58.969810Z,191,SimpleChar:000F4270,ICC Peacekeeper,3422.93188,3.00999999,766.849976,3415.63599,3.00999999,769.05603,live_identity_metadata_unresolved,,0.000000,,not_comparable
2026-07-31T08:52:58.970808Z,192,SimpleChar:000F4270,ICC Peacekeeper,3415.63599,3.00999999,769.05603,3410.7229,3.39299989,773.750977,live_identity_metadata_unresolved,,0.000998,,not_comparable
2026-07-31T08:53:00.039466Z,193,SimpleChar:000F42D0,Garbage Flea,3451.70264,0.00999999978,863.782776,3450.42603,0.892165005,862.10498,live_identity_metadata_unresolved,,18.507503,,not_comparable
2026-07-31T08:53:01.296363Z,194,SimpleChar:000F426E,ICC Peacekeeper,3399.39111,9.32999992,801.210022,3403.46997,9.01000023,803.08197,live_identity_metadata_unresolved,,4.623541,,not_comparable
2026-07-31T08:53:01.296363Z,195,SimpleChar:000F426E,ICC Peacekeeper,3403.46997,9.01000023,803.08197,3410.12891,9.01000023,802.544006,live_identity_metadata_unresolved,,0.000000,,not_comparable
2026-07-31T08:53:01.296363Z,196,SimpleChar:000F426E,ICC Peacekeeper,3410.12891,9.01000023,802.544006,3414.69702,9.01000023,807.255005,live_identity_metadata_unresolved,,0.000000,,not_comparable
2026-07-31T08:53:01.296363Z,197,SimpleChar:000F426E,ICC Peacekeeper,3414.69702,9.01000023,807.255005,3405.30298,9.01000023,806.513977,live_identity_metadata_unresolved,,0.000000,,not_comparable
2026-07-31T08:53:01.296363Z,198,SimpleChar:000F426E,ICC Peacekeeper,3405.30298,9.01000023,806.513977,3399.95996,9.03100014,805.98999,live_identity_metadata_unresolved,,0.000000,,not_comparable
2026-07-31T08:53:01.297362Z,199,SimpleChar:000F426E,ICC Peacekeeper,3399.95996,9.03100014,805.98999,3396.375,10.9130001,805.544006,live_identity_metadata_unresolved,,0.000999,,not_comparable
2026-07-31T08:53:01.297362Z,200,SimpleChar:000F426E,ICC Peacekeeper,3396.375,10.9130001,805.544006,3393.54395,12.2150002,803.781982,live_identity_metadata_unresolved,,0.000000,,not_comparable
2026-07-31T08:53:01.297362Z,201,SimpleChar:000F426E,ICC Peacekeeper,3393.54395,12.2150002,803.781982,3389.948,13.6999998,803.258972,live_identity_metadata_unresolved,,0.000000,,not_comparable
2026-07-31T08:53:01.297362Z,202,SimpleChar:000F426E,ICC Peacekeeper,3389.948,13.6999998,803.258972,3385.9021,15.7229996,803.281006,live_identity_metadata_unresolved,,0.000000,,not_comparable
2026-07-31T08:53:01.297362Z,203,SimpleChar:000F426E,ICC Peacekeeper,3385.9021,15.7229996,803.281006,3384.125,15.7810001,806.142029,live_identity_metadata_unresolved,,0.000000,,not_comparable
2026-07-31T08:53:01.297866Z,204,SimpleChar:000F426E,ICC Peacekeeper,3384.125,15.7810001,806.142029,3383.28906,15.7810001,809.822998,live_identity_metadata_unresolved,,0.000504,,not_comparable
2026-07-31T08:53:01.297866Z,205,SimpleChar:000F426E,ICC Peacekeeper,3383.28906,15.7810001,809.822998,3378.2439,17.1100006,814.338989,live_identity_metadata_unresolved,,0.000000,,not_comparable
2026-07-31T08:53:01.297866Z,206,SimpleChar:000F426E,ICC Peacekeeper,3378.2439,17.1100006,814.338989,3378.23706,17.1100006,812.47998,live_identity_metadata_unresolved,,0.000000,,not_comparable
2026-07-31T08:53:01.297866Z,207,SimpleChar:000F426E,ICC Peacekeeper,3378.64795,17.1100006,808.104004,3379.23608,17.1100006,802.273987,live_identity_metadata_unresolved,,0.000000,,not_comparable
2026-07-31T08:53:01.298868Z,208,SimpleChar:000F426E,ICC Peacekeeper,3378.23706,17.1100006,812.47998,3378.64795,17.1100006,808.104004,live_identity_metadata_unresolved,,0.001002,,not_comparable
2026-07-31T08:53:01.298868Z,209,SimpleChar:000F426E,ICC Peacekeeper,3379.23608,17.1100006,802.273987,3381.99292,15.0179996,800.572998,live_identity_metadata_unresolved,,0.000000,,not_comparable
2026-07-31T08:53:01.298868Z,210,SimpleChar:000F426E,ICC Peacekeeper,3381.99292,15.0179996,800.572998,3381.95898,15.0530005,793.69397,live_identity_metadata_unresolved,,0.000000,,not_comparable
2026-07-31T08:53:01.298868Z,211,SimpleChar:000F426E,ICC Peacekeeper,3381.95898,15.0530005,793.69397,3383.9751,15.7810001,801.231995,live_identity_metadata_unresolved,,0.000000,,not_comparable
2026-07-31T08:53:01.298868Z,212,SimpleChar:000F426E,ICC Peacekeeper,3383.9751,15.7810001,801.231995,3386.4519,15.3920002,801.755981,live_identity_metadata_unresolved,,0.000000,,not_comparable
2026-07-31T08:53:01.298868Z,213,SimpleChar:000F426E,ICC Peacekeeper,3386.4519,15.3920002,801.755981,3389.78003,13.7840004,801.335022,live_identity_metadata_unresolved,,0.000000,,not_comparable
2026-07-31T08:53:01.298868Z,214,SimpleChar:000F426E,ICC Peacekeeper,3389.78003,13.7840004,801.335022,3392.58301,12.6479998,802.104004,live_identity_metadata_unresolved,,0.000000,,not_comparable
2026-07-31T08:53:01.298868Z,215,SimpleChar:000F426E,ICC Peacekeeper,3392.58301,12.6479998,802.104004,3399.39111,9.32999992,801.210022,live_identity_metadata_unresolved,,0.000000,,not_comparable
2026-07-31T08:53:01.367700Z,216,SimpleChar:000F4270,ICC Peacekeeper,3411.87207,3.91000009,772.811707,3409.90723,4.69720316,778.801086,live_identity_metadata_unresolved,,2.396892,,not_comparable
2026-07-31T08:53:03.001437Z,217,SimpleChar:000F4300,Garbage Flea,3450.07178,0.00999999978,811.932983,3448.83936,0.484349996,827.203064,live_identity_metadata_unresolved,,6.998130,,not_comparable
2026-07-31T08:53:03.669808Z,218,SimpleChar:000F426E,ICC Peacekeeper,3397.94287,10.1048613,801.337341,3403.46973,9.01033878,803.082397,live_identity_metadata_unresolved,,2.370940,,not_comparable
2026-07-31T08:53:03.669808Z,219,SimpleChar:000F426F,ICC Peacekeeper,3477.82031,9.14500046,785.993591,3483.79688,6.54100704,787.024353,live_identity_metadata_unresolved,,6.996986,,not_comparable
2026-07-31T08:53:04.733410Z,220,SimpleChar:000F42D0,Garbage Flea,3451.10547,0.00999999978,863.151733,3451.15186,0.892165005,857.847046,live_identity_metadata_unresolved,,4.693944,,not_comparable
2026-07-31T08:53:05.268370Z,222,SimpleChar:000F42FE,Garbage Flea,3423.91992,0.00999999978,854.658325,3424.01343,0.00999999978,863.072021,live_identity_metadata_unresolved,,25.608169,,not_comparable
2026-07-31T08:53:06.013258Z,223,SimpleChar:000F4270,ICC Peacekeeper,3410.7229,3.39299989,773.750977,3409.90698,4.69700003,778.801025,live_identity_metadata_unresolved,,4.645558,,not_comparable
2026-07-31T08:53:06.013258Z,224,SimpleChar:000F4270,ICC Peacekeeper,3409.90698,4.69700003,778.801025,3413.10205,4.96099997,782.013977,live_identity_metadata_unresolved,,0.000000,,not_comparable
2026-07-31T08:53:06.013258Z,225,SimpleChar:000F4270,ICC Peacekeeper,3413.10205,4.96099997,782.013977,3416.90308,5.03200006,782.054993,live_identity_metadata_unresolved,,0.000000,,not_comparable
2026-07-31T08:53:06.013258Z,226,SimpleChar:000F4270,ICC Peacekeeper,3416.90308,5.03200006,782.054993,3421.4541,5.11000013,781.221008,live_identity_metadata_unresolved,,0.000000,,not_comparable
2026-07-31T08:53:06.013258Z,227,SimpleChar:000F4270,ICC Peacekeeper,3421.4541,5.11000013,781.221008,3422.51196,5.11000013,781.172974,live_identity_metadata_unresolved,,0.000000,,not_comparable
2026-07-31T08:53:06.013258Z,228,SimpleChar:000F4270,ICC Peacekeeper,3422.51196,5.11000013,781.172974,3426.89209,5.11000013,781.125,live_identity_metadata_unresolved,,0.000000,,not_comparable
2026-07-31T08:53:06.013258Z,229,SimpleChar:000F4270,ICC Peacekeeper,3426.89209,5.11000013,781.125,3435.73511,5.11000013,780.870972,live_identity_metadata_unresolved,,0.000000,,not_comparable
2026-07-31T08:53:06.013258Z,230,SimpleChar:000F4270,ICC Peacekeeper,3435.73511,5.11000013,780.870972,3439.74707,4.80999994,781.018982,live_identity_metadata_unresolved,,0.000000,,not_comparable
2026-07-31T08:53:06.013258Z,231,SimpleChar:000F4270,ICC Peacekeeper,3439.74707,4.80999994,781.018982,3446.07397,4.80999994,780.16803,live_identity_metadata_unresolved,,0.000000,,not_comparable
2026-07-31T08:53:06.013258Z,232,SimpleChar:000F4270,ICC Peacekeeper,3446.07397,4.80999994,780.16803,3430.72192,3.00999999,768.148987,live_identity_metadata_unresolved,,0.000000,,not_comparable
2026-07-31T08:53:06.013258Z,233,SimpleChar:000F4270,ICC Peacekeeper,3430.72192,3.00999999,768.148987,3422.93188,3.00999999,766.849976,live_identity_metadata_unresolved,,0.000000,,not_comparable
2026-07-31T08:53:06.013258Z,234,SimpleChar:000F4270,ICC Peacekeeper,3422.93188,3.00999999,766.849976,3415.63599,3.00999999,769.05603,live_identity_metadata_unresolved,,0.000000,,not_comparable
2026-07-31T08:53:06.014779Z,235,SimpleChar:000F4270,ICC Peacekeeper,3415.63599,3.00999999,769.05603,3410.7229,3.39299989,773.750977,live_identity_metadata_unresolved,,0.001521,,not_comparable
2026-07-31T08:53:08.326182Z,237,SimpleChar:000F426E,ICC Peacekeeper,3399.39111,9.32999992,801.210022,3403.46997,9.01000023,803.08197,live_identity_metadata_unresolved,,4.656374,,not_comparable
2026-07-31T08:53:08.326182Z,238,SimpleChar:000F426E,ICC Peacekeeper,3403.46997,9.01000023,803.08197,3410.12891,9.01000023,802.544006,live_identity_metadata_unresolved,,0.000000,,not_comparable
2026-07-31T08:53:08.326182Z,239,SimpleChar:000F426E,ICC Peacekeeper,3410.12891,9.01000023,802.544006,3414.69702,9.01000023,807.255005,live_identity_metadata_unresolved,,0.000000,,not_comparable
2026-07-31T08:53:08.326182Z,240,SimpleChar:000F426E,ICC Peacekeeper,3414.69702,9.01000023,807.255005,3405.30298,9.01000023,806.513977,live_identity_metadata_unresolved,,0.000000,,not_comparable
2026-07-31T08:53:08.326182Z,241,SimpleChar:000F426E,ICC Peacekeeper,3405.30298,9.01000023,806.513977,3399.95996,9.03100014,805.98999,live_identity_metadata_unresolved,,0.000000,,not_comparable
2026-07-31T08:53:08.327182Z,242,SimpleChar:000F426E,ICC Peacekeeper,3399.95996,9.03100014,805.98999,3396.375,10.9130001,805.544006,live_identity_metadata_unresolved,,0.001000,,not_comparable
2026-07-31T08:53:08.327182Z,243,SimpleChar:000F426E,ICC Peacekeeper,3396.375,10.9130001,805.544006,3393.54395,12.2150002,803.781982,live_identity_metadata_unresolved,,0.000000,,not_comparable
2026-07-31T08:53:08.327182Z,244,SimpleChar:000F426E,ICC Peacekeeper,3393.54395,12.2150002,803.781982,3389.948,13.6999998,803.258972,live_identity_metadata_unresolved,,0.000000,,not_comparable
2026-07-31T08:53:08.327182Z,245,SimpleChar:000F426E,ICC Peacekeeper,3389.948,13.6999998,803.258972,3385.9021,15.7229996,803.281006,live_identity_metadata_unresolved,,0.000000,,not_comparable
2026-07-31T08:53:08.327182Z,246,SimpleChar:000F426E,ICC Peacekeeper,3385.9021,15.7229996,803.281006,3384.125,15.7810001,806.142029,live_identity_metadata_unresolved,,0.000000,,not_comparable
2026-07-31T08:53:08.327683Z,247,SimpleChar:000F426E,ICC Peacekeeper,3384.125,15.7810001,806.142029,3383.28906,15.7810001,809.822998,live_identity_metadata_unresolved,,0.000501,,not_comparable
2026-07-31T08:53:08.327683Z,248,SimpleChar:000F426E,ICC Peacekeeper,3383.28906,15.7810001,809.822998,3378.2439,17.1100006,814.338989,live_identity_metadata_unresolved,,0.000000,,not_comparable
2026-07-31T08:53:08.327683Z,249,SimpleChar:000F426E,ICC Peacekeeper,3378.2439,17.1100006,814.338989,3378.23706,17.1100006,812.47998,live_identity_metadata_unresolved,,0.000000,,not_comparable
2026-07-31T08:53:08.327683Z,250,SimpleChar:000F426E,ICC Peacekeeper,3378.23706,17.1100006,812.47998,3378.64795,17.1100006,808.104004,live_identity_metadata_unresolved,,0.000000,,not_comparable
2026-07-31T08:53:08.327683Z,251,SimpleChar:000F426E,ICC Peacekeeper,3378.64795,17.1100006,808.104004,3379.23608,17.1100006,802.273987,live_identity_metadata_unresolved,,0.000000,,not_comparable
2026-07-31T08:53:08.327683Z,252,SimpleChar:000F426E,ICC Peacekeeper,3379.23608,17.1100006,802.273987,3381.99292,15.0179996,800.572998,live_identity_metadata_unresolved,,0.000000,,not_comparable
2026-07-31T08:53:08.327683Z,253,SimpleChar:000F426E,ICC Peacekeeper,3381.99292,15.0179996,800.572998,3381.95898,15.0530005,793.69397,live_identity_metadata_unresolved,,0.000000,,not_comparable
2026-07-31T08:53:08.327683Z,254,SimpleChar:000F426E,ICC Peacekeeper,3381.95898,15.0530005,793.69397,3383.9751,15.7810001,801.231995,live_identity_metadata_unresolved,,0.000000,,not_comparable
2026-07-31T08:53:08.327683Z,255,SimpleChar:000F426E,ICC Peacekeeper,3383.9751,15.7810001,801.231995,3386.4519,15.3920002,801.755981,live_identity_metadata_unresolved,,0.000000,,not_comparable
2026-07-31T08:53:08.328686Z,256,SimpleChar:000F426E,ICC Peacekeeper,3386.4519,15.3920002,801.755981,3389.78003,13.7840004,801.335022,live_identity_metadata_unresolved,,0.001003,,not_comparable
2026-07-31T08:53:08.328686Z,257,SimpleChar:000F426E,ICC Peacekeeper,3389.78003,13.7840004,801.335022,3392.58301,12.6479998,802.104004,live_identity_metadata_unresolved,,0.000000,,not_comparable
2026-07-31T08:53:08.328686Z,258,SimpleChar:000F426E,ICC Peacekeeper,3392.58301,12.6479998,802.104004,3399.39111,9.32999992,801.210022,live_identity_metadata_unresolved,,0.000000,,not_comparable
2026-07-31T08:53:08.328686Z,259,SimpleChar:000F4270,ICC Peacekeeper,3411.87207,3.91000009,772.811707,3409.90723,4.69720316,778.801086,live_identity_metadata_unresolved,,2.313907,,not_comparable
2026-07-31T08:53:09.411707Z,260,SimpleChar:000F42CF,Garbage Flea,3450.19092,0.00999999978,818.429688,3451.69238,0.484349012,812.295288,live_identity_metadata_unresolved,,13.951376,,not_comparable
2026-07-31T08:53:10.619058Z,261,SimpleChar:000F426E,ICC Peacekeeper,3397.94287,10.1048613,801.337341,3403.46973,9.01033878,803.082397,live_identity_metadata_unresolved,,2.290372,,not_comparable
2026-07-31T08:53:10.619058Z,262,SimpleChar:000F426F,ICC Peacekeeper,3482.55225,7.40542603,786.795227,3487.0957,5.11000109,785.84668,live_identity_metadata_unresolved,,6.949250,,not_comparable
2026-07-31T08:53:11.620777Z,263,SimpleChar:000F42D0,Garbage Flea,3451.10913,0.00999999978,859.099121,3451.56519,0.892165005,852.259827,live_identity_metadata_unresolved,,6.887367,,not_comparable
2026-07-31T08:53:13.052808Z,267,SimpleChar:000F4270,ICC Peacekeeper,3409.90698,4.69700003,778.801025,3413.10205,4.96099997,782.013977,live_identity_metadata_unresolved,,4.724122,,not_comparable
2026-07-31T08:53:13.052808Z,268,SimpleChar:000F4270,ICC Peacekeeper,3410.7229,3.39299989,773.750977,3409.90698,4.69700003,778.801025,live_identity_metadata_unresolved,,0.000000,,not_comparable
2026-07-31T08:53:13.052808Z,269,SimpleChar:000F4270,ICC Peacekeeper,3413.10205,4.96099997,782.013977,3416.90308,5.03200006,782.054993,live_identity_metadata_unresolved,,0.000000,,not_comparable
2026-07-31T08:53:13.052808Z,270,SimpleChar:000F4270,ICC Peacekeeper,3416.90308,5.03200006,782.054993,3421.4541,5.11000013,781.221008,live_identity_metadata_unresolved,,0.000000,,not_comparable
2026-07-31T08:53:13.053808Z,271,SimpleChar:000F4270,ICC Peacekeeper,3421.4541,5.11000013,781.221008,3422.51196,5.11000013,781.172974,live_identity_metadata_unresolved,,0.001000,,not_comparable
2026-07-31T08:53:13.053808Z,272,SimpleChar:000F4270,ICC Peacekeeper,3422.51196,5.11000013,781.172974,3426.89209,5.11000013,781.125,live_identity_metadata_unresolved,,0.000000,,not_comparable
2026-07-31T08:53:13.053808Z,273,SimpleChar:000F4270,ICC Peacekeeper,3435.73511,5.11000013,780.870972,3439.74707,4.80999994,781.018982,live_identity_metadata_unresolved,,0.000000,,not_comparable
2026-07-31T08:53:13.053808Z,274,SimpleChar:000F4270,ICC Peacekeeper,3426.89209,5.11000013,781.125,3435.73511,5.11000013,780.870972,live_identity_metadata_unresolved,,0.000000,,not_comparable
2026-07-31T08:53:13.053808Z,275,SimpleChar:000F4270,ICC Peacekeeper,3439.74707,4.80999994,781.018982,3446.07397,4.80999994,780.16803,live_identity_metadata_unresolved,,0.000000,,not_comparable
2026-07-31T08:53:13.053808Z,276,SimpleChar:000F4270,ICC Peacekeeper,3446.07397,4.80999994,780.16803,3430.72192,3.00999999,768.148987,live_identity_metadata_unresolved,,0.000000,,not_comparable
2026-07-31T08:53:13.053808Z,277,SimpleChar:000F4270,ICC Peacekeeper,3430.72192,3.00999999,768.148987,3422.93188,3.00999999,766.849976,live_identity_metadata_unresolved,,0.000000,,not_comparable
2026-07-31T08:53:13.053808Z,278,SimpleChar:000F4270,ICC Peacekeeper,3422.93188,3.00999999,766.849976,3415.63599,3.00999999,769.05603,live_identity_metadata_unresolved,,0.000000,,not_comparable
2026-07-31T08:53:13.053808Z,279,SimpleChar:000F4270,ICC Peacekeeper,3415.63599,3.00999999,769.05603,3410.7229,3.39299989,773.750977,live_identity_metadata_unresolved,,0.000000,,not_comparable
2026-07-31T08:53:14.807512Z,283,SimpleChar:000F42FE,Garbage Flea,3424.00171,0.00999999978,861.836426,3422.72876,0.00999999978,875.664856,live_identity_metadata_unresolved,,9.539142,,not_comparable
2026-07-31T08:53:15.558356Z,284,SimpleChar:000F426E,ICC Peacekeeper,3399.39111,9.32999992,801.210022,3403.46997,9.01000023,803.08197,live_identity_metadata_unresolved,,4.939298,,not_comparable
2026-07-31T08:53:15.558356Z,285,SimpleChar:000F426E,ICC Peacekeeper,3403.46997,9.01000023,803.08197,3410.12891,9.01000023,802.544006,live_identity_metadata_unresolved,,0.000000,,not_comparable
2026-07-31T08:53:15.558356Z,286,SimpleChar:000F426E,ICC Peacekeeper,3410.12891,9.01000023,802.544006,3414.69702,9.01000023,807.255005,live_identity_metadata_unresolved,,0.000000,,not_comparable
2026-07-31T08:53:15.558356Z,287,SimpleChar:000F426E,ICC Peacekeeper,3414.69702,9.01000023,807.255005,3405.30298,9.01000023,806.513977,live_identity_metadata_unresolved,,0.000000,,not_comparable
2026-07-31T08:53:15.558356Z,288,SimpleChar:000F426E,ICC Peacekeeper,3405.30298,9.01000023,806.513977,3399.95996,9.03100014,805.98999,live_identity_metadata_unresolved,,0.000000,,not_comparable
2026-07-31T08:53:15.558356Z,289,SimpleChar:000F426E,ICC Peacekeeper,3399.95996,9.03100014,805.98999,3396.375,10.9130001,805.544006,live_identity_metadata_unresolved,,0.000000,,not_comparable
2026-07-31T08:53:15.558356Z,290,SimpleChar:000F426E,ICC Peacekeeper,3396.375,10.9130001,805.544006,3393.54395,12.2150002,803.781982,live_identity_metadata_unresolved,,0.000000,,not_comparable
2026-07-31T08:53:15.558356Z,291,SimpleChar:000F426E,ICC Peacekeeper,3393.54395,12.2150002,803.781982,3389.948,13.6999998,803.258972,live_identity_metadata_unresolved,,0.000000,,not_comparable
2026-07-31T08:53:15.559365Z,292,SimpleChar:000F426E,ICC Peacekeeper,3389.948,13.6999998,803.258972,3385.9021,15.7229996,803.281006,live_identity_metadata_unresolved,,0.001009,,not_comparable
2026-07-31T08:53:15.559365Z,293,SimpleChar:000F426E,ICC Peacekeeper,3385.9021,15.7229996,803.281006,3384.125,15.7810001,806.142029,live_identity_metadata_unresolved,,0.000000,,not_comparable
2026-07-31T08:53:15.559365Z,294,SimpleChar:000F426E,ICC Peacekeeper,3384.125,15.7810001,806.142029,3383.28906,15.7810001,809.822998,live_identity_metadata_unresolved,,0.000000,,not_comparable
2026-07-31T08:53:15.559365Z,295,SimpleChar:000F426E,ICC Peacekeeper,3383.28906,15.7810001,809.822998,3378.2439,17.1100006,814.338989,live_identity_metadata_unresolved,,0.000000,,not_comparable
2026-07-31T08:53:15.559365Z,296,SimpleChar:000F426E,ICC Peacekeeper,3378.2439,17.1100006,814.338989,3378.23706,17.1100006,812.47998,live_identity_metadata_unresolved,,0.000000,,not_comparable
2026-07-31T08:53:15.559365Z,297,SimpleChar:000F426E,ICC Peacekeeper,3378.23706,17.1100006,812.47998,3378.64795,17.1100006,808.104004,live_identity_metadata_unresolved,,0.000000,,not_comparable
2026-07-31T08:53:15.559365Z,298,SimpleChar:000F426E,ICC Peacekeeper,3378.64795,17.1100006,808.104004,3379.23608,17.1100006,802.273987,live_identity_metadata_unresolved,,0.000000,,not_comparable
2026-07-31T08:53:15.559365Z,299,SimpleChar:000F426E,ICC Peacekeeper,3379.23608,17.1100006,802.273987,3381.99292,15.0179996,800.572998,live_identity_metadata_unresolved,,0.000000,,not_comparable
2026-07-31T08:53:15.559365Z,300,SimpleChar:000F426E,ICC Peacekeeper,3381.99292,15.0179996,800.572998,3381.95898,15.0530005,793.69397,live_identity_metadata_unresolved,,0.000000,,not_comparable
2026-07-31T08:53:15.559365Z,301,SimpleChar:000F426E,ICC Peacekeeper,3381.95898,15.0530005,793.69397,3383.9751,15.7810001,801.231995,live_identity_metadata_unresolved,,0.000000,,not_comparable
2026-07-31T08:53:15.560354Z,302,SimpleChar:000F426E,ICC Peacekeeper,3383.9751,15.7810001,801.231995,3386.4519,15.3920002,801.755981,live_identity_metadata_unresolved,,0.000989,,not_comparable
2026-07-31T08:53:15.560354Z,303,SimpleChar:000F426E,ICC Peacekeeper,3386.4519,15.3920002,801.755981,3389.78003,13.7840004,801.335022,live_identity_metadata_unresolved,,0.000000,,not_comparable
2026-07-31T08:53:15.560354Z,304,SimpleChar:000F426E,ICC Peacekeeper,3389.78003,13.7840004,801.335022,3392.58301,12.6479998,802.104004,live_identity_metadata_unresolved,,0.000000,,not_comparable
2026-07-31T08:53:15.560354Z,305,SimpleChar:000F426E,ICC Peacekeeper,3392.58301,12.6479998,802.104004,3399.39111,9.32999992,801.210022,live_identity_metadata_unresolved,,0.000000,,not_comparable
2026-07-31T08:53:15.577367Z,306,SimpleChar:000F426F,ICC Peacekeeper,3485.9375,5.63793421,786.115723,3487.2959,4.84033012,782.97937,live_identity_metadata_unresolved,,4.958309,,not_comparable
2026-07-31T08:53:15.591878Z,307,SimpleChar:000F4270,ICC Peacekeeper,3411.87207,3.91000009,772.811707,3409.90723,4.69720316,778.801086,live_identity_metadata_unresolved,,2.538070,,not_comparable
2026-07-31T08:53:16.706509Z,314,SimpleChar:000F42CF,Garbage Flea,3451.41284,0.00999999978,813.422302,3453.63281,0.484349996,808.106934,live_identity_metadata_unresolved,,7.294802,,not_comparable
2026-07-31T08:53:17.318833Z,317,SimpleChar:000F4300,Garbage Flea,3448.92456,0.00999999978,825.958435,3448.77759,0.484173,833.061401,live_identity_metadata_unresolved,,14.317396,,not_comparable
2026-07-31T08:53:18.057785Z,320,SimpleChar:000F426E,ICC Peacekeeper,3397.94287,10.1048613,801.337341,3403.46973,9.01033878,803.082397,live_identity_metadata_unresolved,,2.497431,,not_comparable
2026-07-31T08:53:19.225094Z,324,SimpleChar:000F42D0,Garbage Flea,3451.47803,0.00999999978,853.527405,3454.21289,0.892165005,846.437866,live_identity_metadata_unresolved,,7.604317,,not_comparable
2026-07-31T08:53:20.693480Z,328,SimpleChar:000F426F,ICC Peacekeeper,3486.86279,5.36105204,784.078003,3482.7561,4.7806201,782.527283,live_identity_metadata_unresolved,,5.116113,,not_comparable
2026-07-31T08:53:20.707490Z,329,SimpleChar:000F4270,ICC Peacekeeper,3410.7229,3.39299989,773.750977,3409.90698,4.69700003,778.801025,live_identity_metadata_unresolved,,5.115612,,not_comparable
2026-07-31T08:53:20.707490Z,330,SimpleChar:000F4270,ICC Peacekeeper,3409.90698,4.69700003,778.801025,3413.10205,4.96099997,782.013977,live_identity_metadata_unresolved,,0.000000,,not_comparable
2026-07-31T08:53:20.707490Z,331,SimpleChar:000F4270,ICC Peacekeeper,3413.10205,4.96099997,782.013977,3416.90308,5.03200006,782.054993,live_identity_metadata_unresolved,,0.000000,,not_comparable
2026-07-31T08:53:20.707490Z,332,SimpleChar:000F4270,ICC Peacekeeper,3416.90308,5.03200006,782.054993,3421.4541,5.11000013,781.221008,live_identity_metadata_unresolved,,0.000000,,not_comparable
2026-07-31T08:53:20.707490Z,333,SimpleChar:000F4270,ICC Peacekeeper,3421.4541,5.11000013,781.221008,3422.51196,5.11000013,781.172974,live_identity_metadata_unresolved,,0.000000,,not_comparable
2026-07-31T08:53:20.707490Z,334,SimpleChar:000F4270,ICC Peacekeeper,3422.51196,5.11000013,781.172974,3426.89209,5.11000013,781.125,live_identity_metadata_unresolved,,0.000000,,not_comparable
2026-07-31T08:53:20.707490Z,335,SimpleChar:000F4270,ICC Peacekeeper,3426.89209,5.11000013,781.125,3435.73511,5.11000013,780.870972,live_identity_metadata_unresolved,,0.000000,,not_comparable
2026-07-31T08:53:20.707490Z,336,SimpleChar:000F4270,ICC Peacekeeper,3435.73511,5.11000013,780.870972,3439.74707,4.80999994,781.018982,live_identity_metadata_unresolved,,0.000000,,not_comparable
2026-07-31T08:53:20.707490Z,337,SimpleChar:000F4270,ICC Peacekeeper,3439.74707,4.80999994,781.018982,3446.07397,4.80999994,780.16803,live_identity_metadata_unresolved,,0.000000,,not_comparable
2026-07-31T08:53:20.707490Z,338,SimpleChar:000F4270,ICC Peacekeeper,3446.07397,4.80999994,780.16803,3430.72192,3.00999999,768.148987,live_identity_metadata_unresolved,,0.000000,,not_comparable
2026-07-31T08:53:20.708494Z,339,SimpleChar:000F4270,ICC Peacekeeper,3430.72192,3.00999999,768.148987,3422.93188,3.00999999,766.849976,live_identity_metadata_unresolved,,0.001004,,not_comparable
2026-07-31T08:53:20.708494Z,340,SimpleChar:000F4270,ICC Peacekeeper,3422.93188,3.00999999,766.849976,3415.63599,3.00999999,769.05603,live_identity_metadata_unresolved,,0.000000,,not_comparable
2026-07-31T08:53:20.708494Z,341,SimpleChar:000F4270,ICC Peacekeeper,3415.63599,3.00999999,769.05603,3410.7229,3.39299989,773.750977,live_identity_metadata_unresolved,,0.000000,,not_comparable
2026-07-31T08:53:23.380482Z,351,SimpleChar:000F426E,ICC Peacekeeper,3399.39111,9.32999992,801.210022,3403.46997,9.01000023,803.08197,live_identity_metadata_unresolved,,5.322697,,not_comparable
2026-07-31T08:53:23.381482Z,352,SimpleChar:000F426E,ICC Peacekeeper,3403.46997,9.01000023,803.08197,3410.12891,9.01000023,802.544006,live_identity_metadata_unresolved,,0.001000,,not_comparable
2026-07-31T08:53:23.381482Z,353,SimpleChar:000F426E,ICC Peacekeeper,3410.12891,9.01000023,802.544006,3414.69702,9.01000023,807.255005,live_identity_metadata_unresolved,,0.000000,,not_comparable
2026-07-31T08:53:23.381482Z,354,SimpleChar:000F426E,ICC Peacekeeper,3414.69702,9.01000023,807.255005,3405.30298,9.01000023,806.513977,live_identity_metadata_unresolved,,0.000000,,not_comparable
2026-07-31T08:53:23.381482Z,355,SimpleChar:000F426E,ICC Peacekeeper,3405.30298,9.01000023,806.513977,3399.95996,9.03100014,805.98999,live_identity_metadata_unresolved,,0.000000,,not_comparable
2026-07-31T08:53:23.381482Z,356,SimpleChar:000F426E,ICC Peacekeeper,3399.95996,9.03100014,805.98999,3396.375,10.9130001,805.544006,live_identity_metadata_unresolved,,0.000000,,not_comparable
2026-07-31T08:53:23.381482Z,357,SimpleChar:000F426E,ICC Peacekeeper,3396.375,10.9130001,805.544006,3393.54395,12.2150002,803.781982,live_identity_metadata_unresolved,,0.000000,,not_comparable
2026-07-31T08:53:23.381482Z,358,SimpleChar:000F426E,ICC Peacekeeper,3393.54395,12.2150002,803.781982,3389.948,13.6999998,803.258972,live_identity_metadata_unresolved,,0.000000,,not_comparable
2026-07-31T08:53:23.381482Z,359,SimpleChar:000F426E,ICC Peacekeeper,3389.948,13.6999998,803.258972,3385.9021,15.7229996,803.281006,live_identity_metadata_unresolved,,0.000000,,not_comparable
2026-07-31T08:53:23.381482Z,360,SimpleChar:000F426E,ICC Peacekeeper,3385.9021,15.7229996,803.281006,3384.125,15.7810001,806.142029,live_identity_metadata_unresolved,,0.000000,,not_comparable
2026-07-31T08:53:23.381482Z,361,SimpleChar:000F426E,ICC Peacekeeper,3384.125,15.7810001,806.142029,3383.28906,15.7810001,809.822998,live_identity_metadata_unresolved,,0.000000,,not_comparable
2026-07-31T08:53:23.382481Z,362,SimpleChar:000F426E,ICC Peacekeeper,3383.28906,15.7810001,809.822998,3378.2439,17.1100006,814.338989,live_identity_metadata_unresolved,,0.000999,,not_comparable
2026-07-31T08:53:23.382481Z,363,SimpleChar:000F426E,ICC Peacekeeper,3378.2439,17.1100006,814.338989,3378.23706,17.1100006,812.47998,live_identity_metadata_unresolved,,0.000000,,not_comparable
2026-07-31T08:53:23.382481Z,364,SimpleChar:000F426E,ICC Peacekeeper,3378.23706,17.1100006,812.47998,3378.64795,17.1100006,808.104004,live_identity_metadata_unresolved,,0.000000,,not_comparable
2026-07-31T08:53:23.382481Z,365,SimpleChar:000F426E,ICC Peacekeeper,3378.64795,17.1100006,808.104004,3379.23608,17.1100006,802.273987,live_identity_metadata_unresolved,,0.000000,,not_comparable
2026-07-31T08:53:23.382481Z,366,SimpleChar:000F426E,ICC Peacekeeper,3379.23608,17.1100006,802.273987,3381.99292,15.0179996,800.572998,live_identity_metadata_unresolved,,0.000000,,not_comparable
2026-07-31T08:53:23.382481Z,367,SimpleChar:000F426E,ICC Peacekeeper,3381.99292,15.0179996,800.572998,3381.95898,15.0530005,793.69397,live_identity_metadata_unresolved,,0.000000,,not_comparable
2026-07-31T08:53:23.382481Z,368,SimpleChar:000F426E,ICC Peacekeeper,3381.95898,15.0530005,793.69397,3383.9751,15.7810001,801.231995,live_identity_metadata_unresolved,,0.000000,,not_comparable
2026-07-31T08:53:23.382481Z,369,SimpleChar:000F426E,ICC Peacekeeper,3383.9751,15.7810001,801.231995,3386.4519,15.3920002,801.755981,live_identity_metadata_unresolved,,0.000000,,not_comparable
2026-07-31T08:53:23.382481Z,370,SimpleChar:000F426E,ICC Peacekeeper,3386.4519,15.3920002,801.755981,3389.78003,13.7840004,801.335022,live_identity_metadata_unresolved,,0.000000,,not_comparable
2026-07-31T08:53:23.383481Z,371,SimpleChar:000F426E,ICC Peacekeeper,3389.78003,13.7840004,801.335022,3392.58301,12.6479998,802.104004,live_identity_metadata_unresolved,,0.001000,,not_comparable
2026-07-31T08:53:23.383481Z,372,SimpleChar:000F426E,ICC Peacekeeper,3392.58301,12.6479998,802.104004,3399.39111,9.32999992,801.210022,live_identity_metadata_unresolved,,0.000000,,not_comparable
2026-07-31T08:53:23.417150Z,373,SimpleChar:000F4270,ICC Peacekeeper,3411.87207,3.91000009,772.811707,3409.90723,4.69720316,778.801086,live_identity_metadata_unresolved,,2.708656,,not_comparable
2026-07-31T08:53:24.505889Z,378,SimpleChar:000F42CF,Garbage Flea,3453.10889,0.00999999978,809.313538,3449.17236,0.484349012,812.813599,live_identity_metadata_unresolved,,7.799380,,not_comparable
2026-07-31T08:53:25.171358Z,381,SimpleChar:000F4300,Garbage Flea,3448.80078,0.00999999978,831.855774,3450.31641,0.873831987,817.162231,live_identity_metadata_unresolved,,7.852525,,not_comparable
2026-07-31T08:53:25.948702Z,383,SimpleChar:000F426E,ICC Peacekeeper,3397.94287,10.1048613,801.337341,3403.46973,9.01033878,803.082397,live_identity_metadata_unresolved,,2.565221,,not_comparable
2026-07-31T08:53:25.961214Z,384,SimpleChar:000F426F,ICC Peacekeeper,3484.09155,5.1885519,782.895447,3476.31519,5.81336212,782.197388,live_identity_metadata_unresolved,,5.267734,,not_comparable
2026-07-31T08:53:27.189942Z,385,SimpleChar:000F42D0,Garbage Flea,3453.76416,0.00999999978,847.567322,3454.35864,0.892165005,841.742859,live_identity_metadata_unresolved,,7.964848,,not_comparable
2026-07-31T08:53:27.745839Z,386,SimpleChar:000F42FE,Garbage Flea,3422.85034,0.00999999978,874.377197,3422.02368,0.00999999978,891.119629,live_identity_metadata_unresolved,,12.938327,,not_comparable
2026-07-31T08:53:28.611328Z,390,SimpleChar:000F4270,ICC Peacekeeper,3410.7229,3.39299989,773.750977,3409.90698,4.69700003,778.801025,live_identity_metadata_unresolved,,5.194178,,not_comparable
2026-07-31T08:53:28.611328Z,391,SimpleChar:000F4270,ICC Peacekeeper,3409.90698,4.69700003,778.801025,3413.10205,4.96099997,782.013977,live_identity_metadata_unresolved,,0.000000,,not_comparable
2026-07-31T08:53:28.612328Z,392,SimpleChar:000F4270,ICC Peacekeeper,3413.10205,4.96099997,782.013977,3416.90308,5.03200006,782.054993,live_identity_metadata_unresolved,,0.001000,,not_comparable
2026-07-31T08:53:28.612328Z,393,SimpleChar:000F4270,ICC Peacekeeper,3416.90308,5.03200006,782.054993,3421.4541,5.11000013,781.221008,live_identity_metadata_unresolved,,0.000000,,not_comparable
2026-07-31T08:53:28.612328Z,394,SimpleChar:000F4270,ICC Peacekeeper,3421.4541,5.11000013,781.221008,3422.51196,5.11000013,781.172974,live_identity_metadata_unresolved,,0.000000,,not_comparable
2026-07-31T08:53:28.612328Z,395,SimpleChar:000F4270,ICC Peacekeeper,3422.51196,5.11000013,781.172974,3426.89209,5.11000013,781.125,live_identity_metadata_unresolved,,0.000000,,not_comparable
2026-07-31T08:53:28.612328Z,396,SimpleChar:000F4270,ICC Peacekeeper,3426.89209,5.11000013,781.125,3435.73511,5.11000013,780.870972,live_identity_metadata_unresolved,,0.000000,,not_comparable
2026-07-31T08:53:28.612328Z,397,SimpleChar:000F4270,ICC Peacekeeper,3435.73511,5.11000013,780.870972,3439.74707,4.80999994,781.018982,live_identity_metadata_unresolved,,0.000000,,not_comparable
2026-07-31T08:53:28.612328Z,398,SimpleChar:000F4270,ICC Peacekeeper,3439.74707,4.80999994,781.018982,3446.07397,4.80999994,780.16803,live_identity_metadata_unresolved,,0.000000,,not_comparable
2026-07-31T08:53:28.612328Z,399,SimpleChar:000F4270,ICC Peacekeeper,3446.07397,4.80999994,780.16803,3430.72192,3.00999999,768.148987,live_identity_metadata_unresolved,,0.000000,,not_comparable
2026-07-31T08:53:28.612328Z,400,SimpleChar:000F4270,ICC Peacekeeper,3430.72192,3.00999999,768.148987,3422.93188,3.00999999,766.849976,live_identity_metadata_unresolved,,0.000000,,not_comparable
2026-07-31T08:53:28.613328Z,401,SimpleChar:000F4270,ICC Peacekeeper,3422.93188,3.00999999,766.849976,3415.63599,3.00999999,769.05603,live_identity_metadata_unresolved,,0.001000,,not_comparable
2026-07-31T08:53:28.613328Z,402,SimpleChar:000F4270,ICC Peacekeeper,3415.63599,3.00999999,769.05603,3410.7229,3.39299989,773.750977,live_identity_metadata_unresolved,,0.000000,,not_comparable
2026-07-31T08:53:29.727608Z,403,SimpleChar:000F42D1,Garbage Flea,3453.60864,0.00999999978,875.229919,3453.51245,0.636054993,879.729492,exact_promoted_route,m09445,,,not_comparable
2026-07-31T08:53:30.330485Z,417,SimpleChar:000F4300,Garbage Flea,3450.18945,0.00999999978,818.437866,3451.69238,0.484349012,812.295288,live_identity_metadata_unresolved,,5.159127,,not_comparable
