LiveIdentity,Name,NpcFamily,MonsterData,Level,PlayfieldId,PositionX,PositionY,PositionZ,PatrolRows,SpawnRows,ChaseRows,FleeRows,LeashRows,NearestPatrolStartMeters,PatrolActivationEligible,SelectedSourceIdentity,SelectedSourceGeneration,SelectedVariantDistanceMeters,SelectedPatrolRows,SelectedPatrolNearestMeters,FirstPatrolDecisionEligible,ObservedNpcPathPackets,ExactReason
SimpleChar:000F426B,Eliseo Ye,103,26139,19,6553,3436.187,9.01,887.3641,0,0,0,0,0,,false,,,,0,,false,0,no_exact_promoted_metadata_constraint
SimpleChar:000F426D,Furniture Merchant,0,26137,104,6553,3438.173,9.165,892.195251,0,0,0,0,0,,false,,,,0,,false,0,no_exact_promoted_metadata_constraint
SimpleChar:000F4273,Janae Seaman,103,26149,23,6553,3463.00171,9.01,889.49884,0,15,0,0,0,,false,SimpleChar:78E0FD08,11,5.052963,0,,false,0,selected_source_variant_has_no_patrol_observation
SimpleChar:000F4292,Omni-Pol Guard,2,26097,20,6553,3381.43726,17.11,850.484131,0,0,0,0,0,,false,,,,0,,false,0,no_exact_promoted_metadata_constraint
SimpleChar:000F42AA,32-V Docker,1019,17649,3,6553,3495.097,5.11,880.632,0,0,0,0,0,,false,,,,0,,false,0,no_exact_promoted_metadata_constraint
SimpleChar:000F42D1,Garbage Flea,25,17657,5,6553,3452.705,1.24399948,878.063538,242,24,4,1,3,0.874642,true,SimpleChar:7989158A,1,0.874642,32,0.874642,true,1,live_movement_packet_observed
SimpleChar:000F42D5,Garbage Flea,25,17657,6,6553,3422.02368,0.01,891.1196,181,30,2,2,0,16.742097,false,,,,0,,false,2,no_source_variant_within_6m
SimpleChar:000F4306,Garbage Flea,25,17657,6,6553,3437.13,0.01,803.59,181,30,2,2,0,2.000960,true,SimpleChar:7989162E,2,2.000960,12,2.000960,true,0,eligible_selected_patrol_but_no_live_movement_packet
SimpleChar:000F4308,Garbage Flea,25,17657,6,6553,3452.59,0.01,858.98,181,30,2,2,0,1.474298,true,SimpleChar:798917F7,1,1.474298,45,1.474298,true,0,eligible_selected_patrol_but_no_live_movement_packet
