SourceRowNumber,SourceFamilyName,NormalizedFamilyName,CanonicalFamilyKey,AliasOrVariantRelationship,Zone,PlayfieldName,PlayfieldId,CoordinateX,CoordinateY,CoordinateText,ApproximateBossLevel,BossLevelDescription,MinionMinimumLevel,MinionMaximumLevel,MinionLevelDescription,BossOnlyCamp,NoMobs,CampNotes,SourceId,EvidenceConfidence,SpawnEvidenceType,StaticOrDynamic,NormalizationNotes,UnresolvedFields
1,Blubbags,blubbag,family-blubbag,SINGULAR_PLURAL_VARIANT,Aegean,Aegean,585,1740,1940,1740x1940,20,Approximate boss level 20,15,20,15-20,False,False,,SRC-DYNA-ODT-001,COMMUNITY_DOCUMENTED,DOCUMENTED_STATIC_SPAWN,Static,SINGULAR_PLURAL_VARIANT,[]
2,Blubbags,blubbag,family-blubbag,SINGULAR_PLURAL_VARIANT,Aegean,Aegean,585,1710,1720,1710x1720,30,Approximate boss level 30,25,30,25-30,False,False,,SRC-DYNA-ODT-001,COMMUNITY_DOCUMENTED,DOCUMENTED_STATIC_SPAWN,Static,SINGULAR_PLURAL_VARIANT,[]
3,Blubbags,blubbag,family-blubbag,SINGULAR_PLURAL_VARIANT,Aegean,Aegean,585,1680,1730,1680x1730,30,Approximate boss level 30,25,30,25-30,False,False,,SRC-DYNA-ODT-001,COMMUNITY_DOCUMENTED,DOCUMENTED_STATIC_SPAWN,Static,SINGULAR_PLURAL_VARIANT,[]
4,Fleas,flea,family-flea,SINGULAR_PLURAL_VARIANT,Aegean,Aegean,585,1420,2620,1420x2620,35,Approximate boss level 35,25,30,25-30,False,False,,SRC-DYNA-ODT-001,COMMUNITY_DOCUMENTED,DOCUMENTED_STATIC_SPAWN,Static,SINGULAR_PLURAL_VARIANT,[]
5,Fleas,flea,family-flea,SINGULAR_PLURAL_VARIANT,Aegean,Aegean,585,1580,2780,1580x2780,35,Approximate boss level 35,25,30,25-30,False,False,,SRC-DYNA-ODT-001,COMMUNITY_DOCUMENTED,DOCUMENTED_STATIC_SPAWN,Static,SINGULAR_PLURAL_VARIANT,[]
6,Fleas,flea,family-flea,SINGULAR_PLURAL_VARIANT,Aegean,Aegean,585,2100,2340,2100x2340,35,Approximate boss level 35,25,30,25-30,False,False,,SRC-DYNA-ODT-001,COMMUNITY_DOCUMENTED,DOCUMENTED_STATIC_SPAWN,Static,SINGULAR_PLURAL_VARIANT,[]
7,Leets,leet,family-leet,SINGULAR_PLURAL_VARIANT,Aegean,Aegean,585,1340,1900,1340x1900,40,Approximate boss level 40,30,35,30-35,False,False,,SRC-DYNA-ODT-001,COMMUNITY_DOCUMENTED,DOCUMENTED_STATIC_SPAWN,Static,SINGULAR_PLURAL_VARIANT,[]
8,Androids,android,family-android,SINGULAR_PLURAL_VARIANT,Aegean,Aegean,585,980,380,980x380,50,Approximate boss level 50,40,45,40-45,False,False,,SRC-DYNA-ODT-001,COMMUNITY_DOCUMENTED,DOCUMENTED_STATIC_SPAWN,Static,SINGULAR_PLURAL_VARIANT,[]
9,Hounds,hound,family-hound,SINGULAR_PLURAL_VARIANT,Aegean,Aegean,585,1620,2060,1620x2060,50,Approximate boss level 50,40,45,40-45,False,False,,SRC-DYNA-ODT-001,COMMUNITY_DOCUMENTED,DOCUMENTED_STATIC_SPAWN,Static,SINGULAR_PLURAL_VARIANT,[]
10,Rollerrats,rollerrat,family-rollerrat,SINGULAR_PLURAL_VARIANT,Aegean,Aegean,585,1860,2780,1860x2780,50,Approximate boss level 50,40,45,40-45,False,False,,SRC-DYNA-ODT-001,COMMUNITY_DOCUMENTED,DOCUMENTED_STATIC_SPAWN,Static,SINGULAR_PLURAL_VARIANT,[]
11,Hounds,hound,family-hound,SINGULAR_PLURAL_VARIANT,Aegean,Aegean,585,2140,980,2140x980,60,Approximate boss level 60,45,50,45-50,False,False,,SRC-DYNA-ODT-001,COMMUNITY_DOCUMENTED,DOCUMENTED_STATIC_SPAWN,Static,SINGULAR_PLURAL_VARIANT,[]
12,Mantezes,manteze,family-manteze,SINGULAR_PLURAL_VARIANT,Aegean,Aegean,585,1420,700,1420x700,60,Approximate boss level 60,45,50,45-50,False,False,,SRC-DYNA-ODT-001,COMMUNITY_DOCUMENTED,DOCUMENTED_STATIC_SPAWN,Static,SINGULAR_PLURAL_VARIANT,[]
13,Mantezes,manteze,family-manteze,SINGULAR_PLURAL_VARIANT,Aegean,Aegean,585,1180,940,1180x940,60,Approximate boss level 60,45,50,45-50,False,False,,SRC-DYNA-ODT-001,COMMUNITY_DOCUMENTED,DOCUMENTED_STATIC_SPAWN,Static,SINGULAR_PLURAL_VARIANT,[]
14,Mechdogs,mechdog,family-mechdog,SINGULAR_PLURAL_VARIANT,Aegean,Aegean,585,1100,1700,1100x1700,60,Approximate boss level 60,45,50,45-50,False,False,,SRC-DYNA-ODT-001,COMMUNITY_DOCUMENTED,DOCUMENTED_STATIC_SPAWN,Static,SINGULAR_PLURAL_VARIANT,[]
15,Androids,android,family-android,SINGULAR_PLURAL_VARIANT,Aegean,Aegean,585,860,2340,860x2340,65,Approximate boss level 65,50,55,50-55,False,False,,SRC-DYNA-ODT-001,COMMUNITY_DOCUMENTED,DOCUMENTED_STATIC_SPAWN,Static,SINGULAR_PLURAL_VARIANT,[]
16,Tentacle Mutant,tentacle mutant,family-tentacle-mutant,EXACT_NORMALIZATION,Aegean,Aegean,585,660,820,660x820,70,Approximate boss level 70,,,(no mobs),True,True,,SRC-DYNA-ODT-001,COMMUNITY_DOCUMENTED,DOCUMENTED_STATIC_SPAWN,Static,EXACT_NORMALIZATION,[]
17,Androids,android,family-android,SINGULAR_PLURAL_VARIANT,Aegean,Aegean,585,380,2300,380x2300,70,Approximate boss level 70,55,60,55-60,False,False,,SRC-DYNA-ODT-001,COMMUNITY_DOCUMENTED,DOCUMENTED_STATIC_SPAWN,Static,SINGULAR_PLURAL_VARIANT,[]
18,Hounds,hound,family-hound,SINGULAR_PLURAL_VARIANT,Aegean,Aegean,585,820,980,820x980,70,Approximate boss level 70,55,60,55-60,False,False,,SRC-DYNA-ODT-001,COMMUNITY_DOCUMENTED,DOCUMENTED_STATIC_SPAWN,Static,SINGULAR_PLURAL_VARIANT,[]
19,Anuns,anun,family-anun,SINGULAR_PLURAL_VARIANT,Aegean,Aegean,585,1300,1530,1300x1530,75,Approximate boss level 75,60,65,60-65,False,False,,SRC-DYNA-ODT-001,COMMUNITY_DOCUMENTED,DOCUMENTED_STATIC_SPAWN,Static,SINGULAR_PLURAL_VARIANT,[]
20,Mantezes,manteze,family-manteze,SINGULAR_PLURAL_VARIANT,Aegean,Aegean,585,2060,740,2060x740,75,Approximate boss level 75,60,65,60-65,False,False,,SRC-DYNA-ODT-001,COMMUNITY_DOCUMENTED,DOCUMENTED_STATIC_SPAWN,Static,SINGULAR_PLURAL_VARIANT,[]
21,Rhinomen,rhinoman,family-rhinoman,SPELLING_VARIANT,Aegean,Aegean,585,460,340,460x340,75,Approximate boss level 75,60,65,60-65,False,False,,SRC-DYNA-ODT-001,COMMUNITY_DOCUMENTED,DOCUMENTED_STATIC_SPAWN,Static,SPELLING_VARIANT,[]
22,Leets,leet,family-leet,SINGULAR_PLURAL_VARIANT,Andromeda,Andromeda,,1380,2700,1380x2700,40,Approximate boss level 40,30,35,30-35,False,False,,SRC-DYNA-ODT-001,COMMUNITY_DOCUMENTED,DOCUMENTED_STATIC_SPAWN,Static,SINGULAR_PLURAL_VARIANT,['PlayfieldId']
23,Hammerbeasts,hammerbeast,family-hammerbeast,EXACT_NORMALIZATION,Andromeda,Andromeda,,1700,2740,1700x2740,45,Approximate boss level 45,35,40,35-40,False,False,,SRC-DYNA-ODT-001,COMMUNITY_DOCUMENTED,DOCUMENTED_STATIC_SPAWN,Static,EXACT_NORMALIZATION,['PlayfieldId']
24,Scorpiods,scorpiod,family-scorpiod,SINGULAR_PLURAL_VARIANT,Andromeda,Andromeda,,1220,2100,1220x2100,50,Approximate boss level 50,40,45,40-45,False,False,,SRC-DYNA-ODT-001,COMMUNITY_DOCUMENTED,DOCUMENTED_STATIC_SPAWN,Static,SINGULAR_PLURAL_VARIANT,['PlayfieldId']
25,Shadowmutants,shadowmutant,family-shadowmutant,EXACT_NORMALIZATION,Andromeda,Andromeda,,3020,2220,3020x2220,70,Approximate boss level 70,50,55,50-55,False,False,,SRC-DYNA-ODT-001,COMMUNITY_DOCUMENTED,DOCUMENTED_STATIC_SPAWN,Static,EXACT_NORMALIZATION,['PlayfieldId']
26,Hounds,hound,family-hound,SINGULAR_PLURAL_VARIANT,Andromeda,Andromeda,,460,580,460x580,70,Approximate boss level 70,55,60,55-60,False,False,,SRC-DYNA-ODT-001,COMMUNITY_DOCUMENTED,DOCUMENTED_STATIC_SPAWN,Static,SINGULAR_PLURAL_VARIANT,['PlayfieldId']
27,Snakes,snake,family-snake,SINGULAR_PLURAL_VARIANT,Andromeda,Andromeda,,1180,1420,1180x1420,80,Approximate boss level 80,60,65,60-65,False,False,,SRC-DYNA-ODT-001,COMMUNITY_DOCUMENTED,DOCUMENTED_STATIC_SPAWN,Static,SINGULAR_PLURAL_VARIANT,['PlayfieldId']
28,Hammerbeasts,hammerbeast,family-hammerbeast,EXACT_NORMALIZATION,Andromeda,Andromeda,,4180,420,4180x420,85,Approximate boss level 85,70,75,70-75,False,False,,SRC-DYNA-ODT-001,COMMUNITY_DOCUMENTED,DOCUMENTED_STATIC_SPAWN,Static,EXACT_NORMALIZATION,['PlayfieldId']
29,Spiders,spider,family-spider,SINGULAR_PLURAL_VARIANT,Andromeda,Andromeda,,2940,2020,2940x2020,95,Approximate boss level 95,75,80,75-80,False,False,,SRC-DYNA-ODT-001,COMMUNITY_DOCUMENTED,DOCUMENTED_STATIC_SPAWN,Static,SINGULAR_PLURAL_VARIANT,['PlayfieldId']
30,Spiders,spider,family-spider,SINGULAR_PLURAL_VARIANT,Andromeda,Andromeda,,2220,1500,2220x1500,95,Approximate boss level 95,75,80,75-80,False,False,,SRC-DYNA-ODT-001,COMMUNITY_DOCUMENTED,DOCUMENTED_STATIC_SPAWN,Static,SINGULAR_PLURAL_VARIANT,['PlayfieldId']
31,Shadowmutants,shadowmutant,family-shadowmutant,EXACT_NORMALIZATION,Andromeda,Andromeda,,4520,1150,4520x1150,100,Approximate boss level 100,80,85,80-85,False,False,,SRC-DYNA-ODT-001,COMMUNITY_DOCUMENTED,DOCUMENTED_STATIC_SPAWN,Static,EXACT_NORMALIZATION,['PlayfieldId']
32,Snakes,snake,family-snake,SINGULAR_PLURAL_VARIANT,Andromeda,Andromeda,,3020,300,3020x300,105,Approximate boss level 105,85,90,85-90,False,False,,SRC-DYNA-ODT-001,COMMUNITY_DOCUMENTED,DOCUMENTED_STATIC_SPAWN,Static,SINGULAR_PLURAL_VARIANT,['PlayfieldId']
33,Pit Lizards,pit lizard,family-pit-lizard,SINGULAR_PLURAL_VARIANT,Belial Forest,Belial Forest,605,1450,665,1450x665,175,Approximate boss level 175,160,165,160-165,False,False,,SRC-DYNA-ODT-001,COMMUNITY_DOCUMENTED,DOCUMENTED_STATIC_SPAWN,Static,SINGULAR_PLURAL_VARIANT,[]
34,Enigmas,enigma,family-enigma,SINGULAR_PLURAL_VARIANT,Belial Forest,Belial Forest,605,1660,3100,1660x3100,135,Approximate boss level 135,110,115,110-115,False,False,,SRC-DYNA-ODT-001,COMMUNITY_DOCUMENTED,DOCUMENTED_STATIC_SPAWN,Static,SINGULAR_PLURAL_VARIANT,[]
35,Ottous,ottou,family-ottou,EXACT_NORMALIZATION,Belial Forest,Belial Forest,605,2120,2980,2120x2980,135,Approximate boss level 135,110,115,110-115,False,False,,SRC-DYNA-ODT-001,COMMUNITY_DOCUMENTED,DOCUMENTED_STATIC_SPAWN,Static,EXACT_NORMALIZATION,[]
36,Ninjadroids,ninja droid,family-ninja-droid,SPELLING_VARIANT,Belial Forest,Belial Forest,605,380,2260,380x2260,150,Approximate boss level 150,125,130,125-130,False,False,,SRC-DYNA-ODT-001,COMMUNITY_DOCUMENTED,DOCUMENTED_STATIC_SPAWN,Static,SPELLING_VARIANT,[]
37,Bileswarms,bileswarm,family-bileswarm,SINGULAR_PLURAL_VARIANT,Belial Forest,Belial Forest,605,1700,2580,1700x2580,160,Approximate boss level 160,,,(no mobs),True,True,,SRC-DYNA-ODT-001,COMMUNITY_DOCUMENTED,DOCUMENTED_STATIC_SPAWN,Static,SINGULAR_PLURAL_VARIANT,[]
38,Ninjadroids,ninja droid,family-ninja-droid,SPELLING_VARIANT,Belial Forest,Belial Forest,605,2500,2140,2500x2140,160,Approximate boss level 160,135,140,135-140,False,False,,SRC-DYNA-ODT-001,COMMUNITY_DOCUMENTED,DOCUMENTED_STATIC_SPAWN,Static,SPELLING_VARIANT,[]
39,Enigmas,enigma,family-enigma,SINGULAR_PLURAL_VARIANT,Belial Forest,Belial Forest,605,580,1820,580x1820,165,Approximate boss level 165,135,140,135-140,False,False,,SRC-DYNA-ODT-001,COMMUNITY_DOCUMENTED,DOCUMENTED_STATIC_SPAWN,Static,SINGULAR_PLURAL_VARIANT,[]
40,Ninjadroids,ninja droid,family-ninja-droid,SPELLING_VARIANT,Belial Forest,Belial Forest,605,2200,2510,2200x2510,165,Approximate boss level 165,135,140,135-140,False,False,,SRC-DYNA-ODT-001,COMMUNITY_DOCUMENTED,DOCUMENTED_STATIC_SPAWN,Static,SPELLING_VARIANT,[]
41,Snakes,snake,family-snake,SINGULAR_PLURAL_VARIANT,Belial Forest,Belial Forest,605,460,780,460x780,170,Approximate boss level 170,140,145,140-145,False,False,,SRC-DYNA-ODT-001,COMMUNITY_DOCUMENTED,DOCUMENTED_STATIC_SPAWN,Static,SINGULAR_PLURAL_VARIANT,[]
42,Quake Lizards,quake lizard,family-quake-lizard,EXACT_NORMALIZATION,Belial Forest,Belial Forest,605,820,1940,820x1940,175,Approximate boss level 175,135,140,135-140,False,False,,SRC-DYNA-ODT-001,COMMUNITY_DOCUMENTED,DOCUMENTED_STATIC_SPAWN,Static,EXACT_NORMALIZATION,[]
43,Quake Lizards,quake lizard,family-quake-lizard,EXACT_NORMALIZATION,Belial Forest,Belial Forest,605,900,740,900x740,175,Approximate boss level 175,135,140,135-140,False,False,,SRC-DYNA-ODT-001,COMMUNITY_DOCUMENTED,DOCUMENTED_STATIC_SPAWN,Static,EXACT_NORMALIZATION,[]
44,Snakes,snake,family-snake,SINGULAR_PLURAL_VARIANT,Belial Forest,Belial Forest,605,1700,1380,1700x1380,180,Approximate boss level 180,150,155,150-155,False,False,,SRC-DYNA-ODT-001,COMMUNITY_DOCUMENTED,DOCUMENTED_STATIC_SPAWN,Static,SINGULAR_PLURAL_VARIANT,[]
45,Nanofreaks,nanofreak,family-nanofreak,EXACT_NORMALIZATION,Belial Forest,Belial Forest,605,1660,1780,1660x1780,185,Approximate boss level 185,151,155,151-155,False,False,,SRC-DYNA-ODT-001,COMMUNITY_DOCUMENTED,DOCUMENTED_STATIC_SPAWN,Static,EXACT_NORMALIZATION,[]
46,Snakes,snake,family-snake,SINGULAR_PLURAL_VARIANT,Belial Forest,Belial Forest,605,1500,2100,1500x2100,190,Approximate boss level 190,155,160,155-160,False,False,,SRC-DYNA-ODT-001,COMMUNITY_DOCUMENTED,DOCUMENTED_STATIC_SPAWN,Static,SINGULAR_PLURAL_VARIANT,[]
47,Snakes,snake,family-snake,SINGULAR_PLURAL_VARIANT,Belial Forest,Belial Forest,605,1780,1140,1780x1140,190,Approximate boss level 190,155,160,155-160,False,False,,SRC-DYNA-ODT-001,COMMUNITY_DOCUMENTED,DOCUMENTED_STATIC_SPAWN,Static,SINGULAR_PLURAL_VARIANT,[]
48,Pit Lizards,pit lizard,family-pit-lizard,SINGULAR_PLURAL_VARIANT,Belial Forest,Belial Forest,605,820,1340,820x1340,195,Approximate boss level 195,155,160,155-160,False,False,,SRC-DYNA-ODT-001,COMMUNITY_DOCUMENTED,DOCUMENTED_STATIC_SPAWN,Static,SINGULAR_PLURAL_VARIANT,[]
49,Pit Lizards,pit lizard,family-pit-lizard,SINGULAR_PLURAL_VARIANT,Belial Forest,Belial Forest,605,1480,640,1480x640,195,Approximate boss level 195,160,165,160-165,False,False,,SRC-DYNA-ODT-001,COMMUNITY_DOCUMENTED,DOCUMENTED_STATIC_SPAWN,Static,SINGULAR_PLURAL_VARIANT,[]
50,Snakes,snake,family-snake,SINGULAR_PLURAL_VARIANT,Belial Forest,Belial Forest,605,2380,1460,2380x1460,200,Approximate boss level 200,160,165,160-165,False,False,,SRC-DYNA-ODT-001,COMMUNITY_DOCUMENTED,DOCUMENTED_STATIC_SPAWN,Static,SINGULAR_PLURAL_VARIANT,[]
51,Nanofreaks,nanofreak,family-nanofreak,EXACT_NORMALIZATION,Belial Forest,Belial Forest,605,2380,740,2380x740,205,Approximate boss level 205,165,170,165-170,False,False,,SRC-DYNA-ODT-001,COMMUNITY_DOCUMENTED,DOCUMENTED_STATIC_SPAWN,Static,EXACT_NORMALIZATION,[]
52,Biledrinkers,biledrinker,family-biledrinker,EXACT_NORMALIZATION,Belial Forest,Belial Forest,605,2300,1260,2300x1260,205,Approximate boss level 205,170,175,170-175,False,False,,SRC-DYNA-ODT-001,COMMUNITY_DOCUMENTED,DOCUMENTED_STATIC_SPAWN,Static,EXACT_NORMALIZATION,[]
53,Biledrinkers,biledrinker,family-biledrinker,EXACT_NORMALIZATION,Belial Forest,Belial Forest,605,1700,540,1700x540,210,Approximate boss level 210,170,175,170-175,False,False,,SRC-DYNA-ODT-001,COMMUNITY_DOCUMENTED,DOCUMENTED_STATIC_SPAWN,Static,EXACT_NORMALIZATION,[]
54,Cyborgs,cyborg,family-cyborg,SINGULAR_PLURAL_VARIANT,Central Artery Valley,Central Artery Valley,,1380,2740,1380x2740,120,Approximate boss level 120,95,100,95-100,False,False,,SRC-DYNA-ODT-001,COMMUNITY_DOCUMENTED,DOCUMENTED_STATIC_SPAWN,Static,SINGULAR_PLURAL_VARIANT,['PlayfieldId']
55,Enigmas,enigma,family-enigma,SINGULAR_PLURAL_VARIANT,Central Artery Valley,Central Artery Valley,,1700,2500,1700x2500,120,Approximate boss level 120,100,105,100-105,False,False,,SRC-DYNA-ODT-001,COMMUNITY_DOCUMENTED,DOCUMENTED_STATIC_SPAWN,Static,SINGULAR_PLURAL_VARIANT,['PlayfieldId']
56,Spiders,spider,family-spider,SINGULAR_PLURAL_VARIANT,Central Artery Valley,Central Artery Valley,,860,2380,860x2380,130,Approximate boss level 130,105,110,105-110,False,False,,SRC-DYNA-ODT-001,COMMUNITY_DOCUMENTED,DOCUMENTED_STATIC_SPAWN,Static,SINGULAR_PLURAL_VARIANT,['PlayfieldId']
57,Spiders,spider,family-spider,SINGULAR_PLURAL_VARIANT,Central Artery Valley,Central Artery Valley,,460,2380,460x2380,135,Approximate boss level 135,110,115,110-115,False,False,,SRC-DYNA-ODT-001,COMMUNITY_DOCUMENTED,DOCUMENTED_STATIC_SPAWN,Static,SINGULAR_PLURAL_VARIANT,['PlayfieldId']
58,Anuns,anun,family-anun,SINGULAR_PLURAL_VARIANT,Central Artery Valley,Central Artery Valley,,420,1060,420x1060,145,Approximate boss level 145,115,120,115-120,False,False,,SRC-DYNA-ODT-001,COMMUNITY_DOCUMENTED,DOCUMENTED_STATIC_SPAWN,Static,SINGULAR_PLURAL_VARIANT,['PlayfieldId']
59,Spiders,spider,family-spider,SINGULAR_PLURAL_VARIANT,Central Artery Valley,Central Artery Valley,,940,1860,940x1860,145,Approximate boss level 145,115,120,115-120,False,False,,SRC-DYNA-ODT-001,COMMUNITY_DOCUMENTED,DOCUMENTED_STATIC_SPAWN,Static,SINGULAR_PLURAL_VARIANT,['PlayfieldId']
60,Spiders,spider,family-spider,SINGULAR_PLURAL_VARIANT,Central Artery Valley,Central Artery Valley,,3380,1380,3380x1380,145,Approximate boss level 145,120,125,120-125,False,False,,SRC-DYNA-ODT-001,COMMUNITY_DOCUMENTED,DOCUMENTED_STATIC_SPAWN,Static,SINGULAR_PLURAL_VARIANT,['PlayfieldId']
61,Spiders,spider,family-spider,SINGULAR_PLURAL_VARIANT,Central Artery Valley,Central Artery Valley,,500,1700,500x1700,150,Approximate boss level 150,120,125,120-125,False,False,,SRC-DYNA-ODT-001,COMMUNITY_DOCUMENTED,DOCUMENTED_STATIC_SPAWN,Static,SINGULAR_PLURAL_VARIANT,['PlayfieldId']
62,Spiders,spider,family-spider,SINGULAR_PLURAL_VARIANT,Central Artery Valley,Central Artery Valley,,2340,340,2340x340,150,Approximate boss level 150,120,125,120-125,False,False,,SRC-DYNA-ODT-001,COMMUNITY_DOCUMENTED,DOCUMENTED_STATIC_SPAWN,Static,SINGULAR_PLURAL_VARIANT,['PlayfieldId']
63,Snakes,snake,family-snake,SINGULAR_PLURAL_VARIANT,Central Artery Valley,Central Artery Valley,,3220,1620,3220x1620,150,Approximate boss level 150,125,130,125-130,False,False,,SRC-DYNA-ODT-001,COMMUNITY_DOCUMENTED,DOCUMENTED_STATIC_SPAWN,Static,SINGULAR_PLURAL_VARIANT,['PlayfieldId']
64,Enigmas,enigma,family-enigma,SINGULAR_PLURAL_VARIANT,Central Artery Valley,Central Artery Valley,,2380,2340,2380x2340,155,Approximate boss level 155,130,135,130-135,False,False,,SRC-DYNA-ODT-001,COMMUNITY_DOCUMENTED,DOCUMENTED_STATIC_SPAWN,Static,SINGULAR_PLURAL_VARIANT,['PlayfieldId']
65,Enigmas,enigma,family-enigma,SINGULAR_PLURAL_VARIANT,Central Artery Valley,Central Artery Valley,,2620,2820,2620x2820,160,Approximate boss level 160,130,135,130-135,False,False,,SRC-DYNA-ODT-001,COMMUNITY_DOCUMENTED,DOCUMENTED_STATIC_SPAWN,Static,SINGULAR_PLURAL_VARIANT,['PlayfieldId']
66,Snakes,snake,family-snake,SINGULAR_PLURAL_VARIANT,Central Artery Valley,Central Artery Valley,,380,420,380x420,160,Approximate boss level 160,130,135,130-135,False,False,,SRC-DYNA-ODT-001,COMMUNITY_DOCUMENTED,DOCUMENTED_STATIC_SPAWN,Static,SINGULAR_PLURAL_VARIANT,['PlayfieldId']
67,Anuns,anun,family-anun,SINGULAR_PLURAL_VARIANT,Central Artery Valley,Central Artery Valley,,3580,2940,3580x2940,165,Approximate boss level 165,130,135,130-135,False,False,,SRC-DYNA-ODT-001,COMMUNITY_DOCUMENTED,DOCUMENTED_STATIC_SPAWN,Static,SINGULAR_PLURAL_VARIANT,['PlayfieldId']
68,Enigmas,enigma,family-enigma,SINGULAR_PLURAL_VARIANT,Central Artery Valley,Central Artery Valley,,1340,860,1340x860,170,Approximate boss level 170,135,140,135-140,False,False,,SRC-DYNA-ODT-001,COMMUNITY_DOCUMENTED,DOCUMENTED_STATIC_SPAWN,Static,SINGULAR_PLURAL_VARIANT,['PlayfieldId']
69,Enigmas,enigma,family-enigma,SINGULAR_PLURAL_VARIANT,Central Artery Valley,Central Artery Valley,,940,1540,940x1540,170,Approximate boss level 170,140,145,140-145,False,False,,SRC-DYNA-ODT-001,COMMUNITY_DOCUMENTED,DOCUMENTED_STATIC_SPAWN,Static,SINGULAR_PLURAL_VARIANT,['PlayfieldId']
70,Nanofreaks,nanofreak,family-nanofreak,EXACT_NORMALIZATION,Central Artery Valley,Central Artery Valley,,2660,300,2660x300,205,Approximate boss level 205,165,170,165-170,False,False,,SRC-DYNA-ODT-001,COMMUNITY_DOCUMENTED,DOCUMENTED_STATIC_SPAWN,Static,EXACT_NORMALIZATION,['PlayfieldId']
71,Snakes,snake,family-snake,SINGULAR_PLURAL_VARIANT,Central Artery Valley,Central Artery Valley,,3540,1420,3540x1420,215,Approximate boss level 215,175,180,175-180,False,False,,SRC-DYNA-ODT-001,COMMUNITY_DOCUMENTED,DOCUMENTED_STATIC_SPAWN,Static,SINGULAR_PLURAL_VARIANT,['PlayfieldId']
72,Snakes,snake,family-snake,SINGULAR_PLURAL_VARIANT,Central Artery Valley,Central Artery Valley,,2500,1900,2500x1900,245,Approximate boss level 245,200,205,200-205,False,False,,SRC-DYNA-ODT-001,COMMUNITY_DOCUMENTED,DOCUMENTED_STATIC_SPAWN,Static,SINGULAR_PLURAL_VARIANT,['PlayfieldId']
73,Snakes,snake,family-snake,SINGULAR_PLURAL_VARIANT,Central Artery Valley,Central Artery Valley,,2500,1900,2500x1900,275,Approximate boss level 275,200,205,200-205,False,False,,SRC-DYNA-ODT-001,COMMUNITY_DOCUMENTED,DOCUMENTED_STATIC_SPAWN,Static,SINGULAR_PLURAL_VARIANT,['PlayfieldId']
74,Rhinomen,rhinoman,family-rhinoman,SPELLING_VARIANT,Newland Desert,Newland Desert,565,1260,2540,1260x2540,15,Approximate boss level 15,10,15,10-15,False,False,,SRC-DYNA-ODT-001,COMMUNITY_DOCUMENTED,DOCUMENTED_STATIC_SPAWN,Static,SPELLING_VARIANT,[]
75,Rhinomen,rhinoman,family-rhinoman,SPELLING_VARIANT,Newland Desert,Newland Desert,565,1340,2340,1340x2340,15,Approximate boss level 15,10,15,10-15,False,False,,SRC-DYNA-ODT-001,COMMUNITY_DOCUMENTED,DOCUMENTED_STATIC_SPAWN,Static,SPELLING_VARIANT,[]
76,Eyemutants,eyemutant,family-eyemutant,EXACT_NORMALIZATION,Newland Desert,Newland Desert,565,2180,2740,2180x2740,20,Approximate boss level 20,15,20,15-20,False,False,,SRC-DYNA-ODT-001,COMMUNITY_DOCUMENTED,DOCUMENTED_STATIC_SPAWN,Static,EXACT_NORMALIZATION,[]
77,Rhinomen,rhinoman,family-rhinoman,SPELLING_VARIANT,Newland Desert,Newland Desert,565,740,2390,740x2390,30,Approximate boss level 30,,,(no mobs),True,True,,SRC-DYNA-ODT-001,COMMUNITY_DOCUMENTED,DOCUMENTED_STATIC_SPAWN,Static,SPELLING_VARIANT,[]
78,Buzzsaws,buzzsaw,family-buzzsaw,EXACT_NORMALIZATION,Newland Desert,Newland Desert,565,2820,700,2820x700,30,Approximate boss level 30,20,25,20-25,False,False,,SRC-DYNA-ODT-001,COMMUNITY_DOCUMENTED,DOCUMENTED_STATIC_SPAWN,Static,EXACT_NORMALIZATION,[]
79,Brontos,bronto,family-bronto,EXACT_NORMALIZATION,Newland Desert,Newland Desert,565,2340,1060,2340x1060,30,Approximate boss level 30,20,25,20-25,False,False,,SRC-DYNA-ODT-001,COMMUNITY_DOCUMENTED,DOCUMENTED_STATIC_SPAWN,Static,EXACT_NORMALIZATION,[]
80,Lizards,lizard,family-lizard,EXACT_NORMALIZATION,Newland Desert,Newland Desert,565,340,1740,340x1740,30,Approximate boss level 30,20,25,20-25,False,False,,SRC-DYNA-ODT-001,COMMUNITY_DOCUMENTED,DOCUMENTED_STATIC_SPAWN,Static,EXACT_NORMALIZATION,[]
81,Fleas,flea,family-flea,SINGULAR_PLURAL_VARIANT,Newland Desert,Newland Desert,565,3260,2900,3260x2900,35,Approximate boss level 35,25,30,25-30,False,False,,SRC-DYNA-ODT-001,COMMUNITY_DOCUMENTED,DOCUMENTED_STATIC_SPAWN,Static,SINGULAR_PLURAL_VARIANT,[]
82,Rhinomen,rhinoman,family-rhinoman,SPELLING_VARIANT,Newland Desert,Newland Desert,565,1460,2140,1460x2140,40,Approximate boss level 40,30,35,30-35,False,False,,SRC-DYNA-ODT-001,COMMUNITY_DOCUMENTED,DOCUMENTED_STATIC_SPAWN,Static,SPELLING_VARIANT,[]
83,Salamanders,salamander,family-salamander,EXACT_NORMALIZATION,Newland Desert,Newland Desert,565,2740,2460,2740x2460,40,Approximate boss level 40,30,35,30-35,False,False,,SRC-DYNA-ODT-001,COMMUNITY_DOCUMENTED,DOCUMENTED_STATIC_SPAWN,Static,EXACT_NORMALIZATION,[]
84,Scorpiods,scorpiod,family-scorpiod,SINGULAR_PLURAL_VARIANT,Newland Desert,Newland Desert,565,2620,300,2620x300,40,Approximate boss level 40,30,35,30-35,False,False,,SRC-DYNA-ODT-001,COMMUNITY_DOCUMENTED,DOCUMENTED_STATIC_SPAWN,Static,SINGULAR_PLURAL_VARIANT,[]
85,Snakes,snake,family-snake,SINGULAR_PLURAL_VARIANT,Newland Desert,Newland Desert,565,2100,2220,2100x2220,40,Approximate boss level 40,30,35,30-35,False,False,,SRC-DYNA-ODT-001,COMMUNITY_DOCUMENTED,DOCUMENTED_STATIC_SPAWN,Static,SINGULAR_PLURAL_VARIANT,[]
86,Leets,leet,family-leet,SINGULAR_PLURAL_VARIANT,Newland Desert,Newland Desert,565,1220,2900,1220x2900,40,Approximate boss level 40,30,35,30-35,False,False,,SRC-DYNA-ODT-001,COMMUNITY_DOCUMENTED,DOCUMENTED_STATIC_SPAWN,Static,SINGULAR_PLURAL_VARIANT,[]
87,Leets,leet,family-leet,SINGULAR_PLURAL_VARIANT,Newland Desert,Newland Desert,565,740,2900,740x2900,40,Approximate boss level 40,30,35,30-35,False,False,,SRC-DYNA-ODT-001,COMMUNITY_DOCUMENTED,DOCUMENTED_STATIC_SPAWN,Static,SINGULAR_PLURAL_VARIANT,[]
88,Leets,leet,family-leet,SINGULAR_PLURAL_VARIANT,Newland Desert,Newland Desert,565,460,2380,460x2380,40,Approximate boss level 40,30,35,30-35,False,False,,SRC-DYNA-ODT-001,COMMUNITY_DOCUMENTED,DOCUMENTED_STATIC_SPAWN,Static,SINGULAR_PLURAL_VARIANT,[]
89,Scorpiods,scorpiod,family-scorpiod,SINGULAR_PLURAL_VARIANT,Newland Desert,Newland Desert,565,2340,660,2340x660,40,Approximate boss level 40,30,35,30-35,False,False,,SRC-DYNA-ODT-001,COMMUNITY_DOCUMENTED,DOCUMENTED_STATIC_SPAWN,Static,SINGULAR_PLURAL_VARIANT,[]
90,Rhinomen,rhinoman,family-rhinoman,SPELLING_VARIANT,Newland Desert,Newland Desert,565,1700,1580,1700x1580,40,Approximate boss level 40,30,35,30-35,False,False,,SRC-DYNA-ODT-001,COMMUNITY_DOCUMENTED,DOCUMENTED_STATIC_SPAWN,Static,SPELLING_VARIANT,[]
91,Minibulls,minibull,family-minibull,EXACT_NORMALIZATION,Newland Desert,Newland Desert,565,3420,2100,3420x2100,50,Approximate boss level 50,40,45,40-45,False,False,,SRC-DYNA-ODT-001,COMMUNITY_DOCUMENTED,DOCUMENTED_STATIC_SPAWN,Static,EXACT_NORMALIZATION,[]
92,Rhinomen,rhinoman,family-rhinoman,SPELLING_VARIANT,Newland Desert,Newland Desert,565,3490,1300,3490x1300,55,Approximate boss level 55,40,45,40-45,False,False,,SRC-DYNA-ODT-001,COMMUNITY_DOCUMENTED,DOCUMENTED_STATIC_SPAWN,Static,SPELLING_VARIANT,[]
93,Rhinomen,rhinoman,family-rhinoman,SPELLING_VARIANT,Newland Desert,Newland Desert,565,2820,1220,2820x1220,60,Approximate boss level 60,45,50,45-50,False,False,,SRC-DYNA-ODT-001,COMMUNITY_DOCUMENTED,DOCUMENTED_STATIC_SPAWN,Static,SPELLING_VARIANT,[]
94,Rhinomen,rhinoman,family-rhinoman,SPELLING_VARIANT,Newland Desert,Newland Desert,565,2660,1460,2660x1460,65,Approximate boss level 65,50,55,50-55,False,False,,SRC-DYNA-ODT-001,COMMUNITY_DOCUMENTED,DOCUMENTED_STATIC_SPAWN,Static,SPELLING_VARIANT,[]
95,Rhinomen,rhinoman,family-rhinoman,SPELLING_VARIANT,Newland Desert,Newland Desert,565,2810,1640,2810x1640,65,Approximate boss level 65,50,55,50-55,False,False,,SRC-DYNA-ODT-001,COMMUNITY_DOCUMENTED,DOCUMENTED_STATIC_SPAWN,Static,SPELLING_VARIANT,[]
96,Rhinomen,rhinoman,family-rhinoman,SPELLING_VARIANT,Newland Desert,Newland Desert,565,2820,1620,2820x1620,65,Approximate boss level 65,50,55,50-55,False,False,,SRC-DYNA-ODT-001,COMMUNITY_DOCUMENTED,DOCUMENTED_STATIC_SPAWN,Static,SPELLING_VARIANT,[]
97,Reets,reet,family-reet,EXACT_NORMALIZATION,Omni Forest,Omni Forest,716,660,2540,660x2540,5,Approximate boss level 5,3,4,3-4,False,False,,SRC-DYNA-ODT-001,COMMUNITY_DOCUMENTED,DOCUMENTED_STATIC_SPAWN,Static,EXACT_NORMALIZATION,[]
98,Blubbags,blubbag,family-blubbag,SINGULAR_PLURAL_VARIANT,Omni Forest,Omni Forest,716,540,2190,540x2190,5,Approximate boss level 5,3,4,3-4,False,False,,SRC-DYNA-ODT-001,COMMUNITY_DOCUMENTED,DOCUMENTED_STATIC_SPAWN,Static,SINGULAR_PLURAL_VARIANT,[]
99,Malle,malle,family-malle,EXACT_NORMALIZATION,Omni Forest,Omni Forest,716,380,1500,380x1500,10,Approximate boss level 10,3,5,3-5,False,False,,SRC-DYNA-ODT-001,COMMUNITY_DOCUMENTED,DOCUMENTED_STATIC_SPAWN,Static,EXACT_NORMALIZATION,[]
100,Igruana,igruana,family-igruana,EXACT_NORMALIZATION,Omni Forest,Omni Forest,716,380,3180,380x3180,10,Approximate boss level 10,5,6,5-6,False,False,,SRC-DYNA-ODT-001,COMMUNITY_DOCUMENTED,DOCUMENTED_STATIC_SPAWN,Static,EXACT_NORMALIZATION,[]
101,Biofreak,biofreak,family-biofreak,EXACT_NORMALIZATION,Omni Forest,Omni Forest,716,380,1300,380x1300,10,Approximate boss level 10,5,7,5-7,False,False,,SRC-DYNA-ODT-001,COMMUNITY_DOCUMENTED,DOCUMENTED_STATIC_SPAWN,Static,EXACT_NORMALIZATION,[]
102,Blubbags,blubbag,family-blubbag,SINGULAR_PLURAL_VARIANT,Omni Forest,Omni Forest,716,540,2860,540x2860,10,Approximate boss level 10,6,8,6-8,False,False,,SRC-DYNA-ODT-001,COMMUNITY_DOCUMENTED,DOCUMENTED_STATIC_SPAWN,Static,SINGULAR_PLURAL_VARIANT,[]
103,Leets,leet,family-leet,SINGULAR_PLURAL_VARIANT,Omni Forest,Omni Forest,716,380,820,380x820,10,Approximate boss level 10,7,8,7-8,False,False,,SRC-DYNA-ODT-001,COMMUNITY_DOCUMENTED,DOCUMENTED_STATIC_SPAWN,Static,SINGULAR_PLURAL_VARIANT,[]
104,Shadowmutants,shadowmutant,family-shadowmutant,EXACT_NORMALIZATION,Omni Forest,Omni Forest,716,300,1060,300x1060,10,Approximate boss level 10,8,10,8-10,False,False,,SRC-DYNA-ODT-001,COMMUNITY_DOCUMENTED,DOCUMENTED_STATIC_SPAWN,Static,EXACT_NORMALIZATION,[]
105,Tentacle Mutants,tentacle mutant,family-tentacle-mutant,EXACT_NORMALIZATION,Omni Forest,Omni Forest,716,850,3260,850x3260,15,Approximate boss level 15,11,13,11-13,False,False,,SRC-DYNA-ODT-001,COMMUNITY_DOCUMENTED,DOCUMENTED_STATIC_SPAWN,Static,EXACT_NORMALIZATION,[]
106,Pareets,reet,family-reet,DOCUMENTED_ALIAS,Omni Forest,Omni Forest,716,300,620,300x620,15,Approximate boss level 15,11,13,11-13,False,False,,SRC-DYNA-ODT-001,COMMUNITY_DOCUMENTED,DOCUMENTED_STATIC_SPAWN,Static,DOCUMENTED_ALIAS,[]
107,Aquaans,aquaan,family-aquaan,EXACT_NORMALIZATION,Omni Forest,Omni Forest,716,540,660,540x660,15,Approximate boss level 15,12,14,12-14,False,False,,SRC-DYNA-ODT-001,COMMUNITY_DOCUMENTED,DOCUMENTED_STATIC_SPAWN,Static,EXACT_NORMALIZATION,[]
108,Nighthowler,nighthowler,family-nighthowler,EXACT_NORMALIZATION,Omni Forest,Omni Forest,716,660,1340,660x1340,15,Approximate boss level 15,12,14,12-14,False,False,,SRC-DYNA-ODT-001,COMMUNITY_DOCUMENTED,DOCUMENTED_STATIC_SPAWN,Static,EXACT_NORMALIZATION,[]
109,Rhinomen,rhinoman,family-rhinoman,SPELLING_VARIANT,Omni Forest,Omni Forest,716,620,340,620x340,20,Approximate boss level 20,15,17,15-17,False,False,,SRC-DYNA-ODT-001,COMMUNITY_DOCUMENTED,DOCUMENTED_STATIC_SPAWN,Static,SPELLING_VARIANT,[]
110,Fleas,flea,family-flea,SINGULAR_PLURAL_VARIANT,Omni Forest,Omni Forest,716,540,1020,540x1020,25,Approximate boss level 25,17,19,17-19,False,False,,SRC-DYNA-ODT-001,COMMUNITY_DOCUMENTED,DOCUMENTED_STATIC_SPAWN,Static,SINGULAR_PLURAL_VARIANT,[]
111,Mantis,mantis,family-mantis,DISTINCT_VARIANT_RETAINED,Perpetual Wastelands,Perpetual Wastelands,,1160,1145,1160x1145,105,Approximate boss level 105,76,90,76-90,False,False,,SRC-DYNA-ODT-001,COMMUNITY_DOCUMENTED,DOCUMENTED_STATIC_SPAWN,Static,DISTINCT_VARIANT_RETAINED,['PlayfieldId']
112,Cyborgs,cyborg,family-cyborg,SINGULAR_PLURAL_VARIANT,Perpetual Wastelands,Perpetual Wastelands,,1935,1380,1935x1380,105,Approximate boss level 105,85,90,85-90,False,False,,SRC-DYNA-ODT-001,COMMUNITY_DOCUMENTED,DOCUMENTED_STATIC_SPAWN,Static,SINGULAR_PLURAL_VARIANT,['PlayfieldId']
113,Cyborgs,cyborg,family-cyborg,SINGULAR_PLURAL_VARIANT,Perpetual Wastelands,Perpetual Wastelands,,1950,1390,1950x1390,110,Approximate boss level 110,85,90,85-90,False,False,,SRC-DYNA-ODT-001,COMMUNITY_DOCUMENTED,DOCUMENTED_STATIC_SPAWN,Static,SINGULAR_PLURAL_VARIANT,['PlayfieldId']
114,Anuns,anun,family-anun,SINGULAR_PLURAL_VARIANT,Perpetual Wastelands,Perpetual Wastelands,,3060,920,3060x920,130,Approximate boss level 130,105,110,105-110,False,False,,SRC-DYNA-ODT-001,COMMUNITY_DOCUMENTED,DOCUMENTED_STATIC_SPAWN,Static,SINGULAR_PLURAL_VARIANT,['PlayfieldId']
115,Mantis,mantis,family-mantis,DISTINCT_VARIANT_RETAINED,Perpetual Wastelands,Perpetual Wastelands,,1460,860,1460x860,165,Approximate boss level 165,135,140,135-140,False,False,,SRC-DYNA-ODT-001,COMMUNITY_DOCUMENTED,DOCUMENTED_STATIC_SPAWN,Static,DISTINCT_VARIANT_RETAINED,['PlayfieldId']
116,Mantis,mantis,family-mantis,DISTINCT_VARIANT_RETAINED,Perpetual Wastelands,Perpetual Wastelands,,2660,2300,2660x2300,165,Approximate boss level 165,135,140,135-140,False,False,,SRC-DYNA-ODT-001,COMMUNITY_DOCUMENTED,DOCUMENTED_STATIC_SPAWN,Static,DISTINCT_VARIANT_RETAINED,['PlayfieldId']
117,Anuns,anun,family-anun,SINGULAR_PLURAL_VARIANT,Perpetual Wastelands,Perpetual Wastelands,,380,500,380x500,175,Approximate boss level 175,145,150,145-150,False,False,,SRC-DYNA-ODT-001,COMMUNITY_DOCUMENTED,DOCUMENTED_STATIC_SPAWN,Static,SINGULAR_PLURAL_VARIANT,['PlayfieldId']
118,Anuns,anun,family-anun,SINGULAR_PLURAL_VARIANT,Perpetual Wastelands,Perpetual Wastelands,,380,900,380x900,175,Approximate boss level 175,145,150,145-150,False,False,,SRC-DYNA-ODT-001,COMMUNITY_DOCUMENTED,DOCUMENTED_STATIC_SPAWN,Static,SINGULAR_PLURAL_VARIANT,['PlayfieldId']
119,Anuns,anun,family-anun,SINGULAR_PLURAL_VARIANT,Perpetual Wastelands,Perpetual Wastelands,,460,3140,460x3140,185,Approximate boss level 185,150,155,150-155,False,False,,SRC-DYNA-ODT-001,COMMUNITY_DOCUMENTED,DOCUMENTED_STATIC_SPAWN,Static,SINGULAR_PLURAL_VARIANT,['PlayfieldId']
120,Anuns,anun,family-anun,SINGULAR_PLURAL_VARIANT,Perpetual Wastelands,Perpetual Wastelands,,700,2460,700x2460,185,Approximate boss level 185,150,155,150-155,False,False,,SRC-DYNA-ODT-001,COMMUNITY_DOCUMENTED,DOCUMENTED_STATIC_SPAWN,Static,SINGULAR_PLURAL_VARIANT,['PlayfieldId']
121,Anuns,anun,family-anun,SINGULAR_PLURAL_VARIANT,Perpetual Wastelands,Perpetual Wastelands,,1260,2860,1260x2860,185,Approximate boss level 185,150,155,150-155,False,False,,SRC-DYNA-ODT-001,COMMUNITY_DOCUMENTED,DOCUMENTED_STATIC_SPAWN,Static,SINGULAR_PLURAL_VARIANT,['PlayfieldId']
122,Anuns,anun,family-anun,SINGULAR_PLURAL_VARIANT,Perpetual Wastelands,Perpetual Wastelands,,1340,3060,1340x3060,185,Approximate boss level 185,150,155,150-155,False,False,,SRC-DYNA-ODT-001,COMMUNITY_DOCUMENTED,DOCUMENTED_STATIC_SPAWN,Static,SINGULAR_PLURAL_VARIANT,['PlayfieldId']
123,Sandworms,sandworm,family-sandworm,EXACT_NORMALIZATION,Perpetual Wastelands,Perpetual Wastelands,,420,1500,420x1500,190,Approximate boss level 190,145,150,145-150,False,False,,SRC-DYNA-ODT-001,COMMUNITY_DOCUMENTED,DOCUMENTED_STATIC_SPAWN,Static,EXACT_NORMALIZATION,['PlayfieldId']
124,Mantis,mantis,family-mantis,DISTINCT_VARIANT_RETAINED,Perpetual Wastelands,Perpetual Wastelands,,2080,2770,2080x2770,195,Approximate boss level 195,75,180,75-180,False,False,,SRC-DYNA-ODT-001,COMMUNITY_DOCUMENTED,DOCUMENTED_STATIC_SPAWN,Static,DISTINCT_VARIANT_RETAINED,['PlayfieldId']
125,Mantis,mantis,family-mantis,DISTINCT_VARIANT_RETAINED,Perpetual Wastelands,Perpetual Wastelands,,2460,2660,2460x2660,200,Approximate boss level 200,165,170,165-170,False,False,,SRC-DYNA-ODT-001,COMMUNITY_DOCUMENTED,DOCUMENTED_STATIC_SPAWN,Static,DISTINCT_VARIANT_RETAINED,['PlayfieldId']
126,Mantis,mantis,family-mantis,DISTINCT_VARIANT_RETAINED,Perpetual Wastelands,Perpetual Wastelands,,2740,2460,2740x2460,200,Approximate boss level 200,165,170,165-170,False,False,,SRC-DYNA-ODT-001,COMMUNITY_DOCUMENTED,DOCUMENTED_STATIC_SPAWN,Static,DISTINCT_VARIANT_RETAINED,['PlayfieldId']
127,Mantis,mantis,family-mantis,DISTINCT_VARIANT_RETAINED,Perpetual Wastelands,Perpetual Wastelands,,2980,2940,2980x2940,200,Approximate boss level 200,165,170,165-170,False,False,,SRC-DYNA-ODT-001,COMMUNITY_DOCUMENTED,DOCUMENTED_STATIC_SPAWN,Static,DISTINCT_VARIANT_RETAINED,['PlayfieldId']
128,Mantis,mantis,family-mantis,DISTINCT_VARIANT_RETAINED,Perpetual Wastelands,Perpetual Wastelands,,3100,3260,3100x3260,200,Approximate boss level 200,165,170,165-170,False,False,,SRC-DYNA-ODT-001,COMMUNITY_DOCUMENTED,DOCUMENTED_STATIC_SPAWN,Static,DISTINCT_VARIANT_RETAINED,['PlayfieldId']
129,Anuns,anun,family-anun,SINGULAR_PLURAL_VARIANT,Perpetual Wastelands,Perpetual Wastelands,,3520,2020,3520x2020,200,Approximate boss level 200,165,170,165-170,False,False,,SRC-DYNA-ODT-001,COMMUNITY_DOCUMENTED,DOCUMENTED_STATIC_SPAWN,Static,SINGULAR_PLURAL_VARIANT,['PlayfieldId']
130,Mantis,mantis,family-mantis,DISTINCT_VARIANT_RETAINED,Perpetual Wastelands,Perpetual Wastelands,,2220,3340,2220x3340,205,Approximate boss level 205,165,170,165-170,False,False,,SRC-DYNA-ODT-001,COMMUNITY_DOCUMENTED,DOCUMENTED_STATIC_SPAWN,Static,DISTINCT_VARIANT_RETAINED,['PlayfieldId']
131,Sand Demon,sand demon,family-sand-demon,EXACT_NORMALIZATION,Perpetual Wastelands,Perpetual Wastelands,,3940,1780,3940x1780,210,Approximate boss level 210,,,(no mobs),True,True,,SRC-DYNA-ODT-001,COMMUNITY_DOCUMENTED,DOCUMENTED_STATIC_SPAWN,Static,EXACT_NORMALIZATION,['PlayfieldId']
132,Cyborgs,cyborg,family-cyborg,SINGULAR_PLURAL_VARIANT,Perpetual Wastelands,Perpetual Wastelands,,3460,2940,3460x2940,235,Approximate boss level 235,171,190,171-190,False,False,,SRC-DYNA-ODT-001,COMMUNITY_DOCUMENTED,DOCUMENTED_STATIC_SPAWN,Static,SINGULAR_PLURAL_VARIANT,['PlayfieldId']
133,Cyborgs,cyborg,family-cyborg,SINGULAR_PLURAL_VARIANT,Perpetual Wastelands,Perpetual Wastelands,,3475,2980,3475x2980,245,Approximate boss level 245,171,190,171-190,False,False,,SRC-DYNA-ODT-001,COMMUNITY_DOCUMENTED,DOCUMENTED_STATIC_SPAWN,Static,SINGULAR_PLURAL_VARIANT,['PlayfieldId']
134,Lizards,lizard,family-lizard,EXACT_NORMALIZATION,Varmint Woods,Varmint Woods,600,1740,2660,1740x2660,20,Approximate boss level 20,15,20,15-20,False,False,,SRC-DYNA-ODT-001,COMMUNITY_DOCUMENTED,DOCUMENTED_STATIC_SPAWN,Static,EXACT_NORMALIZATION,[]
135,Lizards,lizard,family-lizard,EXACT_NORMALIZATION,Varmint Woods,Varmint Woods,600,1020,2740,1020x2740,30,Approximate boss level 30,20,25,20-25,False,False,,SRC-DYNA-ODT-001,COMMUNITY_DOCUMENTED,DOCUMENTED_STATIC_SPAWN,Static,EXACT_NORMALIZATION,[]
136,Leets,leet,family-leet,SINGULAR_PLURAL_VARIANT,Varmint Woods,Varmint Woods,600,3340,2860,3340x2860,40,Approximate boss level 40,30,35,30-35,False,False,,SRC-DYNA-ODT-001,COMMUNITY_DOCUMENTED,DOCUMENTED_STATIC_SPAWN,Static,SINGULAR_PLURAL_VARIANT,[]
137,Rhinomen,rhinoman,family-rhinoman,SPELLING_VARIANT,Varmint Woods,Varmint Woods,600,1020,300,1020x300,60,Approximate boss level 60,45,50,45-50,False,False,,SRC-DYNA-ODT-001,COMMUNITY_DOCUMENTED,DOCUMENTED_STATIC_SPAWN,Static,SPELLING_VARIANT,[]
138,Blubbags,blubbag,family-blubbag,SINGULAR_PLURAL_VARIANT,Varmint Woods,Varmint Woods,600,1300,2340,1300x2340,60,Approximate boss level 60,51,56,51-56,False,False,,SRC-DYNA-ODT-001,COMMUNITY_DOCUMENTED,DOCUMENTED_STATIC_SPAWN,Static,SINGULAR_PLURAL_VARIANT,[]
139,Blubbags,blubbag,family-blubbag,SINGULAR_PLURAL_VARIANT,Varmint Woods,Varmint Woods,600,3060,2220,3060x2220,65,Approximate boss level 65,50,55,50-55,False,False,,SRC-DYNA-ODT-001,COMMUNITY_DOCUMENTED,DOCUMENTED_STATIC_SPAWN,Static,SINGULAR_PLURAL_VARIANT,[]
140,Rhinomen,rhinoman,family-rhinoman,SPELLING_VARIANT,Varmint Woods,Varmint Woods,600,1220,340,1220x340,65,Approximate boss level 65,50,55,50-55,False,False,,SRC-DYNA-ODT-001,COMMUNITY_DOCUMENTED,DOCUMENTED_STATIC_SPAWN,Static,SPELLING_VARIANT,[]
141,Spiders,spider,family-spider,SINGULAR_PLURAL_VARIANT,Varmint Woods,Varmint Woods,600,1420,1540,1420x1540,65,Approximate boss level 65,50,55,50-55,False,False,,SRC-DYNA-ODT-001,COMMUNITY_DOCUMENTED,DOCUMENTED_STATIC_SPAWN,Static,SINGULAR_PLURAL_VARIANT,[]
142,Manteze,manteze,family-manteze,DISTINCT_VARIANT_RETAINED,Varmint Woods,Varmint Woods,600,4020,1780,4020x1780,65,Approximate boss level 65,55,60,55-60,False,False,,SRC-DYNA-ODT-001,COMMUNITY_DOCUMENTED,DOCUMENTED_STATIC_SPAWN,Static,DISTINCT_VARIANT_RETAINED,[]
143,Rhinomen,rhinoman,family-rhinoman,SPELLING_VARIANT,Varmint Woods,Varmint Woods,600,1140,980,1140x980,70,Approximate boss level 70,55,60,55-60,False,False,,SRC-DYNA-ODT-001,COMMUNITY_DOCUMENTED,DOCUMENTED_STATIC_SPAWN,Static,SPELLING_VARIANT,[]
144,Manteze,manteze,family-manteze,DISTINCT_VARIANT_RETAINED,Varmint Woods,Varmint Woods,600,700,2180,700x2180,75,Approximate boss level 75,60,65,60-65,False,False,,SRC-DYNA-ODT-001,COMMUNITY_DOCUMENTED,DOCUMENTED_STATIC_SPAWN,Static,DISTINCT_VARIANT_RETAINED,[]
145,Manteze,manteze,family-manteze,DISTINCT_VARIANT_RETAINED,Varmint Woods,Varmint Woods,600,580,2540,580x2540,75,Approximate boss level 75,60,65,60-65,False,False,,SRC-DYNA-ODT-001,COMMUNITY_DOCUMENTED,DOCUMENTED_STATIC_SPAWN,Static,DISTINCT_VARIANT_RETAINED,[]
146,Manteze,manteze,family-manteze,DISTINCT_VARIANT_RETAINED,Varmint Woods,Varmint Woods,600,4060,1340,4060x1340,75,Approximate boss level 75,60,65,60-65,False,False,,SRC-DYNA-ODT-001,COMMUNITY_DOCUMENTED,DOCUMENTED_STATIC_SPAWN,Static,DISTINCT_VARIANT_RETAINED,[]
147,Rhinomen,rhinoman,family-rhinoman,SPELLING_VARIANT,Varmint Woods,Varmint Woods,600,1340,900,1340x900,75,Approximate boss level 75,60,65,60-65,False,False,,SRC-DYNA-ODT-001,COMMUNITY_DOCUMENTED,DOCUMENTED_STATIC_SPAWN,Static,SPELLING_VARIANT,[]
148,Rhinomen,rhinoman,family-rhinoman,SPELLING_VARIANT,Varmint Woods,Varmint Woods,600,1940,1860,1940x1860,75,Approximate boss level 75,60,65,60-65,False,False,,SRC-DYNA-ODT-001,COMMUNITY_DOCUMENTED,DOCUMENTED_STATIC_SPAWN,Static,SPELLING_VARIANT,[]
149,Unfinished Breed,unfinished breed,family-unfinished-breed,EXACT_NORMALIZATION,Varmint Woods,Varmint Woods,600,2040,420,2040x420,75,Approximate boss level 75,60,65,60-65,False,False,,SRC-DYNA-ODT-001,COMMUNITY_DOCUMENTED,DOCUMENTED_STATIC_SPAWN,Static,EXACT_NORMALIZATION,[]
150,Unfinished Breed,unfinished breed,family-unfinished-breed,EXACT_NORMALIZATION,Varmint Woods,Varmint Woods,600,2040,400,2040x400,75,Approximate boss level 75,60,65,60-65,False,False,,SRC-DYNA-ODT-001,COMMUNITY_DOCUMENTED,DOCUMENTED_STATIC_SPAWN,Static,EXACT_NORMALIZATION,[]
151,Manteze,manteze,family-manteze,DISTINCT_VARIANT_RETAINED,Varmint Woods,Varmint Woods,600,4220,380,4220x380,80,Approximate boss level 80,65,70,65-70,False,False,,SRC-DYNA-ODT-001,COMMUNITY_DOCUMENTED,DOCUMENTED_STATIC_SPAWN,Static,DISTINCT_VARIANT_RETAINED,[]
152,Rhinomen,rhinoman,family-rhinoman,SPELLING_VARIANT,Varmint Woods,Varmint Woods,600,1380,540,1380x540,80,Approximate boss level 80,65,70,65-70,False,False,,SRC-DYNA-ODT-001,COMMUNITY_DOCUMENTED,DOCUMENTED_STATIC_SPAWN,Static,SPELLING_VARIANT,[]
153,Rhinomen,rhinoman,family-rhinoman,SPELLING_VARIANT,Varmint Woods,Varmint Woods,600,1860,1100,1860x1100,100,Approximate boss level 100,80,85,80-85,False,False,,SRC-DYNA-ODT-001,COMMUNITY_DOCUMENTED,DOCUMENTED_STATIC_SPAWN,Static,SPELLING_VARIANT,[]
154,Bileswarms,bileswarm,family-bileswarm,SINGULAR_PLURAL_VARIANT,Varmint Woods,Varmint Woods,600,1700,820,1700x820,130,Approximate boss level 130,105,110,105-110,False,False,,SRC-DYNA-ODT-001,COMMUNITY_DOCUMENTED,DOCUMENTED_STATIC_SPAWN,Static,SINGULAR_PLURAL_VARIANT,[]
155,Biofreaks,biofreak,family-biofreak,EXACT_NORMALIZATION,Wailing Wastes,Wailing Wastes,551,340,1060,340x1060,45,Approximate boss level 45,35,40,35-40,False,False,,SRC-DYNA-ODT-001,COMMUNITY_DOCUMENTED,DOCUMENTED_STATIC_SPAWN,Static,EXACT_NORMALIZATION,[]
156,Blubbags,blubbag,family-blubbag,SINGULAR_PLURAL_VARIANT,Wailing Wastes,Wailing Wastes,551,1100,2020,1100x2020,50,Approximate boss level 50,35,40,35-40,False,False,,SRC-DYNA-ODT-001,COMMUNITY_DOCUMENTED,DOCUMENTED_STATIC_SPAWN,Static,SINGULAR_PLURAL_VARIANT,[]
157,Rollerrats,rollerrat,family-rollerrat,SINGULAR_PLURAL_VARIANT,Wailing Wastes,Wailing Wastes,551,1740,1220,1740x1220,50,Approximate boss level 50,35,40,35-40,False,False,,SRC-DYNA-ODT-001,COMMUNITY_DOCUMENTED,DOCUMENTED_STATIC_SPAWN,Static,SINGULAR_PLURAL_VARIANT,[]
158,Clawfingers,clawfinger,family-clawfinger,EXACT_NORMALIZATION,Wailing Wastes,Wailing Wastes,551,1140,1700,1140x1700,50,Approximate boss level 50,40,45,40-45,False,False,,SRC-DYNA-ODT-001,COMMUNITY_DOCUMENTED,DOCUMENTED_STATIC_SPAWN,Static,EXACT_NORMALIZATION,[]
159,Hounds,hound,family-hound,SINGULAR_PLURAL_VARIANT,Wailing Wastes,Wailing Wastes,551,1580,1140,1580x1140,50,Approximate boss level 50,40,45,40-45,False,False,,SRC-DYNA-ODT-001,COMMUNITY_DOCUMENTED,DOCUMENTED_STATIC_SPAWN,Static,SINGULAR_PLURAL_VARIANT,[]
160,Hounds,hound,family-hound,SINGULAR_PLURAL_VARIANT,Wailing Wastes,Wailing Wastes,551,1420,1140,1420x1140,50,Approximate boss level 50,40,45,40-45,False,False,,SRC-DYNA-ODT-001,COMMUNITY_DOCUMENTED,DOCUMENTED_STATIC_SPAWN,Static,SINGULAR_PLURAL_VARIANT,[]
161,Hounds,hound,family-hound,SINGULAR_PLURAL_VARIANT,Wailing Wastes,Wailing Wastes,551,1380,1380,1380x1380,50,Approximate boss level 50,40,45,40-45,False,False,,SRC-DYNA-ODT-001,COMMUNITY_DOCUMENTED,DOCUMENTED_STATIC_SPAWN,Static,SINGULAR_PLURAL_VARIANT,[]
162,Blubbags,blubbag,family-blubbag,SINGULAR_PLURAL_VARIANT,Wailing Wastes,Wailing Wastes,551,1700,1740,1700x1740,55,Approximate boss level 55,40,45,40-45,False,False,,SRC-DYNA-ODT-001,COMMUNITY_DOCUMENTED,DOCUMENTED_STATIC_SPAWN,Static,SINGULAR_PLURAL_VARIANT,[]
163,Blubbags,blubbag,family-blubbag,SINGULAR_PLURAL_VARIANT,Wailing Wastes,Wailing Wastes,551,2300,1340,2300x1340,55,Approximate boss level 55,40,45,40-45,False,False,,SRC-DYNA-ODT-001,COMMUNITY_DOCUMENTED,DOCUMENTED_STATIC_SPAWN,Static,SINGULAR_PLURAL_VARIANT,[]
164,Blubbags,blubbag,family-blubbag,SINGULAR_PLURAL_VARIANT,Wailing Wastes,Wailing Wastes,551,2420,1340,2420x1340,60,Approximate boss level 60,45,50,45-50,False,False,,SRC-DYNA-ODT-001,COMMUNITY_DOCUMENTED,DOCUMENTED_STATIC_SPAWN,Static,SINGULAR_PLURAL_VARIANT,[]
165,Scorpiods,scorpiod,family-scorpiod,SINGULAR_PLURAL_VARIANT,Wailing Wastes,Wailing Wastes,551,540,1460,540x1460,60,Approximate boss level 60,45,50,45-50,False,False,,SRC-DYNA-ODT-001,COMMUNITY_DOCUMENTED,DOCUMENTED_STATIC_SPAWN,Static,SINGULAR_PLURAL_VARIANT,[]
166,Spiders,spider,family-spider,SINGULAR_PLURAL_VARIANT,Wailing Wastes,Wailing Wastes,551,1980,2580,1980x2580,60,Approximate boss level 60,45,50,45-50,False,False,,SRC-DYNA-ODT-001,COMMUNITY_DOCUMENTED,DOCUMENTED_STATIC_SPAWN,Static,SINGULAR_PLURAL_VARIANT,[]
167,Spiders,spider,family-spider,SINGULAR_PLURAL_VARIANT,Wailing Wastes,Wailing Wastes,551,620,3060,620x3060,65,Approximate boss level 65,50,55,50-55,False,False,,SRC-DYNA-ODT-001,COMMUNITY_DOCUMENTED,DOCUMENTED_STATIC_SPAWN,Static,SINGULAR_PLURAL_VARIANT,[]
168,Blubbags,blubbag,family-blubbag,SINGULAR_PLURAL_VARIANT,Wailing Wastes,Wailing Wastes,551,2340,1420,2340x1420,65,Approximate boss level 65,55,60,55-60,False,False,,SRC-DYNA-ODT-001,COMMUNITY_DOCUMENTED,DOCUMENTED_STATIC_SPAWN,Static,SINGULAR_PLURAL_VARIANT,[]
169,Spiders,spider,family-spider,SINGULAR_PLURAL_VARIANT,Wailing Wastes,Wailing Wastes,551,1260,2540,1260x2540,70,Approximate boss level 70,55,60,55-60,False,False,,SRC-DYNA-ODT-001,COMMUNITY_DOCUMENTED,DOCUMENTED_STATIC_SPAWN,Static,SINGULAR_PLURAL_VARIANT,[]
170,Spiders,spider,family-spider,SINGULAR_PLURAL_VARIANT,Wailing Wastes,Wailing Wastes,551,1340,2500,1340x2500,70,Approximate boss level 70,55,60,55-60,False,False,,SRC-DYNA-ODT-001,COMMUNITY_DOCUMENTED,DOCUMENTED_STATIC_SPAWN,Static,SINGULAR_PLURAL_VARIANT,[]
171,Blubbags,blubbag,family-blubbag,SINGULAR_PLURAL_VARIANT,Wailing Wastes,Wailing Wastes,551,2340,1500,2340x1500,75,Approximate boss level 75,50,55,50-55,False,False,,SRC-DYNA-ODT-001,COMMUNITY_DOCUMENTED,DOCUMENTED_STATIC_SPAWN,Static,SINGULAR_PLURAL_VARIANT,[]
172,Hammerbeasts,hammerbeast,family-hammerbeast,EXACT_NORMALIZATION,Wailing Wastes,Wailing Wastes,551,980,3300,980x3300,90,Approximate boss level 90,70,75,70-75,False,False,,SRC-DYNA-ODT-001,COMMUNITY_DOCUMENTED,DOCUMENTED_STATIC_SPAWN,Static,EXACT_NORMALIZATION,[]
173,Hammerbeasts,hammerbeast,family-hammerbeast,EXACT_NORMALIZATION,Wailing Wastes,Wailing Wastes,551,1540,3340,1540x3340,90,Approximate boss level 90,70,75,70-75,False,False,,SRC-DYNA-ODT-001,COMMUNITY_DOCUMENTED,DOCUMENTED_STATIC_SPAWN,Static,EXACT_NORMALIZATION,[]
174,Hammerbeasts,hammerbeast,family-hammerbeast,EXACT_NORMALIZATION,Wailing Wastes,Wailing Wastes,551,1700,3380,1700x3380,90,Approximate boss level 90,70,75,70-75,False,False,,SRC-DYNA-ODT-001,COMMUNITY_DOCUMENTED,DOCUMENTED_STATIC_SPAWN,Static,EXACT_NORMALIZATION,[]
