mission_ql,captured,offer_count,request_count,unique_destinations,unique_destination_playfields,new_destinations_last_100,new_destinations_last_500,new_destinations_last_1000,marginal_new_destinations_per_1000,saturation,previous_ql_destination_jaccard,next_ql_destination_jaccard,candidate_level_count,candidate_levels,candidate_detents,recommended_priority,recommendation_reason,included_in_broad_wave,probability_inference
1,True,14245,2849,130,2,0,0,0,0.0,SATURATED_FOR_DISCOVERY,,0.526316,1,2,2:1/2/3/4/5,P4,ALREADY_CAPTURED_NO_BROAD_REPEAT,False,NOT_PERFORMED
2,True,1280,256,73,2,0,0,0,0.0,SATURATED_FOR_DISCOVERY,0.526316,1.0,3,2;3;4,2:6/7/8/9;3:1/2/3/4/5;4:1,P4,ALREADY_CAPTURED_NO_BROAD_REPEAT,False,NOT_PERFORMED
3,True,1270,254,73,2,0,0,3,3.0,STABILIZING,1.0,1.0,4,2;3;4;5,2:10/11;3:6/7/8/9;4:2/3/4/5;5:1/2,P4,ALREADY_CAPTURED_NO_BROAD_REPEAT,False,NOT_PERFORMED
4,True,13640,2728,73,2,0,0,0,0.0,SATURATED_FOR_DISCOVERY,1.0,1.0,5,3;4;5;6;7,3:10;4:6/7/8;5:3/4/5;6:1/2/3;7:1,P4,ALREADY_CAPTURED_NO_BROAD_REPEAT,False,NOT_PERFORMED
5,True,1390,278,73,2,0,0,1,1.0,STABILIZING,1.0,1.0,6,3;4;5;6;7;8,3:11;4:9;5:6/7;6:4/5;7:2/3/4;8:1,P4,ALREADY_CAPTURED_NO_BROAD_REPEAT,False,NOT_PERFORMED
6,True,1380,276,73,2,0,0,1,1.0,STABILIZING,1.0,1.0,6,4;5;6;7;8;9,4:10;5:8/9;6:6/7;7:5;8:2/3/4;9:1/2,P4,ALREADY_CAPTURED_NO_BROAD_REPEAT,False,NOT_PERFORMED
7,True,1385,277,73,2,0,0,2,2.0,STABILIZING,1.0,1.0,8,4;5;6;7;8;9;10;11,4:11;5:10;6:8/9;7:6/7;8:5;9:3/4;10:1/2;11:1,P4,ALREADY_CAPTURED_NO_BROAD_REPEAT,False,NOT_PERFORMED
8,True,1380,276,73,2,0,0,0,0.0,SATURATED_FOR_DISCOVERY,1.0,1.0,7,5;7;8;9;10;11;12,5:11;7:8;8:6/7;9:5;10:3/4;11:2/3;12:1,P4,ALREADY_CAPTURED_NO_BROAD_REPEAT,False,NOT_PERFORMED
9,True,2640,528,73,2,0,0,0,0.0,SATURATED_FOR_DISCOVERY,1.0,0.795455,9,6;7;8;9;10;11;12;13;14,6:10;7:9;8:8;9:6/7;10:5;11:4/5;12:2/3;13:1/2;14:1,P4,ALREADY_CAPTURED_NO_BROAD_REPEAT,False,NOT_PERFORMED
10,True,2635,527,85,2,0,0,0,0.0,SATURATED_FOR_DISCOVERY,0.795455,1.0,9,6;7;8;9;10;12;13;14;15,6:11;7:10;8:9;9:8;10:6;12:4/5;13:3;14:2;15:1,P4,ALREADY_CAPTURED_NO_BROAD_REPEAT,False,NOT_PERFORMED
11,True,1260,252,85,2,0,2,14,14.0,EXPANDING,1.0,1.0,8,9;10;11;13;14;15;16;17,9:9;10:7;11:6;13:4/5;14:3/4;15:2;16:1;17:1,P4,ALREADY_CAPTURED_NO_BROAD_REPEAT,False,NOT_PERFORMED
12,True,1380,276,85,2,0,0,3,3.0,STABILIZING,1.0,1.0,10,7;8;10;11;12;14;15;16;17;18,7:11;8:10;10:8;11:7;12:6;14:5;15:3/4;16:2/3;17:2;18:1,P4,ALREADY_CAPTURED_NO_BROAD_REPEAT,False,NOT_PERFORMED
13,True,1255,251,85,2,0,2,12,12.0,EXPANDING,1.0,0.608696,10,9;10;11;12;13;15;16;17;18;19,9:10;10:9;11:8;12:7;13:6;15:5;16:4;17:3;18:2;19:1,P4,ALREADY_CAPTURED_NO_BROAD_REPEAT,False,NOT_PERFORMED
14,True,1255,251,100,2,0,2,20,20.0,EXPANDING,0.608696,1.0,11,8;11;12;13;14;16;17;18;19;20;21,8:11;11:9;12:8;13:7;14:6;16:5;17:4;18:3;19:2;20:1;21:1,P4,ALREADY_CAPTURED_NO_BROAD_REPEAT,False,NOT_PERFORMED
15,True,1255,251,100,2,0,0,25,25.0,EXPANDING,1.0,0.869565,11,10;12;13;14;15;17;18;19;20;21;22,10:10;12:9;13:8;14:7;15:6;17:5;18:4;19:3;20:2;21:2;22:1,P4,ALREADY_CAPTURED_NO_BROAD_REPEAT,False,NOT_PERFORMED
16,True,1255,251,115,2,0,1,20,20.0,EXPANDING,0.869565,1.0,13,9;11;13;14;15;16;18;19;20;21;22;23;24,9:11;11:10;13:9;14:8;15:7;16:6;18:5;19:4;20:3;21:3;22:2;23:1;24:1,P4,ALREADY_CAPTURED_NO_BROAD_REPEAT,False,NOT_PERFORMED
17,True,1255,251,115,2,0,2,31,31.0,EXPANDING,1.0,0.934426,8,16;17;19;20;21;22;23;25,16:7;17:6;19:5;20:4;21:4;22:3;23:2;25:1,P4,ALREADY_CAPTURED_NO_BROAD_REPEAT,False,NOT_PERFORMED
18,True,1255,251,121,4,0,2,25,25.0,EXPANDING,0.934426,0.983607,14,10;12;14;15;17;18;20;21;22;23;24;25;26;27,10:11;12:10;14:9;15:8;17:7;18:6;20:5;21:5;22:4;23:3;24:2;25:2;26:1;27:1,P4,ALREADY_CAPTURED_NO_BROAD_REPEAT,False,NOT_PERFORMED
19,True,1255,251,121,4,0,5,34,34.0,EXPANDING,0.983607,0.983607,11,11;13;15;16;18;19;22;23;24;26;28,11:11;13:10;15:9;16:8;18:7;19:6;22:5;23:4;24:3;26:2;28:1,P4,ALREADY_CAPTURED_NO_BROAD_REPEAT,False,NOT_PERFORMED
20,True,1255,251,121,4,0,6,36,36.0,EXPANDING,0.983607,0.983607,10,16;17;19;20;23;24;25;26;27;29,16:9;17:8;19:7;20:6;23:5;24:4;25:3;26:3;27:2;29:1,P4,ALREADY_CAPTURED_NO_BROAD_REPEAT,False,NOT_PERFORMED
21,True,1255,251,121,4,0,3,28,28.0,EXPANDING,0.983607,0.968,11,12;14;18;21;24;25;27;28;29;30;31,12:11;14:10;18:8;21:6;24:5;25:4;27:3;28:2;29:2;30:1;31:1,P4,ALREADY_CAPTURED_NO_BROAD_REPEAT,False,NOT_PERFORMED
22,True,1265,253,125,4,0,3,31,31.0,EXPANDING,0.968,0.96124,12,13;15;17;19;20;22;25;26;27;28;30;32,13:11;15:10;17:9;19:8;20:7;22:6;25:5;26:4;27:4;28:3;30:2;32:1,P4,ALREADY_CAPTURED_NO_BROAD_REPEAT,False,NOT_PERFORMED
23,True,1245,249,128,5,1,4,45,45.0,EXPANDING,0.96124,0.0,9,18;21;23;26;28;29;31;33;34,18:9;21:7;23:6;26:5;28:4;29:3;31:2;33:1;34:1,P4,ALREADY_CAPTURED_NO_BROAD_REPEAT,False,NOT_PERFORMED
24,True,1255,251,189,6,1,15,70,70.0,EXPANDING,0.0,0.0,13,14;16;19;20;22;24;27;29;30;31;32;33;35,14:11;16:10;19:9;20:8;22:7;24:6;27:5;29:4;30:3;31:3;32:2;33:2;35:1,P4,ALREADY_CAPTURED_NO_BROAD_REPEAT,False,NOT_PERFORMED
25,True,2510,502,124,5,0,0,1,1.0,STABILIZING,0.0,0.0,10,17;21;23;25;28;30;32;34;36;37,17:10;21:8;23:7;25:6;28:5;30:4;32:3;34:2;36:1;37:1,P4,ALREADY_CAPTURED_NO_BROAD_REPEAT,False,NOT_PERFORMED
26,True,1255,251,188,6,6,20,69,69.0,EXPANDING,0.0,0.0,10,15;20;22;24;26;29;31;33;35;38,15:11;20:9;22:8;24:7;26:6;29:5;31:4;33:3;35:2;38:1,P4,ALREADY_CAPTURED_NO_BROAD_REPEAT,False,NOT_PERFORMED
27,True,2510,502,244,9,0,4,12,12.0,EXPANDING,0.0,0.0,12,18;21;23;25;27;30;31;32;34;36;37;39,18:10;21:9;23:8;25:7;27:6;30:5;31:5;32:4;34:3;36:2;37:2;39:1,P4,ALREADY_CAPTURED_NO_BROAD_REPEAT,False,NOT_PERFORMED
28,True,1255,251,192,5,2,21,80,80.0,EXPANDING,0.0,0.432304,14,16;19;22;24;26;28;32;33;34;35;36;38;40;41,16:11;19:10;22:9;24:8;26:7;28:6;32:5;33:4;34:4;35:3;36:3;38:2;40:1;41:1,P4,ALREADY_CAPTURED_NO_BROAD_REPEAT,False,NOT_PERFORMED
29,True,2510,502,411,14,5,29,99,99.0,EXPANDING,0.432304,0.443439,8,23;27;29;33;35;37;39;42,23:9;27:7;29:6;33:5;35:4;37:3;39:2;42:1,P4,ALREADY_CAPTURED_NO_BROAD_REPEAT,False,NOT_PERFORMED
30,True,1255,251,227,9,3,26,103,103.0,EXPANDING,0.443439,0.475751,12,17;20;25;28;30;34;36;38;40;41;43;44,17:11;20:10;25:8;28:7;30:6;34:5;36:4;38:3;40:2;41:2;43:1;44:1,P4,ALREADY_CAPTURED_NO_BROAD_REPEAT,False,NOT_PERFORMED
31,True,2510,502,412,14,6,39,104,104.0,EXPANDING,0.475751,0.339956,10,21;24;26;29;31;35;37;39;42;45,21:10;24:9;26:8;29:7;31:6;35:5;37:4;39:3;42:2;45:1,P4,ALREADY_CAPTURED_NO_BROAD_REPEAT,False,NOT_PERFORMED
32,True,1255,251,195,7,3,19,73,73.0,EXPANDING,0.339956,0.897059,11,18;25;27;32;36;38;40;41;43;46;47,18:11;25:9;27:8;32:6;36:5;38:4;40:3;41:3;43:2;46:1;47:1,P4,ALREADY_CAPTURED_NO_BROAD_REPEAT,False,NOT_PERFORMED
33,True,1255,251,192,7,3,19,82,82.0,EXPANDING,0.897059,0.0,11,22;26;28;30;33;37;39;42;44;45;48,22:10;26:9;28:8;30:7;33:6;37:5;39:4;42:3;44:2;45:2;48:1,P4,ALREADY_CAPTURED_NO_BROAD_REPEAT,False,NOT_PERFORMED
34,False,0,0,0,0,0,0,0,,NOT_CAPTURED,0.0,0.0,11,19;23;29;31;34;38;40;41;43;46;49,19:11;23:10;29:8;31:7;34:6;38:5;40:4;41:4;43:3;46:2;49:1,P0,CLOSE_CURRENT_QL_FRONTIER_GAP,True,NOT_PERFORMED
35,True,1255,251,184,5,4,23,72,72.0,EXPANDING,0.0,0.0,9,27;32;35;39;42;44;47;50;51,27:9;32:7;35:6;39:5;42:4;44:3;47:2;50:1;51:1,P4,ALREADY_CAPTURED_NO_BROAD_REPEAT,False,NOT_PERFORMED
36,False,0,0,0,0,0,0,0,,NOT_CAPTURED,0.0,0.0,14,20;24;28;30;33;36;40;41;43;45;46;48;49;52,20:11;24:10;28:9;30:8;33:7;36:6;40:5;41:5;43:4;45:3;46:3;48:2;49:2;52:1,P0,CLOSE_CURRENT_QL_FRONTIER_GAP,True,NOT_PERFORMED
37,True,2510,502,227,7,2,2,9,9.0,EXPANDING,0.0,0.0,12,21;25;29;31;34;37;42;44;47;50;53;54,21:11;25:10;29:9;31:8;34:7;37:6;42:5;44:4;47:3;50:2;53:1;54:1,P4,ALREADY_CAPTURED_NO_BROAD_REPEAT,False,NOT_PERFORMED
38,True,1255,251,190,6,1,12,74,74.0,EXPANDING,0.0,0.0,9,22;32;35;38;43;45;48;51;55,22:11;32:8;35:7;38:6;43:5;45:4;48:3;51:2;55:1,P4,ALREADY_CAPTURED_NO_BROAD_REPEAT,False,NOT_PERFORMED
39,False,0,0,0,0,0,0,0,,NOT_CAPTURED,0.0,0.0,13,26;30;33;36;39;44;46;47;49;52;53;56;57,26:10;30:9;33:8;36:7;39:6;44:5;46:4;47:4;49:3;52:2;53:2;56:1;57:1,P0,CLOSE_CURRENT_QL_FRONTIER_GAP,True,NOT_PERFORMED
40,True,1255,251,212,7,4,23,97,97.0,EXPANDING,0.0,0.0,11,27;31;34;37;40;45;48;50;51;54;58,27:10;31:9;34:8;37:7;40:6;45:5;48:4;50:3;51:3;54:2;58:1,P4,ALREADY_CAPTURED_NO_BROAD_REPEAT,False,NOT_PERFORMED
41,False,0,0,0,0,0,0,0,,NOT_CAPTURED,0.0,0.0,9,23;32;38;41;46;49;52;55;59,23:11;32:9;38:7;41:6;46:5;49:4;52:3;55:2;59:1,P0,CLOSE_CURRENT_QL_FRONTIER_GAP,True,NOT_PERFORMED
42,True,1255,251,196,6,4,18,75,75.0,EXPANDING,0.0,0.0,13,24;28;33;35;39;42;47;50;53;56;57;60;61,24:11;28:10;33:9;35:8;39:7;42:6;47:5;50:4;53:3;56:2;57:2;60:1;61:1,P4,ALREADY_CAPTURED_NO_BROAD_REPEAT,False,NOT_PERFORMED
43,False,0,0,0,0,0,0,0,,NOT_CAPTURED,0.0,0.0,8,29;36;43;48;51;54;58;62,29:10;36:8;43:6;48:5;51:4;54:3;58:2;62:1,P0,CLOSE_CURRENT_QL_FRONTIER_GAP,True,NOT_PERFORMED
44,True,2510,502,209,7,0,3,3,3.0,STABILIZING,0.0,0.0,12,25;34;37;40;44;49;52;55;56;59;63;64,25:11;34:9;37:8;40:7;44:6;49:5;52:4;55:3;56:3;59:2;63:1;64:1,P4,ALREADY_CAPTURED_NO_BROAD_REPEAT,False,NOT_PERFORMED
45,True,1255,251,189,7,3,30,73,73.0,EXPANDING,0.0,0.0,13,30;35;38;41;45;50;51;53;54;57;60;61;65,30:10;35:9;38:8;41:7;45:6;50:5;51:5;53:4;54:4;57:3;60:2;61:2;65:1,P4,ALREADY_CAPTURED_NO_BROAD_REPEAT,False,NOT_PERFORMED
46,False,0,0,0,0,0,0,0,,NOT_CAPTURED,0.0,,12,26;31;36;39;42;46;52;55;58;62;66;67,26:11;31:10;36:9;39:8;42:7;46:6;52:5;55:4;58:3;62:2;66:1;67:1,P0,CLOSE_CURRENT_QL_FRONTIER_GAP,True,NOT_PERFORMED
47,False,0,0,0,0,0,0,0,,NOT_CAPTURED,,0.0,7,43;47;53;56;59;63;68,43:7;47:6;53:5;56:4;59:3;63:2;68:1,P0,CLOSE_CURRENT_QL_FRONTIER_GAP,True,NOT_PERFORMED
48,True,1255,251,218,6,0,12,73,73.0,EXPANDING,0.0,0.0,13,27;32;37;40;44;48;54;57;60;61;64;65;69,27:11;32:10;37:9;40:8;44:7;48:6;54:5;57:4;60:3;61:3;64:2;65:2;69:1,P4,ALREADY_CAPTURED_NO_BROAD_REPEAT,False,NOT_PERFORMED
49,False,0,0,0,0,0,0,0,,NOT_CAPTURED,0.0,,11,33;38;41;45;49;55;58;62;66;70;71,33:10;38:9;41:8;45:7;49:6;55:5;58:4;62:3;66:2;70:1;71:1,P0,CLOSE_CURRENT_QL_FRONTIER_GAP,True,NOT_PERFORMED
50,False,0,0,0,0,0,0,0,,NOT_CAPTURED,,,10,28;39;42;46;50;56;59;63;67;72,28:11;39:9;42:8;46:7;50:6;56:5;59:4;63:3;67:2;72:1,P0,CLOSE_CURRENT_QL_FRONTIER_GAP,True,NOT_PERFORMED
51,False,0,0,0,0,0,0,0,,NOT_CAPTURED,,0.0,13,29;34;43;47;51;57;60;61;64;68;69;73;74,29:11;34:10;43:8;47:7;51:6;57:5;60:4;61:4;64:3;68:2;69:2;73:1;74:1,P0,CLOSE_CURRENT_QL_FRONTIER_GAP,True,NOT_PERFORMED
52,True,1255,251,187,7,2,22,71,71.0,EXPANDING,0.0,0.0,11,35;40;44;48;52;58;62;65;66;70;75,35:10;40:9;44:8;48:7;52:6;58:5;62:4;65:3;66:3;70:2;75:1,P4,ALREADY_CAPTURED_NO_BROAD_REPEAT,False,NOT_PERFORMED
53,False,0,0,0,0,0,0,0,,NOT_CAPTURED,0.0,,10,30;41;49;53;59;63;67;71;76;77,30:11;41:9;49:7;53:6;59:5;63:4;67:3;71:2;76:1;77:1,P0,CLOSE_CURRENT_QL_FRONTIER_GAP,True,NOT_PERFORMED
54,False,0,0,0,0,0,0,0,,NOT_CAPTURED,,0.0,11,36;42;45;54;60;61;64;68;72;73;78,36:10;42:9;45:8;54:6;60:5;61:5;64:4;68:3;72:2;73:2;78:1,P0,CLOSE_CURRENT_QL_FRONTIER_GAP,True,NOT_PERFORMED
55,True,1255,251,181,8,3,8,56,56.0,EXPANDING,0.0,0.0,11,31;37;43;46;50;55;62;65;69;74;79,31:11;37:10;43:9;46:8;50:7;55:6;62:5;65:4;69:3;74:2;79:1,P4,ALREADY_CAPTURED_NO_BROAD_REPEAT,False,NOT_PERFORMED
56,False,0,0,0,0,0,0,0,,NOT_CAPTURED,0.0,,12,32;47;51;56;63;66;67;70;71;75;80;81,32:11;47:8;51:7;56:6;63:5;66:4;67:4;70:3;71:3;75:2;80:1;81:1,P0,CLOSE_CURRENT_QL_FRONTIER_GAP,True,NOT_PERFORMED
57,False,0,0,0,0,0,0,0,,NOT_CAPTURED,,,11,38;44;48;52;57;64;68;72;76;77;82,38:10;44:9;48:8;52:7;57:6;64:5;68:4;72:3;76:2;77:2;82:1,P0,CLOSE_CURRENT_QL_FRONTIER_GAP,True,NOT_PERFORMED
58,False,0,0,0,0,0,0,0,,NOT_CAPTURED,,,12,33;39;45;49;53;58;65;69;73;78;83;84,33:11;39:10;45:9;49:8;53:7;58:6;65:5;69:4;73:3;78:2;83:1;84:1,P0,CLOSE_CURRENT_QL_FRONTIER_GAP,True,NOT_PERFORMED
59,False,0,0,0,0,0,0,0,,NOT_CAPTURED,,,8,46;54;59;66;70;74;79;85,46:9;54:7;59:6;66:5;70:4;74:3;79:2;85:1,P0,CLOSE_CURRENT_QL_FRONTIER_GAP,True,NOT_PERFORMED
60,False,0,0,0,0,0,0,0,,NOT_CAPTURED,,,14,34;40;50;55;60;67;71;75;76;77;80;81;86;87,34:11;40:10;50:8;55:7;60:6;67:5;71:4;75:3;76:3;77:3;80:2;81:2;86:1;87:1,P0,CLOSE_CURRENT_QL_FRONTIER_GAP,True,NOT_PERFORMED
61,False,0,0,0,0,0,0,0,,NOT_CAPTURED,,0.0,9,41;47;51;56;61;68;72;82;88,41:10;47:9;51:8;56:7;61:6;68:5;72:4;82:2;88:1,P0,CLOSE_CURRENT_QL_FRONTIER_GAP,True,NOT_PERFORMED
62,True,1255,251,95,9,0,1,11,11.0,EXPANDING,0.0,0.0,11,35;48;52;57;62;69;73;74;78;83;89,35:11;48:9;52:8;57:7;62:6;69:5;73:4;74:4;78:3;83:2;89:1,P4,ALREADY_CAPTURED_NO_BROAD_REPEAT,False,NOT_PERFORMED
63,False,0,0,0,0,0,0,0,,NOT_CAPTURED,0.0,,13,42;49;53;58;63;70;71;75;79;84;85;90;91,42:10;49:9;53:8;58:7;63:6;70:5;71:5;75:4;79:3;84:2;85:2;90:1;91:1,P0,CLOSE_CURRENT_QL_FRONTIER_GAP,True,NOT_PERFORMED
64,False,0,0,0,0,0,0,0,,NOT_CAPTURED,,,12,36;43;54;59;64;72;76;77;80;81;86;92,36:11;43:10;54:8;59:7;64:6;72:5;76:4;77:4;80:3;81:3;86:2;92:1,P0,CLOSE_CURRENT_QL_FRONTIER_GAP,True,NOT_PERFORMED
65,False,0,0,0,0,0,0,0,,NOT_CAPTURED,,0.0,7,50;65;73;82;87;93;94,50:9;65:6;73:5;82:3;87:2;93:1;94:1,P0,CLOSE_CURRENT_QL_FRONTIER_GAP,True,NOT_PERFORMED
66,True,1255,251,174,8,0,6,55,55.0,EXPANDING,0.0,0.0,12,37;44;51;55;60;66;74;78;83;88;89;95,37:11;44:10;51:9;55:8;60:7;66:6;74:5;78:4;83:3;88:2;89:2;95:1,P4,ALREADY_CAPTURED_NO_BROAD_REPEAT,False,NOT_PERFORMED
67,False,0,0,0,0,0,0,0,,NOT_CAPTURED,0.0,,11,45;52;56;61;67;75;79;84;90;96;97,45:10;52:9;56:8;61:7;67:6;75:5;79:4;84:3;90:2;96:1;97:1,P0,CLOSE_CURRENT_QL_FRONTIER_GAP,True,NOT_PERFORMED
68,False,0,0,0,0,0,0,0,,NOT_CAPTURED,,,12,38;53;57;62;68;76;80;81;85;86;91;98,38:11;53:9;57:8;62:7;68:6;76:5;80:4;81:4;85:3;86:3;91:2;98:1,P2,DEFER_UNTIL_BROAD_WAVE_MARGINAL_YIELD_REVIEW,False,NOT_PERFORMED
69,False,0,0,0,0,0,0,0,,NOT_CAPTURED,,,11,39;46;58;63;69;77;82;87;92;93;99,39:11;46:10;58:8;63:7;69:6;77:5;82:4;87:3;92:2;93:2;99:1,P2,DEFER_UNTIL_BROAD_WAVE_MARGINAL_YIELD_REVIEW,False,NOT_PERFORMED
70,False,0,0,0,0,0,0,0,,NOT_CAPTURED,,,11,47;54;59;64;70;78;83;88;94;100;101,47:10;54:9;59:8;64:7;70:6;78:5;83:4;88:3;94:2;100:1;101:1,P2,DEFER_UNTIL_BROAD_WAVE_MARGINAL_YIELD_REVIEW,False,NOT_PERFORMED
71,False,0,0,0,0,0,0,0,,NOT_CAPTURED,,,9,40;55;65;71;79;84;89;95;102,40:11;55:9;65:7;71:6;79:5;84:4;89:3;95:2;102:1,P2,DEFER_UNTIL_BROAD_WAVE_MARGINAL_YIELD_REVIEW,False,NOT_PERFORMED
72,False,0,0,0,0,0,0,0,,NOT_CAPTURED,,,14,48;56;60;66;72;80;81;85;90;91;96;97;103;104,48:10;56:9;60:8;66:7;72:6;80:5;81:5;85:4;90:3;91:3;96:2;97:2;103:1;104:1,P2,DEFER_UNTIL_BROAD_WAVE_MARGINAL_YIELD_REVIEW,False,NOT_PERFORMED
73,False,0,0,0,0,0,0,0,,NOT_CAPTURED,,,11,41;49;61;67;73;82;86;87;92;98;105,41:11;49:10;61:8;67:7;73:6;82:5;86:4;87:4;92:3;98:2;105:1,P2,DEFER_UNTIL_BROAD_WAVE_MARGINAL_YIELD_REVIEW,False,NOT_PERFORMED
74,False,0,0,0,0,0,0,0,,NOT_CAPTURED,,,10,57;62;68;74;83;88;93;99;106;107,57:9;62:8;68:7;74:6;83:5;88:4;93:3;99:2;106:1;107:1,P2,DEFER_UNTIL_BROAD_WAVE_MARGINAL_YIELD_REVIEW,False,NOT_PERFORMED
75,False,0,0,0,0,0,0,0,,NOT_CAPTURED,,,12,42;50;58;63;69;75;84;89;94;100;101;108,42:11;50:10;58:9;63:8;69:7;75:6;84:5;89:4;94:3;100:2;101:2;108:1,P1,BROAD_UNOBSERVED_QL_BAND_SAMPLE,True,NOT_PERFORMED
76,False,0,0,0,0,0,0,0,,NOT_CAPTURED,,,10,51;59;64;76;85;90;95;96;102;109,51:10;59:9;64:8;76:6;85:5;90:4;95:3;96:3;102:2;109:1,P2,DEFER_UNTIL_BROAD_WAVE_MARGINAL_YIELD_REVIEW,False,NOT_PERFORMED
77,False,0,0,0,0,0,0,0,,NOT_CAPTURED,,,9,43;70;77;86;91;97;103;110;111,43:11;70:7;77:6;86:5;91:4;97:3;103:2;110:1;111:1,P2,DEFER_UNTIL_BROAD_WAVE_MARGINAL_YIELD_REVIEW,False,NOT_PERFORMED
78,False,0,0,0,0,0,0,0,,NOT_CAPTURED,,,12,44;52;60;65;71;78;87;92;98;104;105;112,44:11;52:10;60:9;65:8;71:7;78:6;87:5;92:4;98:3;104:2;105:2;112:1,P2,DEFER_UNTIL_BROAD_WAVE_MARGINAL_YIELD_REVIEW,False,NOT_PERFORMED
79,False,0,0,0,0,0,0,0,,NOT_CAPTURED,,,12,53;61;66;72;79;88;93;94;99;106;113;114,53:10;61:9;66:8;72:7;79:6;88:5;93:4;94:4;99:3;106:2;113:1;114:1,P2,DEFER_UNTIL_BROAD_WAVE_MARGINAL_YIELD_REVIEW,False,NOT_PERFORMED
80,False,0,0,0,0,0,0,0,,NOT_CAPTURED,,,11,45;62;67;73;80;89;95;100;101;107;115,45:11;62:9;67:8;73:7;80:6;89:5;95:4;100:3;101:3;107:2;115:1,P2,DEFER_UNTIL_BROAD_WAVE_MARGINAL_YIELD_REVIEW,False,NOT_PERFORMED
81,False,0,0,0,0,0,0,0,,NOT_CAPTURED,,,13,54;63;68;74;81;90;91;96;102;108;109;116;117,54:10;63:9;68:8;74:7;81:6;90:5;91:5;96:4;102:3;108:2;109:2;116:1;117:1,P2,DEFER_UNTIL_BROAD_WAVE_MARGINAL_YIELD_REVIEW,False,NOT_PERFORMED
82,False,0,0,0,0,0,0,0,,NOT_CAPTURED,,,10,46;55;69;75;82;92;97;103;110;118,46:11;55:10;69:8;75:7;82:6;92:5;97:4;103:3;110:2;118:1,P2,DEFER_UNTIL_BROAD_WAVE_MARGINAL_YIELD_REVIEW,False,NOT_PERFORMED
83,False,0,0,0,0,0,0,0,,NOT_CAPTURED,,,8,64;76;83;93;98;104;111;119,64:9;76:7;83:6;93:5;98:4;104:3;111:2;119:1,P2,DEFER_UNTIL_BROAD_WAVE_MARGINAL_YIELD_REVIEW,False,NOT_PERFORMED
84,False,0,0,0,0,0,0,0,,NOT_CAPTURED,,,14,47;56;65;70;77;84;94;99;105;106;112;113;120;121,47:11;56:10;65:9;70:8;77:7;84:6;94:5;99:4;105:3;106:3;112:2;113:2;120:1;121:1,P2,DEFER_UNTIL_BROAD_WAVE_MARGINAL_YIELD_REVIEW,False,NOT_PERFORMED
85,False,0,0,0,0,0,0,0,,NOT_CAPTURED,,,12,48;57;66;71;78;85;95;100;101;107;114;122,48:11;57:10;66:9;71:8;78:7;85:6;95:5;100:4;101:4;107:3;114:2;122:1,P1,BROAD_UNOBSERVED_QL_BAND_SAMPLE,True,NOT_PERFORMED
86,False,0,0,0,0,0,0,0,,NOT_CAPTURED,,,9,72;79;86;96;102;108;115;123;124,72:8;79:7;86:6;96:5;102:4;108:3;115:2;123:1;124:1,P2,DEFER_UNTIL_BROAD_WAVE_MARGINAL_YIELD_REVIEW,False,NOT_PERFORMED
87,False,0,0,0,0,0,0,0,,NOT_CAPTURED,,,11,49;58;67;73;87;97;103;109;116;117;125,49:11;58:10;67:9;73:8;87:6;97:5;103:4;109:3;116:2;117:2;125:1,P2,DEFER_UNTIL_BROAD_WAVE_MARGINAL_YIELD_REVIEW,False,NOT_PERFORMED
88,False,0,0,0,0,0,0,0,,NOT_CAPTURED,,,12,59;68;74;80;88;98;104;110;111;118;126;127,59:10;68:9;74:8;80:7;88:6;98:5;104:4;110:3;111:3;118:2;126:1;127:1,P2,DEFER_UNTIL_BROAD_WAVE_MARGINAL_YIELD_REVIEW,False,NOT_PERFORMED
89,False,0,0,0,0,0,0,0,,NOT_CAPTURED,,,9,50;69;81;89;99;105;112;119;128,50:11;69:9;81:7;89:6;99:5;105:4;112:3;119:2;128:1,P2,DEFER_UNTIL_BROAD_WAVE_MARGINAL_YIELD_REVIEW,False,NOT_PERFORMED
90,False,0,0,0,0,0,0,0,,NOT_CAPTURED,,,12,60;75;82;90;100;101;106;107;113;120;121;129,60:10;75:8;82:7;90:6;100:5;101:5;106:4;107:4;113:3;120:2;121:2;129:1,P2,DEFER_UNTIL_BROAD_WAVE_MARGINAL_YIELD_REVIEW,False,NOT_PERFORMED
91,False,0,0,0,0,0,0,0,,NOT_CAPTURED,,,13,51;61;70;76;77;83;91;102;108;114;122;130;131,51:11;61:10;70:9;76:8;77:8;83:7;91:6;102:5;108:4;114:3;122:2;130:1;131:1,P2,DEFER_UNTIL_BROAD_WAVE_MARGINAL_YIELD_REVIEW,False,NOT_PERFORMED
92,False,0,0,0,0,0,0,0,,NOT_CAPTURED,,,10,52;71;84;92;103;109;115;116;123;132,52:11;71:9;84:7;92:6;103:5;109:4;115:3;116:3;123:2;132:1,P2,DEFER_UNTIL_BROAD_WAVE_MARGINAL_YIELD_REVIEW,False,NOT_PERFORMED
93,False,0,0,0,0,0,0,0,,NOT_CAPTURED,,,12,62;72;78;85;93;104;110;117;124;125;133;134,62:10;72:9;78:8;85:7;93:6;104:5;110:4;117:3;124:2;125:2;133:1;134:1,P2,DEFER_UNTIL_BROAD_WAVE_MARGINAL_YIELD_REVIEW,False,NOT_PERFORMED
94,False,0,0,0,0,0,0,0,,NOT_CAPTURED,,,10,63;73;79;86;94;105;111;118;126;135,63:10;73:9;79:8;86:7;94:6;105:5;111:4;118:3;126:2;135:1,P2,DEFER_UNTIL_BROAD_WAVE_MARGINAL_YIELD_REVIEW,False,NOT_PERFORMED
95,False,0,0,0,0,0,0,0,,NOT_CAPTURED,,,9,53;87;95;106;112;119;127;136;137,53:11;87:7;95:6;106:5;112:4;119:3;127:2;136:1;137:1,P1,BROAD_UNOBSERVED_QL_BAND_SAMPLE,True,NOT_PERFORMED
96,False,0,0,0,0,0,0,0,,NOT_CAPTURED,,,13,64;74;80;88;96;107;113;114;120;121;128;129;138,64:10;74:9;80:8;88:7;96:6;107:5;113:4;114:4;120:3;121:3;128:2;129:2;138:1,P2,DEFER_UNTIL_BROAD_WAVE_MARGINAL_YIELD_REVIEW,False,NOT_PERFORMED
97,False,0,0,0,0,0,0,0,,NOT_CAPTURED,,,11,54;65;75;81;89;97;108;115;122;130;139,54:11;65:10;75:9;81:8;89:7;97:6;108:5;115:4;122:3;130:2;139:1,P2,DEFER_UNTIL_BROAD_WAVE_MARGINAL_YIELD_REVIEW,False,NOT_PERFORMED
98,False,0,0,0,0,0,0,0,,NOT_CAPTURED,,,10,55;76;82;98;109;116;123;131;140;141,55:11;76:9;82:8;98:6;109:5;116:4;123:3;131:2;140:1;141:1,P2,DEFER_UNTIL_BROAD_WAVE_MARGINAL_YIELD_REVIEW,False,NOT_PERFORMED
99,False,0,0,0,0,0,0,0,,NOT_CAPTURED,,,11,66;83;90;99;110;111;117;124;132;133;142,66:10;83:8;90:7;99:6;110:5;111:5;117:4;124:3;132:2;133:2;142:1,P2,DEFER_UNTIL_BROAD_WAVE_MARGINAL_YIELD_REVIEW,False,NOT_PERFORMED
100,False,0,0,0,0,0,0,0,,NOT_CAPTURED,,,13,56;67;77;84;91;100;112;118;125;126;134;143;144,56:11;67:10;77:9;84:8;91:7;100:6;112:5;118:4;125:3;126:3;134:2;143:1;144:1,P2,DEFER_UNTIL_BROAD_WAVE_MARGINAL_YIELD_REVIEW,False,NOT_PERFORMED
101,False,0,0,0,0,0,0,0,,NOT_CAPTURED,,,8,78;92;101;113;119;127;135;145,78:9;92:7;101:6;113:5;119:4;127:3;135:2;145:1,P2,DEFER_UNTIL_BROAD_WAVE_MARGINAL_YIELD_REVIEW,False,NOT_PERFORMED
102,False,0,0,0,0,0,0,0,,NOT_CAPTURED,,,14,57;68;79;85;93;102;114;120;121;128;136;137;146;147,57:11;68:10;79:9;85:8;93:7;102:6;114:5;120:4;121:4;128:3;136:2;137:2;146:1;147:1,P2,DEFER_UNTIL_BROAD_WAVE_MARGINAL_YIELD_REVIEW,False,NOT_PERFORMED
103,False,0,0,0,0,0,0,0,,NOT_CAPTURED,,,10,58;69;86;94;103;115;122;129;138;148,58:11;69:10;86:8;94:7;103:6;115:5;122:4;129:3;138:2;148:1,P2,DEFER_UNTIL_BROAD_WAVE_MARGINAL_YIELD_REVIEW,False,NOT_PERFORMED
104,False,0,0,0,0,0,0,0,,NOT_CAPTURED,,,10,80;87;95;104;116;123;130;131;139;149,80:9;87:8;95:7;104:6;116:5;123:4;130:3;131:3;139:2;149:1,P2,DEFER_UNTIL_BROAD_WAVE_MARGINAL_YIELD_REVIEW,False,NOT_PERFORMED
105,False,0,0,0,0,0,0,0,,NOT_CAPTURED,,,13,59;70;81;88;96;105;117;124;132;140;141;150;151,59:11;70:10;81:9;88:8;96:7;105:6;117:5;124:4;132:3;140:2;141:2;150:1;151:1,P1,BROAD_UNOBSERVED_QL_BAND_SAMPLE,True,NOT_PERFORMED
106,False,0,0,0,0,0,0,0,,NOT_CAPTURED,,,10,71;82;89;97;106;118;125;133;142;152,71:10;82:9;89:8;97:7;106:6;118:5;125:4;133:3;142:2;152:1,P2,DEFER_UNTIL_BROAD_WAVE_MARGINAL_YIELD_REVIEW,False,NOT_PERFORMED
107,False,0,0,0,0,0,0,0,,NOT_CAPTURED,,,10,83;98;107;119;126;127;134;143;153;154,83:9;98:7;107:6;119:5;126:4;127:4;134:3;143:2;153:1;154:1,P2,DEFER_UNTIL_BROAD_WAVE_MARGINAL_YIELD_REVIEW,False,NOT_PERFORMED
108,False,0,0,0,0,0,0,0,,NOT_CAPTURED,,,13,60;72;90;99;108;120;121;128;135;136;144;145;155,60:11;72:10;90:8;99:7;108:6;120:5;121:5;128:4;135:3;136:3;144:2;145:2;155:1,P2,DEFER_UNTIL_BROAD_WAVE_MARGINAL_YIELD_REVIEW,False,NOT_PERFORMED
109,False,0,0,0,0,0,0,0,,NOT_CAPTURED,,,11,61;73;84;91;109;122;129;137;146;156;157,61:11;73:10;84:9;91:8;109:6;122:5;129:4;137:3;146:2;156:1;157:1,P2,DEFER_UNTIL_BROAD_WAVE_MARGINAL_YIELD_REVIEW,False,NOT_PERFORMED
110,False,0,0,0,0,0,0,0,,NOT_CAPTURED,,,10,62;85;92;100;110;123;130;138;147;158,62:11;85:9;92:8;100:7;110:6;123:5;130:4;138:3;147:2;158:1,P2,DEFER_UNTIL_BROAD_WAVE_MARGINAL_YIELD_REVIEW,False,NOT_PERFORMED
111,False,0,0,0,0,0,0,0,,NOT_CAPTURED,,,11,74;86;93;101;111;124;131;139;148;149;159,74:10;86:9;93:8;101:7;111:6;124:5;131:4;139:3;148:2;149:2;159:1,P2,DEFER_UNTIL_BROAD_WAVE_MARGINAL_YIELD_REVIEW,False,NOT_PERFORMED
112,False,0,0,0,0,0,0,0,,NOT_CAPTURED,,,12,63;75;94;102;112;125;132;140;141;150;160;161,63:11;75:10;94:8;102:7;112:6;125:5;132:4;140:3;141:3;150:2;160:1;161:1,P2,DEFER_UNTIL_BROAD_WAVE_MARGINAL_YIELD_REVIEW,False,NOT_PERFORMED
113,False,0,0,0,0,0,0,0,,NOT_CAPTURED,,,9,87;103;113;126;133;134;142;151;162,87:9;103:7;113:6;126:5;133:4;134:4;142:3;151:2;162:1,P2,DEFER_UNTIL_BROAD_WAVE_MARGINAL_YIELD_REVIEW,False,NOT_PERFORMED
114,False,0,0,0,0,0,0,0,,NOT_CAPTURED,,,13,64;76;88;95;104;114;127;135;143;152;153;163;164,64:11;76:10;88:9;95:8;104:7;114:6;127:5;135:4;143:3;152:2;153:2;163:1;164:1,P2,DEFER_UNTIL_BROAD_WAVE_MARGINAL_YIELD_REVIEW,False,NOT_PERFORMED
115,False,0,0,0,0,0,0,0,,NOT_CAPTURED,,,10,77;89;96;105;115;128;136;144;154;165,77:10;89:9;96:8;105:7;115:6;128:5;136:4;144:3;154:2;165:1,P1,BROAD_UNOBSERVED_QL_BAND_SAMPLE,True,NOT_PERFORMED
116,False,0,0,0,0,0,0,0,,NOT_CAPTURED,,,11,65;97;106;116;129;137;145;146;155;166;167,65:11;97:8;106:7;116:6;129:5;137:4;145:3;146:3;155:2;166:1;167:1,P2,DEFER_UNTIL_BROAD_WAVE_MARGINAL_YIELD_REVIEW,False,NOT_PERFORMED
117,False,0,0,0,0,0,0,0,,NOT_CAPTURED,,,12,78;90;98;107;117;130;131;138;147;156;157;168,78:10;90:9;98:8;107:7;117:6;130:5;131:5;138:4;147:3;156:2;157:2;168:1,P2,DEFER_UNTIL_BROAD_WAVE_MARGINAL_YIELD_REVIEW,False,NOT_PERFORMED
118,False,0,0,0,0,0,0,0,,NOT_CAPTURED,,,11,66;79;91;99;108;118;132;139;148;158;169,66:11;79:10;91:9;99:8;108:7;118:6;132:5;139:4;148:3;158:2;169:1,P2,DEFER_UNTIL_BROAD_WAVE_MARGINAL_YIELD_REVIEW,False,NOT_PERFORMED
119,False,0,0,0,0,0,0,0,,NOT_CAPTURED,,,10,92;109;119;133;140;141;149;159;170;171,92:9;109:7;119:6;133:5;140:4;141:4;149:3;159:2;170:1;171:1,P2,DEFER_UNTIL_BROAD_WAVE_MARGINAL_YIELD_REVIEW,False,NOT_PERFORMED
120,False,0,0,0,0,0,0,0,,NOT_CAPTURED,,,12,67;80;93;100;120;134;142;150;151;160;161;172,67:11;80:10;93:9;100:8;120:6;134:5;142:4;150:3;151:3;160:2;161:2;172:1,P2,DEFER_UNTIL_BROAD_WAVE_MARGINAL_YIELD_REVIEW,False,NOT_PERFORMED
121,False,0,0,0,0,0,0,0,,NOT_CAPTURED,,,11,68;81;101;110;121;135;143;152;162;173;174,68:11;81:10;101:8;110:7;121:6;135:5;143:4;152:3;162:2;173:1;174:1,P2,DEFER_UNTIL_BROAD_WAVE_MARGINAL_YIELD_REVIEW,False,NOT_PERFORMED
122,False,0,0,0,0,0,0,0,,NOT_CAPTURED,,,10,94;102;111;112;122;136;144;153;163;175,94:9;102:8;111:7;112:7;122:6;136:5;144:4;153:3;163:2;175:1,P2,DEFER_UNTIL_BROAD_WAVE_MARGINAL_YIELD_REVIEW,False,NOT_PERFORMED
123,False,0,0,0,0,0,0,0,,NOT_CAPTURED,,,12,69;82;95;103;123;137;145;154;164;165;176;177,69:11;82:10;95:9;103:8;123:6;137:5;145:4;154:3;164:2;165:2;176:1;177:1,P2,DEFER_UNTIL_BROAD_WAVE_MARGINAL_YIELD_REVIEW,False,NOT_PERFORMED
124,False,0,0,0,0,0,0,0,,NOT_CAPTURED,,,12,83;96;104;113;124;138;146;147;155;156;166;178,83:10;96:9;104:8;113:7;124:6;138:5;146:4;147:4;155:3;156:3;166:2;178:1,P2,DEFER_UNTIL_BROAD_WAVE_MARGINAL_YIELD_REVIEW,False,NOT_PERFORMED
125,False,0,0,0,0,0,0,0,,NOT_CAPTURED,,,8,70;114;125;139;148;157;167;179,70:11;114:7;125:6;139:5;148:4;157:3;167:2;179:1,P1,BROAD_UNOBSERVED_QL_BAND_SAMPLE,True,NOT_PERFORMED
126,False,0,0,0,0,0,0,0,,NOT_CAPTURED,,,13,84;97;105;115;126;140;141;149;158;168;169;180;181,84:10;97:9;105:8;115:7;126:6;140:5;141:5;149:4;158:3;168:2;169:2;180:1;181:1,P2,DEFER_UNTIL_BROAD_WAVE_MARGINAL_YIELD_REVIEW,False,NOT_PERFORMED
127,False,0,0,0,0,0,0,0,,NOT_CAPTURED,,,11,71;85;98;106;116;127;142;150;159;170;182,71:11;85:10;98:9;106:8;116:7;127:6;142:5;150:4;159:3;170:2;182:1,P2,DEFER_UNTIL_BROAD_WAVE_MARGINAL_YIELD_REVIEW,False,NOT_PERFORMED
128,False,0,0,0,0,0,0,0,,NOT_CAPTURED,,,12,72;99;107;117;128;143;151;160;161;171;183;184,72:11;99:9;107:8;117:7;128:6;143:5;151:4;160:3;161:3;171:2;183:1;184:1,P2,DEFER_UNTIL_BROAD_WAVE_MARGINAL_YIELD_REVIEW,False,NOT_PERFORMED
129,False,0,0,0,0,0,0,0,,NOT_CAPTURED,,,10,86;108;118;129;144;152;162;172;173;185,86:10;108:8;118:7;129:6;144:5;152:4;162:3;172:2;173:2;185:1,P2,DEFER_UNTIL_BROAD_WAVE_MARGINAL_YIELD_REVIEW,False,NOT_PERFORMED
130,False,0,0,0,0,0,0,0,,NOT_CAPTURED,,,13,73;87;100;109;119;130;145;153;154;163;174;186;187,73:11;87:10;100:9;109:8;119:7;130:6;145:5;153:4;154:4;163:3;174:2;186:1;187:1,P2,DEFER_UNTIL_BROAD_WAVE_MARGINAL_YIELD_REVIEW,False,NOT_PERFORMED
131,False,0,0,0,0,0,0,0,,NOT_CAPTURED,,,7,101;131;146;155;164;175;188,101:9;131:6;146:5;155:4;164:3;175:2;188:1,P2,DEFER_UNTIL_BROAD_WAVE_MARGINAL_YIELD_REVIEW,False,NOT_PERFORMED
132,False,0,0,0,0,0,0,0,,NOT_CAPTURED,,,13,74;88;102;110;120;132;147;156;165;166;176;177;189,74:11;88:10;102:9;110:8;120:7;132:6;147:5;156:4;165:3;166:3;176:2;177:2;189:1,P2,DEFER_UNTIL_BROAD_WAVE_MARGINAL_YIELD_REVIEW,False,NOT_PERFORMED
133,False,0,0,0,0,0,0,0,,NOT_CAPTURED,,,11,89;103;111;121;133;148;157;167;178;190;191,89:10;103:9;111:8;121:7;133:6;148:5;157:4;167:3;178:2;190:1;191:1,P2,DEFER_UNTIL_BROAD_WAVE_MARGINAL_YIELD_REVIEW,False,NOT_PERFORMED
134,False,0,0,0,0,0,0,0,,NOT_CAPTURED,,,9,75;112;122;134;149;158;168;179;192,75:11;112:8;122:7;134:6;149:5;158:4;168:3;179:2;192:1,P2,DEFER_UNTIL_BROAD_WAVE_MARGINAL_YIELD_REVIEW,False,NOT_PERFORMED
135,False,0,0,0,0,0,0,0,,NOT_CAPTURED,,,14,76;90;104;113;123;135;150;151;159;169;180;181;193;194,76:11;90:10;104:9;113:8;123:7;135:6;150:5;151:5;159:4;169:3;180:2;181:2;193:1;194:1,P1,BROAD_UNOBSERVED_QL_BAND_SAMPLE,True,NOT_PERFORMED
136,False,0,0,0,0,0,0,0,,NOT_CAPTURED,,,12,91;105;114;124;136;152;160;161;170;171;182;195,91:10;105:9;114:8;124:7;136:6;152:5;160:4;161:4;170:3;171:3;182:2;195:1,P2,DEFER_UNTIL_BROAD_WAVE_MARGINAL_YIELD_REVIEW,False,NOT_PERFORMED
137,False,0,0,0,0,0,0,0,,NOT_CAPTURED,,,10,77;106;125;137;153;162;172;183;196;197,77:11;106:9;125:7;137:6;153:5;162:4;172:3;183:2;196:1;197:1,P2,DEFER_UNTIL_BROAD_WAVE_MARGINAL_YIELD_REVIEW,False,NOT_PERFORMED
138,False,0,0,0,0,0,0,0,,NOT_CAPTURED,,,11,78;92;115;126;138;154;163;173;184;185;198,78:11;92:10;115:8;126:7;138:6;154:5;163:4;173:3;184:2;185:2;198:1,P2,DEFER_UNTIL_BROAD_WAVE_MARGINAL_YIELD_REVIEW,False,NOT_PERFORMED
139,False,0,0,0,0,0,0,0,,NOT_CAPTURED,,,11,79;93;107;116;127;139;155;164;174;186;199,79:11;93:10;107:9;116:8;127:7;139:6;155:5;164:4;174:3;186:2;199:1,P2,DEFER_UNTIL_BROAD_WAVE_MARGINAL_YIELD_REVIEW,False,NOT_PERFORMED
140,False,0,0,0,0,0,0,0,,NOT_CAPTURED,,,11,108;117;128;140;156;165;175;176;187;200;201,108:9;117:8;128:7;140:6;156:5;165:4;175:3;176:3;187:2;200:1;201:1,P2,DEFER_UNTIL_BROAD_WAVE_MARGINAL_YIELD_REVIEW,False,NOT_PERFORMED
141,False,0,0,0,0,0,0,0,,NOT_CAPTURED,,,12,94;109;118;129;141;157;166;167;177;188;189;202,94:10;109:9;118:8;129:7;141:6;157:5;166:4;167:4;177:3;188:2;189:2;202:1,P2,DEFER_UNTIL_BROAD_WAVE_MARGINAL_YIELD_REVIEW,False,NOT_PERFORMED
142,False,0,0,0,0,0,0,0,,NOT_CAPTURED,,,9,95;119;142;158;168;178;190;203;204,95:10;119:8;142:6;158:5;168:4;178:3;190:2;203:1;204:1,P2,DEFER_UNTIL_BROAD_WAVE_MARGINAL_YIELD_REVIEW,False,NOT_PERFORMED
143,False,0,0,0,0,0,0,0,,NOT_CAPTURED,,,8,110;130;143;159;169;179;191;205,110:9;130:7;143:6;159:5;169:4;179:3;191:2;205:1,P2,DEFER_UNTIL_BROAD_WAVE_MARGINAL_YIELD_REVIEW,False,NOT_PERFORMED
144,False,0,0,0,0,0,0,0,,NOT_CAPTURED,,,15,80;96;111;120;131;144;160;161;170;180;181;192;193;206;207,80:11;96:10;111:9;120:8;131:7;144:6;160:5;161:5;170:4;180:3;181:3;192:2;193:2;206:1;207:1,P2,DEFER_UNTIL_BROAD_WAVE_MARGINAL_YIELD_REVIEW,False,NOT_PERFORMED
145,False,0,0,0,0,0,0,0,,NOT_CAPTURED,,,11,81;97;112;121;132;145;162;171;182;194;208,81:11;97:10;112:9;121:8;132:7;145:6;162:5;171:4;182:3;194:2;208:1,P1,BROAD_UNOBSERVED_QL_BAND_SAMPLE,True,NOT_PERFORMED
146,False,0,0,0,0,0,0,0,,NOT_CAPTURED,,,10,82;113;122;133;146;163;172;183;195;209,82:11;113:9;122:8;133:7;146:6;163:5;172:4;183:3;195:2;209:1,P2,DEFER_UNTIL_BROAD_WAVE_MARGINAL_YIELD_REVIEW,False,NOT_PERFORMED
147,False,0,0,0,0,0,0,0,,NOT_CAPTURED,,,12,98;123;134;147;164;173;174;184;196;197;210;211,98:10;123:8;134:7;147:6;164:5;173:4;174:4;184:3;196:2;197:2;210:1;211:1,P2,DEFER_UNTIL_BROAD_WAVE_MARGINAL_YIELD_REVIEW,False,NOT_PERFORMED
148,False,0,0,0,0,0,0,0,,NOT_CAPTURED,,,12,83;99;114;124;135;148;165;175;185;186;198;212,83:11;99:10;114:9;124:8;135:7;148:6;165:5;175:4;185:3;186:3;198:2;212:1,P2,DEFER_UNTIL_BROAD_WAVE_MARGINAL_YIELD_REVIEW,False,NOT_PERFORMED
149,False,0,0,0,0,0,0,0,,NOT_CAPTURED,,,10,84;115;136;149;166;176;187;199;213;214,84:11;115:9;136:7;149:6;166:5;176:4;187:3;199:2;213:1;214:1,P2,DEFER_UNTIL_BROAD_WAVE_MARGINAL_YIELD_REVIEW,False,NOT_PERFORMED
150,False,0,0,0,0,0,0,0,,NOT_CAPTURED,,,11,100;116;125;137;150;167;177;188;200;201;215,100:10;116:9;125:8;137:7;150:6;167:5;177:4;188:3;200:2;201:2;215:1,P2,DEFER_UNTIL_BROAD_WAVE_MARGINAL_YIELD_REVIEW,False,NOT_PERFORMED
151,False,0,0,0,0,0,0,0,,NOT_CAPTURED,,,11,85;101;126;138;151;168;178;189;202;216;217,85:11;101:10;126:8;138:7;151:6;168:5;178:4;189:3;202:2;216:1;217:1,P2,DEFER_UNTIL_BROAD_WAVE_MARGINAL_YIELD_REVIEW,False,NOT_PERFORMED
152,False,0,0,0,0,0,0,0,,NOT_CAPTURED,,,10,117;127;139;152;169;179;190;191;203;218,117:9;127:8;139:7;152:6;169:5;179:4;190:3;191:3;203:2;218:1,P2,DEFER_UNTIL_BROAD_WAVE_MARGINAL_YIELD_REVIEW,False,NOT_PERFORMED
153,False,0,0,0,0,0,0,0,,NOT_CAPTURED,,,12,102;118;128;153;170;171;180;181;192;204;205;219,102:10;118:9;128:8;153:6;170:5;171:5;180:4;181:4;192:3;204:2;205:2;219:1,P2,DEFER_UNTIL_BROAD_WAVE_MARGINAL_YIELD_REVIEW,False,NOT_PERFORMED
154,False,0,0,0,0,0,0,0,,NOT_CAPTURED,,,11,86;103;119;129;140;154;172;182;193;206;220,86:11;103:10;119:9;129:8;140:7;154:6;172:5;182:4;193:3;206:2;220:1,P2,DEFER_UNTIL_BROAD_WAVE_MARGINAL_YIELD_REVIEW,False,NOT_PERFORMED
155,False,0,0,0,0,0,0,0,,NOT_CAPTURED,,,7,87;141;155;173;183;194;207,87:11;141:7;155:6;173:5;183:4;194:3;207:2,P1,BROAD_UNOBSERVED_QL_BAND_SAMPLE,True,NOT_PERFORMED
156,False,0,0,0,0,0,0,0,,NOT_CAPTURED,,,11,104;120;130;142;156;174;184;195;196;208;209,104:10;120:9;130:8;142:7;156:6;174:5;184:4;195:3;196:3;208:2;209:2,P2,DEFER_UNTIL_BROAD_WAVE_MARGINAL_YIELD_REVIEW,False,NOT_PERFORMED
157,False,0,0,0,0,0,0,0,,NOT_CAPTURED,,,10,88;105;121;131;143;157;175;185;197;210,88:11;105:10;121:9;131:8;143:7;157:6;175:5;185:4;197:3;210:2,P2,DEFER_UNTIL_BROAD_WAVE_MARGINAL_YIELD_REVIEW,False,NOT_PERFORMED
158,False,0,0,0,0,0,0,0,,NOT_CAPTURED,,,9,122;132;144;158;176;186;187;198;211,122:9;132:8;144:7;158:6;176:5;186:4;187:4;198:3;211:2,P2,DEFER_UNTIL_BROAD_WAVE_MARGINAL_YIELD_REVIEW,False,NOT_PERFORMED
159,False,0,0,0,0,0,0,0,,NOT_CAPTURED,,,11,89;106;123;133;145;159;177;188;199;212;213,89:11;106:10;123:9;133:8;145:7;159:6;177:5;188:4;199:3;212:2;213:2,P2,DEFER_UNTIL_BROAD_WAVE_MARGINAL_YIELD_REVIEW,False,NOT_PERFORMED
160,False,0,0,0,0,0,0,0,,NOT_CAPTURED,,,9,107;134;146;160;178;189;200;201;214,107:10;134:8;146:7;160:6;178:5;189:4;200:3;201:3;214:2,P2,DEFER_UNTIL_BROAD_WAVE_MARGINAL_YIELD_REVIEW,False,NOT_PERFORMED
161,False,0,0,0,0,0,0,0,,NOT_CAPTURED,,,8,90;124;147;161;179;190;202;215,90:11;124:9;147:7;161:6;179:5;190:4;202:3;215:2,P2,DEFER_UNTIL_BROAD_WAVE_MARGINAL_YIELD_REVIEW,False,NOT_PERFORMED
162,False,0,0,0,0,0,0,0,,NOT_CAPTURED,,,11,108;125;135;148;162;180;181;191;203;216;217,108:10;125:9;135:8;148:7;162:6;180:5;181:5;191:4;203:3;216:2;217:2,P2,DEFER_UNTIL_BROAD_WAVE_MARGINAL_YIELD_REVIEW,False,NOT_PERFORMED
163,False,0,0,0,0,0,0,0,,NOT_CAPTURED,,,10,91;109;126;136;149;163;182;192;204;218,91:11;109:10;126:9;136:8;149:7;163:6;182:5;192:4;204:3;218:2,P2,DEFER_UNTIL_BROAD_WAVE_MARGINAL_YIELD_REVIEW,False,NOT_PERFORMED
164,False,0,0,0,0,0,0,0,,NOT_CAPTURED,,,9,92;137;164;183;193;194;205;206;219,92:11;137:8;164:6;183:5;193:4;194:4;205:3;206:3;219:2,P2,DEFER_UNTIL_BROAD_WAVE_MARGINAL_YIELD_REVIEW,False,NOT_PERFORMED
165,False,0,0,0,0,0,0,0,,NOT_CAPTURED,,,9,110;127;138;150;165;184;195;207;220,110:10;127:9;138:8;150:7;165:6;184:5;195:4;207:3;220:2,P1,BROAD_UNOBSERVED_QL_BAND_SAMPLE,True,NOT_PERFORMED
166,False,0,0,0,0,0,0,0,,NOT_CAPTURED,,,9,93;111;128;139;151;166;185;196;208,93:11;111:10;128:9;139:8;151:7;166:6;185:5;196:4;208:3,P2,DEFER_UNTIL_BROAD_WAVE_MARGINAL_YIELD_REVIEW,False,NOT_PERFORMED
167,False,0,0,0,0,0,0,0,,NOT_CAPTURED,,,6,129;152;167;186;197;209,129:9;152:7;167:6;186:5;197:4;209:3,P2,DEFER_UNTIL_BROAD_WAVE_MARGINAL_YIELD_REVIEW,False,NOT_PERFORMED
168,False,0,0,0,0,0,0,0,,NOT_CAPTURED,,,9,94;112;140;153;168;187;198;210;211,94:11;112:10;140:8;153:7;168:6;187:5;198:4;210:3;211:3,P2,DEFER_UNTIL_BROAD_WAVE_MARGINAL_YIELD_REVIEW,False,NOT_PERFORMED
169,False,0,0,0,0,0,0,0,,NOT_CAPTURED,,,8,113;130;141;154;169;188;199;212,113:10;130:9;141:8;154:7;169:6;188:5;199:4;212:3,P2,DEFER_UNTIL_BROAD_WAVE_MARGINAL_YIELD_REVIEW,False,NOT_PERFORMED
170,False,0,0,0,0,0,0,0,,NOT_CAPTURED,,,9,95;131;142;155;170;189;200;201;213,95:11;131:9;142:8;155:7;170:6;189:5;200:4;201:4;213:3,P2,DEFER_UNTIL_BROAD_WAVE_MARGINAL_YIELD_REVIEW,False,NOT_PERFORMED
171,False,0,0,0,0,0,0,0,,NOT_CAPTURED,,,10,96;114;132;143;156;171;190;191;202;214,96:11;114:10;132:9;143:8;156:7;171:6;190:5;191:5;202:4;214:3,P2,DEFER_UNTIL_BROAD_WAVE_MARGINAL_YIELD_REVIEW,False,NOT_PERFORMED
172,False,0,0,0,0,0,0,0,,NOT_CAPTURED,,,9,115;133;144;157;172;192;203;215;216,115:10;133:9;144:8;157:7;172:6;192:5;203:4;215:3;216:3,P2,DEFER_UNTIL_BROAD_WAVE_MARGINAL_YIELD_REVIEW,False,NOT_PERFORMED
173,False,0,0,0,0,0,0,0,,NOT_CAPTURED,,,6,97;158;173;193;204;217,97:11;158:7;173:6;193:5;204:4;217:3,P2,DEFER_UNTIL_BROAD_WAVE_MARGINAL_YIELD_REVIEW,False,NOT_PERFORMED
174,False,0,0,0,0,0,0,0,,NOT_CAPTURED,,,8,116;134;145;159;174;194;205;218,116:10;134:9;145:8;159:7;174:6;194:5;205:4;218:3,P2,DEFER_UNTIL_BROAD_WAVE_MARGINAL_YIELD_REVIEW,False,NOT_PERFORMED
175,False,0,0,0,0,0,0,0,,NOT_CAPTURED,,,9,98;117;135;146;175;195;206;207;219,98:11;117:10;135:9;146:8;175:6;195:5;206:4;207:4;219:3,P1,BROAD_UNOBSERVED_QL_BAND_SAMPLE,True,NOT_PERFORMED
176,False,0,0,0,0,0,0,0,,NOT_CAPTURED,,,7,136;147;160;176;196;208;220,136:9;147:8;160:7;176:6;196:5;208:4;220:3,P2,DEFER_UNTIL_BROAD_WAVE_MARGINAL_YIELD_REVIEW,False,NOT_PERFORMED
177,False,0,0,0,0,0,0,0,,NOT_CAPTURED,,,7,99;118;148;161;177;197;209,99:11;118:10;148:8;161:7;177:6;197:5;209:4,P2,DEFER_UNTIL_BROAD_WAVE_MARGINAL_YIELD_REVIEW,False,NOT_PERFORMED
178,False,0,0,0,0,0,0,0,,NOT_CAPTURED,,,7,119;137;149;162;178;198;210,119:10;137:9;149:8;162:7;178:6;198:5;210:4,P2,DEFER_UNTIL_BROAD_WAVE_MARGINAL_YIELD_REVIEW,False,NOT_PERFORMED
179,False,0,0,0,0,0,0,0,,NOT_CAPTURED,,,6,100;138;163;179;199;211,100:11;138:9;163:7;179:6;199:5;211:4,P2,DEFER_UNTIL_BROAD_WAVE_MARGINAL_YIELD_REVIEW,False,NOT_PERFORMED
180,False,0,0,0,0,0,0,0,,NOT_CAPTURED,,,8,120;139;150;164;180;200;201;212,120:10;139:9;150:8;164:7;180:6;200:5;201:5;212:4,P2,DEFER_UNTIL_BROAD_WAVE_MARGINAL_YIELD_REVIEW,False,NOT_PERFORMED
181,False,0,0,0,0,0,0,0,,NOT_CAPTURED,,,7,121;151;165;181;202;213;214,121:10;151:8;165:7;181:6;202:5;213:4;214:4,P2,DEFER_UNTIL_BROAD_WAVE_MARGINAL_YIELD_REVIEW,False,NOT_PERFORMED
182,False,0,0,0,0,0,0,0,,NOT_CAPTURED,,,6,140;152;166;182;203;215,140:9;152:8;166:7;182:6;203:5;215:4,P2,DEFER_UNTIL_BROAD_WAVE_MARGINAL_YIELD_REVIEW,False,NOT_PERFORMED
183,False,0,0,0,0,0,0,0,,NOT_CAPTURED,,,7,122;141;153;167;183;204;216,122:10;141:9;153:8;167:7;183:6;204:5;216:4,P2,DEFER_UNTIL_BROAD_WAVE_MARGINAL_YIELD_REVIEW,False,NOT_PERFORMED
184,False,0,0,0,0,0,0,0,,NOT_CAPTURED,,,8,101;123;142;154;168;184;205;217,101:11;123:10;142:9;154:8;168:7;184:6;205:5;217:4,P2,DEFER_UNTIL_BROAD_WAVE_MARGINAL_YIELD_REVIEW,False,NOT_PERFORMED
185,False,0,0,0,0,0,0,0,,NOT_CAPTURED,,,6,103;143;169;185;206;218,103:11;143:9;169:7;185:6;206:5;218:4,P1,BROAD_UNOBSERVED_QL_BAND_SAMPLE,True,NOT_PERFORMED
186,False,0,0,0,0,0,0,0,,NOT_CAPTURED,,,6,102;124;155;186;207;219,102:11;124:10;155:8;186:6;207:5;219:4,P2,DEFER_UNTIL_BROAD_WAVE_MARGINAL_YIELD_REVIEW,False,NOT_PERFORMED
187,False,0,0,0,0,0,0,0,,NOT_CAPTURED,,,8,104;125;144;156;170;187;208;220,104:11;125:10;144:9;156:8;170:7;187:6;208:5;220:4,P2,DEFER_UNTIL_BROAD_WAVE_MARGINAL_YIELD_REVIEW,False,NOT_PERFORMED
188,False,0,0,0,0,0,0,0,,NOT_CAPTURED,,,6,105;145;157;171;188;209,105:11;145:9;157:8;171:7;188:6;209:5,P2,DEFER_UNTIL_BROAD_WAVE_MARGINAL_YIELD_REVIEW,False,NOT_PERFORMED
189,False,0,0,0,0,0,0,0,,NOT_CAPTURED,,,8,106;126;146;158;172;189;210;211,106:11;126:10;146:9;158:8;172:7;189:6;210:5;211:5,P2,DEFER_UNTIL_BROAD_WAVE_MARGINAL_YIELD_REVIEW,False,NOT_PERFORMED
190,False,0,0,0,0,0,0,0,,NOT_CAPTURED,,,5,127;159;173;190;212,127:10;159:8;173:7;190:6;212:5,P2,DEFER_UNTIL_BROAD_WAVE_MARGINAL_YIELD_REVIEW,False,NOT_PERFORMED
191,False,0,0,0,0,0,0,0,,NOT_CAPTURED,,,5,107;147;174;191;213,107:11;147:9;174:7;191:6;213:5,P2,DEFER_UNTIL_BROAD_WAVE_MARGINAL_YIELD_REVIEW,False,NOT_PERFORMED
192,False,0,0,0,0,0,0,0,,NOT_CAPTURED,,,6,128;148;160;175;192;214,128:10;148:9;160:8;175:7;192:6;214:5,P2,DEFER_UNTIL_BROAD_WAVE_MARGINAL_YIELD_REVIEW,False,NOT_PERFORMED
193,False,0,0,0,0,0,0,0,,NOT_CAPTURED,,,7,108;129;149;161;176;193;215,108:11;129:10;149:9;161:8;176:7;193:6;215:5,P2,DEFER_UNTIL_BROAD_WAVE_MARGINAL_YIELD_REVIEW,False,NOT_PERFORMED
194,False,0,0,0,0,0,0,0,,NOT_CAPTURED,,,4,162;177;194;216,162:8;177:7;194:6;216:5,P0,VALIDATE_LOCAL_TABLE_ONLY_HIGH_QL_EDGE,True,NOT_PERFORMED
195,False,0,0,0,0,0,0,0,,NOT_CAPTURED,,,7,109;130;150;163;178;195;217,109:11;130:10;150:9;163:8;178:7;195:6;217:5,P2,DEFER_UNTIL_BROAD_WAVE_MARGINAL_YIELD_REVIEW,False,NOT_PERFORMED
196,False,0,0,0,0,0,0,0,,NOT_CAPTURED,,,6,131;151;164;179;196;218,131:10;151:9;164:8;179:7;196:6;218:5,P2,DEFER_UNTIL_BROAD_WAVE_MARGINAL_YIELD_REVIEW,False,NOT_PERFORMED
197,False,0,0,0,0,0,0,0,,NOT_CAPTURED,,,4,110;152;197;219,110:11;152:9;197:6;219:5,P2,DEFER_UNTIL_BROAD_WAVE_MARGINAL_YIELD_REVIEW,False,NOT_PERFORMED
198,False,0,0,0,0,0,0,0,,NOT_CAPTURED,,,7,111;132;153;165;180;198;220,111:11;132:10;153:9;165:8;180:7;198:6;220:5,P2,DEFER_UNTIL_BROAD_WAVE_MARGINAL_YIELD_REVIEW,False,NOT_PERFORMED
199,False,0,0,0,0,0,0,0,,NOT_CAPTURED,,,4,133;166;181;199,133:10;166:8;181:7;199:6,P2,DEFER_UNTIL_BROAD_WAVE_MARGINAL_YIELD_REVIEW,False,NOT_PERFORMED
200,False,0,0,0,0,0,0,0,,NOT_CAPTURED,,,5,112;154;167;182;200,112:11;154:9;167:8;182:7;200:6,P2,DEFER_UNTIL_BROAD_WAVE_MARGINAL_YIELD_REVIEW,False,NOT_PERFORMED
201,False,0,0,0,0,0,0,0,,NOT_CAPTURED,,,5,134;155;168;183;201,134:10;155:9;168:8;183:7;201:6,P2,DEFER_UNTIL_BROAD_WAVE_MARGINAL_YIELD_REVIEW,False,NOT_PERFORMED
202,False,0,0,0,0,0,0,0,,NOT_CAPTURED,,,6,113;135;156;169;184;202,113:11;135:10;156:9;169:8;184:7;202:6,P2,DEFER_UNTIL_BROAD_WAVE_MARGINAL_YIELD_REVIEW,False,NOT_PERFORMED
203,False,0,0,0,0,0,0,0,,NOT_CAPTURED,,,2,185;203,185:7;203:6,P0,VALIDATE_LOCAL_TABLE_ONLY_HIGH_QL_EDGE,True,NOT_PERFORMED
204,False,0,0,0,0,0,0,0,,NOT_CAPTURED,,,6,114;136;157;170;186;204,114:11;136:10;157:9;170:8;186:7;204:6,P2,DEFER_UNTIL_BROAD_WAVE_MARGINAL_YIELD_REVIEW,False,NOT_PERFORMED
205,False,0,0,0,0,0,0,0,,NOT_CAPTURED,,,5,137;158;171;187;205,137:10;158:9;171:8;187:7;205:6,P2,DEFER_UNTIL_BROAD_WAVE_MARGINAL_YIELD_REVIEW,False,NOT_PERFORMED
206,False,0,0,0,0,0,0,0,,NOT_CAPTURED,,,5,115;159;172;188;206,115:11;159:9;172:8;188:7;206:6,P2,DEFER_UNTIL_BROAD_WAVE_MARGINAL_YIELD_REVIEW,False,NOT_PERFORMED
207,False,0,0,0,0,0,0,0,,NOT_CAPTURED,,,4,138;173;189;207,138:10;173:8;189:7;207:6,P2,DEFER_UNTIL_BROAD_WAVE_MARGINAL_YIELD_REVIEW,False,NOT_PERFORMED
208,False,0,0,0,0,0,0,0,,NOT_CAPTURED,,,5,116;139;160;174;208,116:11;139:10;160:9;174:8;208:6,P2,DEFER_UNTIL_BROAD_WAVE_MARGINAL_YIELD_REVIEW,False,NOT_PERFORMED
209,False,0,0,0,0,0,0,0,,NOT_CAPTURED,,,3,161;190;209,161:9;190:7;209:6,P0,VALIDATE_LOCAL_TABLE_ONLY_HIGH_QL_EDGE,True,NOT_PERFORMED
210,False,0,0,0,0,0,0,0,,NOT_CAPTURED,,,6,117;140;162;175;191;210,117:11;140:10;162:9;175:8;191:7;210:6,P2,DEFER_UNTIL_BROAD_WAVE_MARGINAL_YIELD_REVIEW,False,NOT_PERFORMED
211,False,0,0,0,0,0,0,0,,NOT_CAPTURED,,,6,118;141;163;176;192;211,118:11;141:10;163:9;176:8;192:7;211:6,P2,DEFER_UNTIL_BROAD_WAVE_MARGINAL_YIELD_REVIEW,False,NOT_PERFORMED
212,False,0,0,0,0,0,0,0,,NOT_CAPTURED,,,4,142;177;193;212,142:10;177:8;193:7;212:6,P2,DEFER_UNTIL_BROAD_WAVE_MARGINAL_YIELD_REVIEW,False,NOT_PERFORMED
213,False,0,0,0,0,0,0,0,,NOT_CAPTURED,,,4,164;178;194;213,164:9;178:8;194:7;213:6,P0,VALIDATE_LOCAL_TABLE_ONLY_HIGH_QL_EDGE,True,NOT_PERFORMED
214,False,0,0,0,0,0,0,0,,NOT_CAPTURED,,,6,119;143;165;179;195;214,119:11;143:10;165:9;179:8;195:7;214:6,P2,DEFER_UNTIL_BROAD_WAVE_MARGINAL_YIELD_REVIEW,False,NOT_PERFORMED
215,False,0,0,0,0,0,0,0,,NOT_CAPTURED,,,4,120;166;196;215,120:11;166:9;196:7;215:6,P2,DEFER_UNTIL_BROAD_WAVE_MARGINAL_YIELD_REVIEW,False,NOT_PERFORMED
216,False,0,0,0,0,0,0,0,,NOT_CAPTURED,,,4,144;180;197;216,144:10;180:8;197:7;216:6,P2,DEFER_UNTIL_BROAD_WAVE_MARGINAL_YIELD_REVIEW,False,NOT_PERFORMED
217,False,0,0,0,0,0,0,0,,NOT_CAPTURED,,,6,121;145;167;181;198;217,121:11;145:10;167:9;181:8;198:7;217:6,P2,DEFER_UNTIL_BROAD_WAVE_MARGINAL_YIELD_REVIEW,False,NOT_PERFORMED
218,False,0,0,0,0,0,0,0,,NOT_CAPTURED,,,5,122;168;182;199;218,122:11;168:9;182:8;199:7;218:6,P2,DEFER_UNTIL_BROAD_WAVE_MARGINAL_YIELD_REVIEW,False,NOT_PERFORMED
219,False,0,0,0,0,0,0,0,,NOT_CAPTURED,,,4,146;169;183;219,146:10;169:9;183:8;219:6,P2,DEFER_UNTIL_BROAD_WAVE_MARGINAL_YIELD_REVIEW,False,NOT_PERFORMED
220,False,0,0,0,0,0,0,0,,NOT_CAPTURED,,,6,123;147;170;184;200;220,123:11;147:10;170:9;184:8;200:7;220:6,P2,DEFER_UNTIL_BROAD_WAVE_MARGINAL_YIELD_REVIEW,False,NOT_PERFORMED
221,False,0,0,0,0,0,0,0,,NOT_CAPTURED,,,1,201,201:7,P0,VALIDATE_LOCAL_TABLE_ONLY_HIGH_QL_EDGE,True,NOT_PERFORMED
222,False,0,0,0,0,0,0,0,,NOT_CAPTURED,,,5,124;148;171;185;202,124:11;148:10;171:9;185:8;202:7,P2,DEFER_UNTIL_BROAD_WAVE_MARGINAL_YIELD_REVIEW,False,NOT_PERFORMED
223,False,0,0,0,0,0,0,0,,NOT_CAPTURED,,,4,149;172;186;203,149:10;172:9;186:8;203:7,P2,DEFER_UNTIL_BROAD_WAVE_MARGINAL_YIELD_REVIEW,False,NOT_PERFORMED
224,False,0,0,0,0,0,0,0,,NOT_CAPTURED,,,4,125;173;187;204,125:11;173:9;187:8;204:7,P2,DEFER_UNTIL_BROAD_WAVE_MARGINAL_YIELD_REVIEW,False,NOT_PERFORMED
225,False,0,0,0,0,0,0,0,,NOT_CAPTURED,,,5,126;127;150;188;205,126:11;127:11;150:10;188:8;205:7,P2,DEFER_UNTIL_BROAD_WAVE_MARGINAL_YIELD_REVIEW,False,NOT_PERFORMED
226,False,0,0,0,0,0,0,0,,NOT_CAPTURED,,,5,128;151;174;189;206,128:11;151:10;174:9;189:8;206:7,P2,DEFER_UNTIL_BROAD_WAVE_MARGINAL_YIELD_REVIEW,False,NOT_PERFORMED
227,False,0,0,0,0,0,0,0,,NOT_CAPTURED,,,3,129;175;207,129:11;175:9;207:7,P2,DEFER_UNTIL_BROAD_WAVE_MARGINAL_YIELD_REVIEW,False,NOT_PERFORMED
228,False,0,0,0,0,0,0,0,,NOT_CAPTURED,,,4,152;176;190;208,152:10;176:9;190:8;208:7,P0,VALIDATE_LOCAL_TABLE_ONLY_HIGH_QL_EDGE,True,NOT_PERFORMED
229,False,0,0,0,0,0,0,0,,NOT_CAPTURED,,,3,153;191;209,153:10;191:8;209:7,P0,VALIDATE_LOCAL_TABLE_ONLY_HIGH_QL_EDGE,True,NOT_PERFORMED
230,False,0,0,0,0,0,0,0,,NOT_CAPTURED,,,2,177;192,177:9;192:8,P0,VALIDATE_LOCAL_TABLE_ONLY_HIGH_QL_EDGE,True,NOT_PERFORMED
231,False,0,0,0,0,0,0,0,,NOT_CAPTURED,,,4,154;178;193;210,154:10;178:9;193:8;210:7,P0,VALIDATE_LOCAL_TABLE_ONLY_HIGH_QL_EDGE,True,NOT_PERFORMED
232,False,0,0,0,0,0,0,0,,NOT_CAPTURED,,,5,130;155;179;194;211,130:11;155:10;179:9;194:8;211:7,P2,DEFER_UNTIL_BROAD_WAVE_MARGINAL_YIELD_REVIEW,False,NOT_PERFORMED
233,False,0,0,0,0,0,0,0,,NOT_CAPTURED,,,2,180;212,180:9;212:7,P0,VALIDATE_LOCAL_TABLE_ONLY_HIGH_QL_EDGE,True,NOT_PERFORMED
234,False,0,0,0,0,0,0,0,,NOT_CAPTURED,,,3,156;195;213,156:10;195:8;213:7,P0,VALIDATE_LOCAL_TABLE_ONLY_HIGH_QL_EDGE,True,NOT_PERFORMED
235,False,0,0,0,0,0,0,0,,NOT_CAPTURED,,,5,131;157;181;196;214,131:11;157:10;181:9;196:8;214:7,P2,DEFER_UNTIL_BROAD_WAVE_MARGINAL_YIELD_REVIEW,False,NOT_PERFORMED
236,False,0,0,0,0,0,0,0,,NOT_CAPTURED,,,4,132;182;197;215,132:11;182:9;197:8;215:7,P2,DEFER_UNTIL_BROAD_WAVE_MARGINAL_YIELD_REVIEW,False,NOT_PERFORMED
237,False,0,0,0,0,0,0,0,,NOT_CAPTURED,,,5,133;158;183;198;216,133:11;158:10;183:9;198:8;216:7,P2,DEFER_UNTIL_BROAD_WAVE_MARGINAL_YIELD_REVIEW,False,NOT_PERFORMED
238,False,0,0,0,0,0,0,0,,NOT_CAPTURED,,,4,134;159;199;217,134:11;159:10;199:8;217:7,P2,DEFER_UNTIL_BROAD_WAVE_MARGINAL_YIELD_REVIEW,False,NOT_PERFORMED
239,False,0,0,0,0,0,0,0,,NOT_CAPTURED,,,3,135;184;218,135:11;184:9;218:7,P2,DEFER_UNTIL_BROAD_WAVE_MARGINAL_YIELD_REVIEW,False,NOT_PERFORMED
240,False,0,0,0,0,0,0,0,,NOT_CAPTURED,,,4,160;185;200;219,160:10;185:9;200:8;219:7,P0,VALIDATE_LOCAL_TABLE_ONLY_HIGH_QL_EDGE,True,NOT_PERFORMED
241,False,0,0,0,0,0,0,0,,NOT_CAPTURED,,,3,161;186;201,161:10;186:9;201:8,P0,VALIDATE_LOCAL_TABLE_ONLY_HIGH_QL_EDGE,True,NOT_PERFORMED
242,False,0,0,0,0,0,0,0,,NOT_CAPTURED,,,2,202;220,202:8;220:7,P0,VALIDATE_LOCAL_TABLE_ONLY_HIGH_QL_EDGE,True,NOT_PERFORMED
243,False,0,0,0,0,0,0,0,,NOT_CAPTURED,,,4,136;162;187;203,136:11;162:10;187:9;203:8,P2,DEFER_UNTIL_BROAD_WAVE_MARGINAL_YIELD_REVIEW,False,NOT_PERFORMED
244,False,0,0,0,0,0,0,0,,NOT_CAPTURED,,,3,163;188;204,163:10;188:9;204:8,P0,VALIDATE_LOCAL_TABLE_ONLY_HIGH_QL_EDGE,True,NOT_PERFORMED
245,False,0,0,0,0,0,0,0,,NOT_CAPTURED,,,2,137;189,137:11;189:9,P2,DEFER_UNTIL_BROAD_WAVE_MARGINAL_YIELD_REVIEW,False,NOT_PERFORMED
246,False,0,0,0,0,0,0,0,,NOT_CAPTURED,,,4,138;164;190;205,138:11;164:10;190:9;205:8,P2,DEFER_UNTIL_BROAD_WAVE_MARGINAL_YIELD_REVIEW,False,NOT_PERFORMED
247,False,0,0,0,0,0,0,0,,NOT_CAPTURED,,,2,165;206,165:10;206:8,P0,VALIDATE_LOCAL_TABLE_ONLY_HIGH_QL_EDGE,True,NOT_PERFORMED
248,False,0,0,0,0,0,0,0,,NOT_CAPTURED,,,3,139;191;207,139:11;191:9;207:8,P2,DEFER_UNTIL_BROAD_WAVE_MARGINAL_YIELD_REVIEW,False,NOT_PERFORMED
249,False,0,0,0,0,0,0,0,,NOT_CAPTURED,,,3,166;192;208,166:10;192:9;208:8,P0,VALIDATE_LOCAL_TABLE_ONLY_HIGH_QL_EDGE,True,NOT_PERFORMED
250,False,0,0,0,0,0,0,0,,NOT_CAPTURED,,,81,140;141;142;143;144;145;146;147;148;149;150;151;152;153;154;155;156;157;158;159;160;161;162;163;164;165;166;167;168;169;170;171;172;173;174;175;176;177;178;179;180;181;182;183;184;185;186;187;188;189;190;191;192;193;194;195;196;197;198;199;200;201;202;203;204;205;206;207;208;209;210;211;212;213;214;215;216;217;218;219;220,140:11;141:11;142:11;143:11;144:11;145:11;146:11;147:11;148:11;149:11;150:11;151:11;152:11;153:11;154:11;155:11;156:11;157:11;158:11;159:11;160:11;161:11;162:11;163:11;164:11;165:11;166:11;167:10/11;168:10/11;169:10/11;170:10/11;171:10/11;172:10/11;173:10/11;174:10/11;175:10/11;176:10/11;177:10/11;178:10/11;179:10/11;180:10/11;181:10/11;182:10/11;183:10/11;184:10/11;185:10/11;186:10/11;187:10/11;188:10/11;189:10/11;190:10/11;191:10/11;192:10/11;193:9/10/11;194:9/10/11;195:9/10/11;196:9/10/11;197:9/10/11;198:9/10/11;199:9/10/11;200:9/10/11;201:9/10/11;202:9/10/11;203:9/10/11;204:9/10/11;205:9/10/11;206:9/10/11;207:9/10/11;208:9/10/11;209:8/9/10/11;210:8/9/10/11;211:8/9/10/11;212:8/9/10/11;213:8/9/10/11;214:8/9/10/11;215:8/9/10/11;216:8/9/10/11;217:8/9/10/11;218:8/9/10/11;219:8/9/10/11;220:8/9/10/11,P1,BROAD_UNOBSERVED_QL_BAND_SAMPLE,True,NOT_PERFORMED
