mission_ql,character_level,slider_position,ordinary_terminal_eligible,evidence_status
1,1,1,False,PROVEN_HELPBOT
1,1,2,False,PROVEN_HELPBOT
1,1,3,False,PROVEN_HELPBOT
1,1,4,False,PROVEN_HELPBOT
1,1,5,False,PROVEN_HELPBOT
1,1,6,False,PROVEN_HELPBOT
1,1,7,False,PROVEN_HELPBOT
1,1,8,False,PROVEN_HELPBOT
1,1,9,False,PROVEN_HELPBOT
1,1,10,False,PROVEN_HELPBOT
1,1,11,False,PROVEN_HELPBOT
1,2,1,True,PROVEN_HELPBOT
1,2,2,True,PROVEN_HELPBOT
1,2,3,True,PROVEN_HELPBOT
1,2,4,True,PROVEN_HELPBOT
1,2,5,True,PROVEN_HELPBOT
2,2,6,True,PROVEN_HELPBOT
2,2,7,True,PROVEN_HELPBOT
2,2,8,True,PROVEN_HELPBOT
2,2,9,True,PROVEN_HELPBOT
2,3,1,True,PROVEN_HELPBOT
2,3,2,True,PROVEN_HELPBOT
2,3,3,True,PROVEN_HELPBOT
2,3,4,True,PROVEN_HELPBOT
2,3,5,True,PROVEN_HELPBOT
2,4,1,True,PROVEN_HELPBOT
3,2,10,True,PROVEN_HELPBOT
3,2,11,True,PROVEN_HELPBOT
3,3,6,True,PROVEN_HELPBOT
3,3,7,True,PROVEN_HELPBOT
3,3,8,True,PROVEN_HELPBOT
3,3,9,True,PROVEN_HELPBOT
3,4,2,True,PROVEN_HELPBOT
3,4,3,True,PROVEN_HELPBOT
3,4,4,True,PROVEN_HELPBOT
3,4,5,True,PROVEN_HELPBOT
3,5,1,True,PROVEN_HELPBOT
3,5,2,True,PROVEN_HELPBOT
4,3,10,True,PROVEN_HELPBOT
4,4,6,True,PROVEN_HELPBOT
4,4,7,True,PROVEN_HELPBOT
4,4,8,True,PROVEN_HELPBOT
4,5,3,True,PROVEN_HELPBOT
4,5,4,True,PROVEN_HELPBOT
4,5,5,True,PROVEN_HELPBOT
4,6,1,True,PROVEN_HELPBOT
4,6,2,True,PROVEN_HELPBOT
4,6,3,True,PROVEN_HELPBOT
4,7,1,True,PROVEN_HELPBOT
5,3,11,True,PROVEN_HELPBOT
5,4,9,True,PROVEN_HELPBOT
5,5,6,True,PROVEN_HELPBOT
5,5,7,True,PROVEN_HELPBOT
5,6,4,True,PROVEN_HELPBOT
5,6,5,True,PROVEN_HELPBOT
5,7,2,True,PROVEN_HELPBOT
5,7,3,True,PROVEN_HELPBOT
5,7,4,True,PROVEN_HELPBOT
5,8,1,True,PROVEN_HELPBOT
6,4,10,True,PROVEN_HELPBOT
6,5,8,True,PROVEN_HELPBOT
6,5,9,True,PROVEN_HELPBOT
6,6,6,True,PROVEN_HELPBOT
6,6,7,True,PROVEN_HELPBOT
6,7,5,True,PROVEN_HELPBOT
6,8,2,True,PROVEN_HELPBOT
6,8,3,True,PROVEN_HELPBOT
6,8,4,True,PROVEN_HELPBOT
6,9,1,True,PROVEN_HELPBOT
6,9,2,True,PROVEN_HELPBOT
7,4,11,True,PROVEN_HELPBOT
7,5,10,True,PROVEN_HELPBOT
7,6,8,True,PROVEN_HELPBOT
7,6,9,True,PROVEN_HELPBOT
7,7,6,True,PROVEN_HELPBOT
7,7,7,True,PROVEN_HELPBOT
7,8,5,True,PROVEN_HELPBOT
7,9,3,True,PROVEN_HELPBOT
7,9,4,True,PROVEN_HELPBOT
7,10,1,True,PROVEN_HELPBOT
7,10,2,True,PROVEN_HELPBOT
7,11,1,True,PROVEN_HELPBOT
8,5,11,True,PROVEN_HELPBOT
8,7,8,True,PROVEN_HELPBOT
8,8,6,True,PROVEN_HELPBOT
8,8,7,True,PROVEN_HELPBOT
8,9,5,True,PROVEN_HELPBOT
8,10,3,True,PROVEN_HELPBOT
8,10,4,True,PROVEN_HELPBOT
8,11,2,True,PROVEN_HELPBOT
8,11,3,True,PROVEN_HELPBOT
8,12,1,True,PROVEN_HELPBOT
9,6,10,True,PROVEN_HELPBOT
9,7,9,True,PROVEN_HELPBOT
9,8,8,True,PROVEN_HELPBOT
9,9,6,True,PROVEN_HELPBOT
9,9,7,True,PROVEN_HELPBOT
9,10,5,True,PROVEN_HELPBOT
9,11,4,True,PROVEN_HELPBOT
9,11,5,True,PROVEN_HELPBOT
9,12,2,True,PROVEN_HELPBOT
9,12,3,True,PROVEN_HELPBOT
9,13,1,True,PROVEN_HELPBOT
9,13,2,True,PROVEN_HELPBOT
9,14,1,True,PROVEN_HELPBOT
10,6,11,True,PROVEN_HELPBOT
10,7,10,True,PROVEN_HELPBOT
10,8,9,True,PROVEN_HELPBOT
10,9,8,True,PROVEN_HELPBOT
10,10,6,True,PROVEN_HELPBOT
10,12,4,True,PROVEN_HELPBOT
10,12,5,True,PROVEN_HELPBOT
10,13,3,True,PROVEN_HELPBOT
10,14,2,True,PROVEN_HELPBOT
10,15,1,True,PROVEN_HELPBOT
11,9,9,True,PROVEN_HELPBOT
11,10,7,True,PROVEN_HELPBOT
11,11,6,True,PROVEN_HELPBOT
11,13,4,True,PROVEN_HELPBOT
11,13,5,True,PROVEN_HELPBOT
11,14,3,True,PROVEN_HELPBOT
11,14,4,True,PROVEN_HELPBOT
11,15,2,True,PROVEN_HELPBOT
11,16,1,True,PROVEN_HELPBOT
11,17,1,True,PROVEN_HELPBOT
12,7,11,True,PROVEN_HELPBOT
12,8,10,True,PROVEN_HELPBOT
12,10,8,True,PROVEN_HELPBOT
12,11,7,True,PROVEN_HELPBOT
12,12,6,True,PROVEN_HELPBOT
12,14,5,True,PROVEN_HELPBOT
12,15,3,True,PROVEN_HELPBOT
12,15,4,True,PROVEN_HELPBOT
12,16,2,True,PROVEN_HELPBOT
12,16,3,True,PROVEN_HELPBOT
12,17,2,True,PROVEN_HELPBOT
12,18,1,True,PROVEN_HELPBOT
13,9,10,True,PROVEN_HELPBOT
13,10,9,True,PROVEN_HELPBOT
13,11,8,True,PROVEN_HELPBOT
13,12,7,True,PROVEN_HELPBOT
13,13,6,True,PROVEN_HELPBOT
13,15,5,True,PROVEN_HELPBOT
13,16,4,True,PROVEN_HELPBOT
13,17,3,True,PROVEN_HELPBOT
13,18,2,True,PROVEN_HELPBOT
13,19,1,True,PROVEN_HELPBOT
14,8,11,True,PROVEN_HELPBOT
14,11,9,True,PROVEN_HELPBOT
14,12,8,True,PROVEN_HELPBOT
14,13,7,True,PROVEN_HELPBOT
14,14,6,True,PROVEN_HELPBOT
14,16,5,True,PROVEN_HELPBOT
14,17,4,True,PROVEN_HELPBOT
14,18,3,True,PROVEN_HELPBOT
14,19,2,True,PROVEN_HELPBOT
14,20,1,True,PROVEN_HELPBOT
14,21,1,True,PROVEN_HELPBOT
15,10,10,True,PROVEN_HELPBOT
15,12,9,True,PROVEN_HELPBOT
15,13,8,True,PROVEN_HELPBOT
15,14,7,True,PROVEN_HELPBOT
15,15,6,True,PROVEN_HELPBOT
15,17,5,True,PROVEN_HELPBOT
15,18,4,True,PROVEN_HELPBOT
15,19,3,True,PROVEN_HELPBOT
15,20,2,True,PROVEN_HELPBOT
15,21,2,True,PROVEN_HELPBOT
15,22,1,True,PROVEN_HELPBOT
16,9,11,True,PROVEN_HELPBOT
16,11,10,True,PROVEN_HELPBOT
16,13,9,True,PROVEN_HELPBOT
16,14,8,True,PROVEN_HELPBOT
16,15,7,True,PROVEN_HELPBOT
16,16,6,True,PROVEN_HELPBOT
16,18,5,True,PROVEN_HELPBOT
16,19,4,True,PROVEN_HELPBOT
16,20,3,True,PROVEN_HELPBOT
16,21,3,True,PROVEN_HELPBOT
16,22,2,True,PROVEN_HELPBOT
16,23,1,True,PROVEN_HELPBOT
16,24,1,True,PROVEN_HELPBOT
17,16,7,True,PROVEN_HELPBOT
17,17,6,True,PROVEN_HELPBOT
17,19,5,True,PROVEN_HELPBOT
17,20,4,True,PROVEN_HELPBOT
17,21,4,True,PROVEN_HELPBOT
17,22,3,True,PROVEN_HELPBOT
17,23,2,True,PROVEN_HELPBOT
17,25,1,True,PROVEN_HELPBOT
18,10,11,True,PROVEN_HELPBOT
18,12,10,True,PROVEN_HELPBOT
18,14,9,True,PROVEN_HELPBOT
18,15,8,True,PROVEN_HELPBOT
18,17,7,True,PROVEN_HELPBOT
18,18,6,True,PROVEN_HELPBOT
18,20,5,True,PROVEN_HELPBOT
18,21,5,True,PROVEN_HELPBOT
18,22,4,True,PROVEN_HELPBOT
18,23,3,True,PROVEN_HELPBOT
18,24,2,True,PROVEN_HELPBOT
18,25,2,True,PROVEN_HELPBOT
18,26,1,True,PROVEN_HELPBOT
18,27,1,True,PROVEN_HELPBOT
19,11,11,True,PROVEN_HELPBOT
19,13,10,True,PROVEN_HELPBOT
19,15,9,True,PROVEN_HELPBOT
19,16,8,True,PROVEN_HELPBOT
19,18,7,True,PROVEN_HELPBOT
19,19,6,True,PROVEN_HELPBOT
19,22,5,True,PROVEN_HELPBOT
19,23,4,True,PROVEN_HELPBOT
19,24,3,True,PROVEN_HELPBOT
19,26,2,True,PROVEN_HELPBOT
19,28,1,True,PROVEN_HELPBOT
20,16,9,True,PROVEN_HELPBOT
20,17,8,True,PROVEN_HELPBOT
20,19,7,True,PROVEN_HELPBOT
20,20,6,True,PROVEN_HELPBOT
20,23,5,True,PROVEN_HELPBOT
20,24,4,True,PROVEN_HELPBOT
20,25,3,True,PROVEN_HELPBOT
20,26,3,True,PROVEN_HELPBOT
20,27,2,True,PROVEN_HELPBOT
20,29,1,True,PROVEN_HELPBOT
21,12,11,True,PROVEN_HELPBOT
21,14,10,True,PROVEN_HELPBOT
21,18,8,True,PROVEN_HELPBOT
21,21,6,True,PROVEN_HELPBOT
21,24,5,True,PROVEN_HELPBOT
21,25,4,True,PROVEN_HELPBOT
21,27,3,True,PROVEN_HELPBOT
21,28,2,True,PROVEN_HELPBOT
21,29,2,True,PROVEN_HELPBOT
21,30,1,True,PROVEN_HELPBOT
21,31,1,True,PROVEN_HELPBOT
22,13,11,True,PROVEN_HELPBOT
22,15,10,True,PROVEN_HELPBOT
22,17,9,True,PROVEN_HELPBOT
22,19,8,True,PROVEN_HELPBOT
22,20,7,True,PROVEN_HELPBOT
22,22,6,True,PROVEN_HELPBOT
22,25,5,True,PROVEN_HELPBOT
22,26,4,True,PROVEN_HELPBOT
22,27,4,True,PROVEN_HELPBOT
22,28,3,True,PROVEN_HELPBOT
22,30,2,True,PROVEN_HELPBOT
22,32,1,True,PROVEN_HELPBOT
23,18,9,True,PROVEN_HELPBOT
23,21,7,True,PROVEN_HELPBOT
23,23,6,True,PROVEN_HELPBOT
23,26,5,True,PROVEN_HELPBOT
23,28,4,True,PROVEN_HELPBOT
23,29,3,True,PROVEN_HELPBOT
23,31,2,True,PROVEN_HELPBOT
23,33,1,True,PROVEN_HELPBOT
23,34,1,True,PROVEN_HELPBOT
24,14,11,True,PROVEN_HELPBOT
24,16,10,True,PROVEN_HELPBOT
24,19,9,True,PROVEN_HELPBOT
24,20,8,True,PROVEN_HELPBOT
24,22,7,True,PROVEN_HELPBOT
24,24,6,True,PROVEN_HELPBOT
24,27,5,True,PROVEN_HELPBOT
24,29,4,True,PROVEN_HELPBOT
24,30,3,True,PROVEN_HELPBOT
24,31,3,True,PROVEN_HELPBOT
24,32,2,True,PROVEN_HELPBOT
24,33,2,True,PROVEN_HELPBOT
24,35,1,True,PROVEN_HELPBOT
25,17,10,True,PROVEN_HELPBOT
25,21,8,True,PROVEN_HELPBOT
25,23,7,True,PROVEN_HELPBOT
25,25,6,True,PROVEN_HELPBOT
25,28,5,True,PROVEN_HELPBOT
25,30,4,True,PROVEN_HELPBOT
25,32,3,True,PROVEN_HELPBOT
25,34,2,True,PROVEN_HELPBOT
25,36,1,True,PROVEN_HELPBOT
25,37,1,True,PROVEN_HELPBOT
26,15,11,True,PROVEN_HELPBOT
26,20,9,True,PROVEN_HELPBOT
26,22,8,True,PROVEN_HELPBOT
26,24,7,True,PROVEN_HELPBOT
26,26,6,True,PROVEN_HELPBOT
26,29,5,True,PROVEN_HELPBOT
26,31,4,True,PROVEN_HELPBOT
26,33,3,True,PROVEN_HELPBOT
26,35,2,True,PROVEN_HELPBOT
26,38,1,True,PROVEN_HELPBOT
27,18,10,True,PROVEN_HELPBOT
27,21,9,True,PROVEN_HELPBOT
27,23,8,True,PROVEN_HELPBOT
27,25,7,True,PROVEN_HELPBOT
27,27,6,True,PROVEN_HELPBOT
27,30,5,True,PROVEN_HELPBOT
27,31,5,True,PROVEN_HELPBOT
27,32,4,True,PROVEN_HELPBOT
27,34,3,True,PROVEN_HELPBOT
27,36,2,True,PROVEN_HELPBOT
27,37,2,True,PROVEN_HELPBOT
27,39,1,True,PROVEN_HELPBOT
28,16,11,True,PROVEN_HELPBOT
28,19,10,True,PROVEN_HELPBOT
28,22,9,True,PROVEN_HELPBOT
28,24,8,True,PROVEN_HELPBOT
28,26,7,True,PROVEN_HELPBOT
28,28,6,True,PROVEN_HELPBOT
28,32,5,True,PROVEN_HELPBOT
28,33,4,True,PROVEN_HELPBOT
28,34,4,True,PROVEN_HELPBOT
28,35,3,True,PROVEN_HELPBOT
28,36,3,True,PROVEN_HELPBOT
28,38,2,True,PROVEN_HELPBOT
28,40,1,True,PROVEN_HELPBOT
28,41,1,True,PROVEN_HELPBOT
29,23,9,True,PROVEN_HELPBOT
29,27,7,True,PROVEN_HELPBOT
29,29,6,True,PROVEN_HELPBOT
29,33,5,True,PROVEN_HELPBOT
29,35,4,True,PROVEN_HELPBOT
29,37,3,True,PROVEN_HELPBOT
29,39,2,True,PROVEN_HELPBOT
29,42,1,True,PROVEN_HELPBOT
30,17,11,True,PROVEN_HELPBOT
30,20,10,True,PROVEN_HELPBOT
30,25,8,True,PROVEN_HELPBOT
30,28,7,True,PROVEN_HELPBOT
30,30,6,True,PROVEN_HELPBOT
30,34,5,True,PROVEN_HELPBOT
30,36,4,True,PROVEN_HELPBOT
30,38,3,True,PROVEN_HELPBOT
30,40,2,True,PROVEN_HELPBOT
30,41,2,True,PROVEN_HELPBOT
30,43,1,True,PROVEN_HELPBOT
30,44,1,True,PROVEN_HELPBOT
31,21,10,True,PROVEN_HELPBOT
31,24,9,True,PROVEN_HELPBOT
31,26,8,True,PROVEN_HELPBOT
31,29,7,True,PROVEN_HELPBOT
31,31,6,True,PROVEN_HELPBOT
31,35,5,True,PROVEN_HELPBOT
31,37,4,True,PROVEN_HELPBOT
31,39,3,True,PROVEN_HELPBOT
31,42,2,True,PROVEN_HELPBOT
31,45,1,True,PROVEN_HELPBOT
32,18,11,True,PROVEN_HELPBOT
32,25,9,True,PROVEN_HELPBOT
32,27,8,True,PROVEN_HELPBOT
32,32,6,True,PROVEN_HELPBOT
32,36,5,True,PROVEN_HELPBOT
32,38,4,True,PROVEN_HELPBOT
32,40,3,True,PROVEN_HELPBOT
32,41,3,True,PROVEN_HELPBOT
32,43,2,True,PROVEN_HELPBOT
32,46,1,True,PROVEN_HELPBOT
32,47,1,True,PROVEN_HELPBOT
33,22,10,True,PROVEN_HELPBOT
33,26,9,True,PROVEN_HELPBOT
33,28,8,True,PROVEN_HELPBOT
33,30,7,True,PROVEN_HELPBOT
33,33,6,True,PROVEN_HELPBOT
33,37,5,True,PROVEN_HELPBOT
33,39,4,True,PROVEN_HELPBOT
33,42,3,True,PROVEN_HELPBOT
33,44,2,True,PROVEN_HELPBOT
33,45,2,True,PROVEN_HELPBOT
33,48,1,True,PROVEN_HELPBOT
34,19,11,True,PROVEN_HELPBOT
34,23,10,True,PROVEN_HELPBOT
34,29,8,True,PROVEN_HELPBOT
34,31,7,True,PROVEN_HELPBOT
34,34,6,True,PROVEN_HELPBOT
34,38,5,True,PROVEN_HELPBOT
34,40,4,True,PROVEN_HELPBOT
34,41,4,True,PROVEN_HELPBOT
34,43,3,True,PROVEN_HELPBOT
34,46,2,True,PROVEN_HELPBOT
34,49,1,True,PROVEN_HELPBOT
35,27,9,True,PROVEN_HELPBOT
35,32,7,True,PROVEN_HELPBOT
35,35,6,True,PROVEN_HELPBOT
35,39,5,True,PROVEN_HELPBOT
35,42,4,True,PROVEN_HELPBOT
35,44,3,True,PROVEN_HELPBOT
35,47,2,True,PROVEN_HELPBOT
35,50,1,True,PROVEN_HELPBOT
35,51,1,True,PROVEN_HELPBOT
36,20,11,True,PROVEN_HELPBOT
36,24,10,True,PROVEN_HELPBOT
36,28,9,True,PROVEN_HELPBOT
36,30,8,True,PROVEN_HELPBOT
36,33,7,True,PROVEN_HELPBOT
36,36,6,True,PROVEN_HELPBOT
36,40,5,True,PROVEN_HELPBOT
36,41,5,True,PROVEN_HELPBOT
36,43,4,True,PROVEN_HELPBOT
36,45,3,True,PROVEN_HELPBOT
36,46,3,True,PROVEN_HELPBOT
36,48,2,True,PROVEN_HELPBOT
36,49,2,True,PROVEN_HELPBOT
36,52,1,True,PROVEN_HELPBOT
37,21,11,True,PROVEN_HELPBOT
37,25,10,True,PROVEN_HELPBOT
37,29,9,True,PROVEN_HELPBOT
37,31,8,True,PROVEN_HELPBOT
37,34,7,True,PROVEN_HELPBOT
37,37,6,True,PROVEN_HELPBOT
37,42,5,True,PROVEN_HELPBOT
37,44,4,True,PROVEN_HELPBOT
37,47,3,True,PROVEN_HELPBOT
37,50,2,True,PROVEN_HELPBOT
37,53,1,True,PROVEN_HELPBOT
37,54,1,True,PROVEN_HELPBOT
38,22,11,True,PROVEN_HELPBOT
38,32,8,True,PROVEN_HELPBOT
38,35,7,True,PROVEN_HELPBOT
38,38,6,True,PROVEN_HELPBOT
38,43,5,True,PROVEN_HELPBOT
38,45,4,True,PROVEN_HELPBOT
38,48,3,True,PROVEN_HELPBOT
38,51,2,True,PROVEN_HELPBOT
38,55,1,True,PROVEN_HELPBOT
39,26,10,True,PROVEN_HELPBOT
39,30,9,True,PROVEN_HELPBOT
39,33,8,True,PROVEN_HELPBOT
39,36,7,True,PROVEN_HELPBOT
39,39,6,True,PROVEN_HELPBOT
39,44,5,True,PROVEN_HELPBOT
39,46,4,True,PROVEN_HELPBOT
39,47,4,True,PROVEN_HELPBOT
39,49,3,True,PROVEN_HELPBOT
39,52,2,True,PROVEN_HELPBOT
39,53,2,True,PROVEN_HELPBOT
39,56,1,True,PROVEN_HELPBOT
39,57,1,True,PROVEN_HELPBOT
40,27,10,True,PROVEN_HELPBOT
40,31,9,True,PROVEN_HELPBOT
40,34,8,True,PROVEN_HELPBOT
40,37,7,True,PROVEN_HELPBOT
40,40,6,True,PROVEN_HELPBOT
40,45,5,True,PROVEN_HELPBOT
40,48,4,True,PROVEN_HELPBOT
40,50,3,True,PROVEN_HELPBOT
40,51,3,True,PROVEN_HELPBOT
40,54,2,True,PROVEN_HELPBOT
40,58,1,True,PROVEN_HELPBOT
41,23,11,True,PROVEN_HELPBOT
41,32,9,True,PROVEN_HELPBOT
41,38,7,True,PROVEN_HELPBOT
41,41,6,True,PROVEN_HELPBOT
41,46,5,True,PROVEN_HELPBOT
41,49,4,True,PROVEN_HELPBOT
41,52,3,True,PROVEN_HELPBOT
41,55,2,True,PROVEN_HELPBOT
41,59,1,True,PROVEN_HELPBOT
42,24,11,True,PROVEN_HELPBOT
42,28,10,True,PROVEN_HELPBOT
42,33,9,True,PROVEN_HELPBOT
42,35,8,True,PROVEN_HELPBOT
42,39,7,True,PROVEN_HELPBOT
42,42,6,True,PROVEN_HELPBOT
42,47,5,True,PROVEN_HELPBOT
42,50,4,True,PROVEN_HELPBOT
42,53,3,True,PROVEN_HELPBOT
42,56,2,True,PROVEN_HELPBOT
42,57,2,True,PROVEN_HELPBOT
42,60,1,True,PROVEN_HELPBOT
42,61,1,True,PROVEN_HELPBOT
43,29,10,True,PROVEN_HELPBOT
43,36,8,True,PROVEN_HELPBOT
43,43,6,True,PROVEN_HELPBOT
43,48,5,True,PROVEN_HELPBOT
43,51,4,True,PROVEN_HELPBOT
43,54,3,True,PROVEN_HELPBOT
43,58,2,True,PROVEN_HELPBOT
43,62,1,True,PROVEN_HELPBOT
44,25,11,True,PROVEN_HELPBOT
44,34,9,True,PROVEN_HELPBOT
44,37,8,True,PROVEN_HELPBOT
44,40,7,True,PROVEN_HELPBOT
44,44,6,True,PROVEN_HELPBOT
44,49,5,True,PROVEN_HELPBOT
44,52,4,True,PROVEN_HELPBOT
44,55,3,True,PROVEN_HELPBOT
44,56,3,True,PROVEN_HELPBOT
44,59,2,True,PROVEN_HELPBOT
44,63,1,True,PROVEN_HELPBOT
44,64,1,True,PROVEN_HELPBOT
45,30,10,True,PROVEN_HELPBOT
45,35,9,True,PROVEN_HELPBOT
45,38,8,True,PROVEN_HELPBOT
45,41,7,True,PROVEN_HELPBOT
45,45,6,True,PROVEN_HELPBOT
45,50,5,True,PROVEN_HELPBOT
45,51,5,True,PROVEN_HELPBOT
45,53,4,True,PROVEN_HELPBOT
45,54,4,True,PROVEN_HELPBOT
45,57,3,True,PROVEN_HELPBOT
45,60,2,True,PROVEN_HELPBOT
45,61,2,True,PROVEN_HELPBOT
45,65,1,True,PROVEN_HELPBOT
46,26,11,True,PROVEN_HELPBOT
46,31,10,True,PROVEN_HELPBOT
46,36,9,True,PROVEN_HELPBOT
46,39,8,True,PROVEN_HELPBOT
46,42,7,True,PROVEN_HELPBOT
46,46,6,True,PROVEN_HELPBOT
46,52,5,True,PROVEN_HELPBOT
46,55,4,True,PROVEN_HELPBOT
46,58,3,True,PROVEN_HELPBOT
46,62,2,True,PROVEN_HELPBOT
46,66,1,True,PROVEN_HELPBOT
46,67,1,True,PROVEN_HELPBOT
47,43,7,True,PROVEN_HELPBOT
47,47,6,True,PROVEN_HELPBOT
47,53,5,True,PROVEN_HELPBOT
47,56,4,True,PROVEN_HELPBOT
47,59,3,True,PROVEN_HELPBOT
47,63,2,True,PROVEN_HELPBOT
47,68,1,True,PROVEN_HELPBOT
48,27,11,True,PROVEN_HELPBOT
48,32,10,True,PROVEN_HELPBOT
48,37,9,True,PROVEN_HELPBOT
48,40,8,True,PROVEN_HELPBOT
48,44,7,True,PROVEN_HELPBOT
48,48,6,True,PROVEN_HELPBOT
48,54,5,True,PROVEN_HELPBOT
48,57,4,True,PROVEN_HELPBOT
48,60,3,True,PROVEN_HELPBOT
48,61,3,True,PROVEN_HELPBOT
48,64,2,True,PROVEN_HELPBOT
48,65,2,True,PROVEN_HELPBOT
48,69,1,True,PROVEN_HELPBOT
49,33,10,True,PROVEN_HELPBOT
49,38,9,True,PROVEN_HELPBOT
49,41,8,True,PROVEN_HELPBOT
49,45,7,True,PROVEN_HELPBOT
49,49,6,True,PROVEN_HELPBOT
49,55,5,True,PROVEN_HELPBOT
49,58,4,True,PROVEN_HELPBOT
49,62,3,True,PROVEN_HELPBOT
49,66,2,True,PROVEN_HELPBOT
49,70,1,True,PROVEN_HELPBOT
49,71,1,True,PROVEN_HELPBOT
50,28,11,True,PROVEN_HELPBOT
50,39,9,True,PROVEN_HELPBOT
50,42,8,True,PROVEN_HELPBOT
50,46,7,True,PROVEN_HELPBOT
50,50,6,True,PROVEN_HELPBOT
50,56,5,True,PROVEN_HELPBOT
50,59,4,True,PROVEN_HELPBOT
50,63,3,True,PROVEN_HELPBOT
50,67,2,True,PROVEN_HELPBOT
50,72,1,True,PROVEN_HELPBOT
51,29,11,True,PROVEN_HELPBOT
51,34,10,True,PROVEN_HELPBOT
51,43,8,True,PROVEN_HELPBOT
51,47,7,True,PROVEN_HELPBOT
51,51,6,True,PROVEN_HELPBOT
51,57,5,True,PROVEN_HELPBOT
51,60,4,True,PROVEN_HELPBOT
51,61,4,True,PROVEN_HELPBOT
51,64,3,True,PROVEN_HELPBOT
51,68,2,True,PROVEN_HELPBOT
51,69,2,True,PROVEN_HELPBOT
51,73,1,True,PROVEN_HELPBOT
51,74,1,True,PROVEN_HELPBOT
52,35,10,True,PROVEN_HELPBOT
52,40,9,True,PROVEN_HELPBOT
52,44,8,True,PROVEN_HELPBOT
52,48,7,True,PROVEN_HELPBOT
52,52,6,True,PROVEN_HELPBOT
52,58,5,True,PROVEN_HELPBOT
52,62,4,True,PROVEN_HELPBOT
52,65,3,True,PROVEN_HELPBOT
52,66,3,True,PROVEN_HELPBOT
52,70,2,True,PROVEN_HELPBOT
52,75,1,True,PROVEN_HELPBOT
53,30,11,True,PROVEN_HELPBOT
53,41,9,True,PROVEN_HELPBOT
53,49,7,True,PROVEN_HELPBOT
53,53,6,True,PROVEN_HELPBOT
53,59,5,True,PROVEN_HELPBOT
53,63,4,True,PROVEN_HELPBOT
53,67,3,True,PROVEN_HELPBOT
53,71,2,True,PROVEN_HELPBOT
53,76,1,True,PROVEN_HELPBOT
53,77,1,True,PROVEN_HELPBOT
54,36,10,True,PROVEN_HELPBOT
54,42,9,True,PROVEN_HELPBOT
54,45,8,True,PROVEN_HELPBOT
54,54,6,True,PROVEN_HELPBOT
54,60,5,True,PROVEN_HELPBOT
54,61,5,True,PROVEN_HELPBOT
54,64,4,True,PROVEN_HELPBOT
54,68,3,True,PROVEN_HELPBOT
54,72,2,True,PROVEN_HELPBOT
54,73,2,True,PROVEN_HELPBOT
54,78,1,True,PROVEN_HELPBOT
55,31,11,True,PROVEN_HELPBOT
55,37,10,True,PROVEN_HELPBOT
55,43,9,True,PROVEN_HELPBOT
55,46,8,True,PROVEN_HELPBOT
55,50,7,True,PROVEN_HELPBOT
55,55,6,True,PROVEN_HELPBOT
55,62,5,True,PROVEN_HELPBOT
55,65,4,True,PROVEN_HELPBOT
55,69,3,True,PROVEN_HELPBOT
55,74,2,True,PROVEN_HELPBOT
55,79,1,True,PROVEN_HELPBOT
56,32,11,True,PROVEN_HELPBOT
56,47,8,True,PROVEN_HELPBOT
56,51,7,True,PROVEN_HELPBOT
56,56,6,True,PROVEN_HELPBOT
56,63,5,True,PROVEN_HELPBOT
56,66,4,True,PROVEN_HELPBOT
56,67,4,True,PROVEN_HELPBOT
56,70,3,True,PROVEN_HELPBOT
56,71,3,True,PROVEN_HELPBOT
56,75,2,True,PROVEN_HELPBOT
56,80,1,True,PROVEN_HELPBOT
56,81,1,True,PROVEN_HELPBOT
57,38,10,True,PROVEN_HELPBOT
57,44,9,True,PROVEN_HELPBOT
57,48,8,True,PROVEN_HELPBOT
57,52,7,True,PROVEN_HELPBOT
57,57,6,True,PROVEN_HELPBOT
57,64,5,True,PROVEN_HELPBOT
57,68,4,True,PROVEN_HELPBOT
57,72,3,True,PROVEN_HELPBOT
57,76,2,True,PROVEN_HELPBOT
57,77,2,True,PROVEN_HELPBOT
57,82,1,True,PROVEN_HELPBOT
58,33,11,True,PROVEN_HELPBOT
58,39,10,True,PROVEN_HELPBOT
58,45,9,True,PROVEN_HELPBOT
58,49,8,True,PROVEN_HELPBOT
58,53,7,True,PROVEN_HELPBOT
58,58,6,True,PROVEN_HELPBOT
58,65,5,True,PROVEN_HELPBOT
58,69,4,True,PROVEN_HELPBOT
58,73,3,True,PROVEN_HELPBOT
58,78,2,True,PROVEN_HELPBOT
58,83,1,True,PROVEN_HELPBOT
58,84,1,True,PROVEN_HELPBOT
59,46,9,True,PROVEN_HELPBOT
59,54,7,True,PROVEN_HELPBOT
59,59,6,True,PROVEN_HELPBOT
59,66,5,True,PROVEN_HELPBOT
59,70,4,True,PROVEN_HELPBOT
59,74,3,True,PROVEN_HELPBOT
59,79,2,True,PROVEN_HELPBOT
59,85,1,True,PROVEN_HELPBOT
60,34,11,True,PROVEN_HELPBOT
60,40,10,True,PROVEN_HELPBOT
60,50,8,True,PROVEN_HELPBOT
60,55,7,True,PROVEN_HELPBOT
60,60,6,True,PROVEN_HELPBOT
60,67,5,True,PROVEN_HELPBOT
60,71,4,True,PROVEN_HELPBOT
60,75,3,True,PROVEN_HELPBOT
60,76,3,True,PROVEN_HELPBOT
60,77,3,True,PROVEN_HELPBOT
60,80,2,True,PROVEN_HELPBOT
60,81,2,True,PROVEN_HELPBOT
60,86,1,True,PROVEN_HELPBOT
60,87,1,True,PROVEN_HELPBOT
61,41,10,True,PROVEN_HELPBOT
61,47,9,True,PROVEN_HELPBOT
61,51,8,True,PROVEN_HELPBOT
61,56,7,True,PROVEN_HELPBOT
61,61,6,True,PROVEN_HELPBOT
61,68,5,True,PROVEN_HELPBOT
61,72,4,True,PROVEN_HELPBOT
61,82,2,True,PROVEN_HELPBOT
61,88,1,True,PROVEN_HELPBOT
62,35,11,True,PROVEN_HELPBOT
62,48,9,True,PROVEN_HELPBOT
62,52,8,True,PROVEN_HELPBOT
62,57,7,True,PROVEN_HELPBOT
62,62,6,True,PROVEN_HELPBOT
62,69,5,True,PROVEN_HELPBOT
62,73,4,True,PROVEN_HELPBOT
62,74,4,True,PROVEN_HELPBOT
62,78,3,True,PROVEN_HELPBOT
62,83,2,True,PROVEN_HELPBOT
62,89,1,True,PROVEN_HELPBOT
63,42,10,True,PROVEN_HELPBOT
63,49,9,True,PROVEN_HELPBOT
63,53,8,True,PROVEN_HELPBOT
63,58,7,True,PROVEN_HELPBOT
63,63,6,True,PROVEN_HELPBOT
63,70,5,True,PROVEN_HELPBOT
63,71,5,True,PROVEN_HELPBOT
63,75,4,True,PROVEN_HELPBOT
63,79,3,True,PROVEN_HELPBOT
63,84,2,True,PROVEN_HELPBOT
63,85,2,True,PROVEN_HELPBOT
63,90,1,True,PROVEN_HELPBOT
63,91,1,True,PROVEN_HELPBOT
64,36,11,True,PROVEN_HELPBOT
64,43,10,True,PROVEN_HELPBOT
64,54,8,True,PROVEN_HELPBOT
64,59,7,True,PROVEN_HELPBOT
64,64,6,True,PROVEN_HELPBOT
64,72,5,True,PROVEN_HELPBOT
64,76,4,True,PROVEN_HELPBOT
64,77,4,True,PROVEN_HELPBOT
64,80,3,True,PROVEN_HELPBOT
64,81,3,True,PROVEN_HELPBOT
64,86,2,True,PROVEN_HELPBOT
64,92,1,True,PROVEN_HELPBOT
65,50,9,True,PROVEN_HELPBOT
65,65,6,True,PROVEN_HELPBOT
65,73,5,True,PROVEN_HELPBOT
65,82,3,True,PROVEN_HELPBOT
65,87,2,True,PROVEN_HELPBOT
65,93,1,True,PROVEN_HELPBOT
65,94,1,True,PROVEN_HELPBOT
66,37,11,True,PROVEN_HELPBOT
66,44,10,True,PROVEN_HELPBOT
66,51,9,True,PROVEN_HELPBOT
66,55,8,True,PROVEN_HELPBOT
66,60,7,True,PROVEN_HELPBOT
66,66,6,True,PROVEN_HELPBOT
66,74,5,True,PROVEN_HELPBOT
66,78,4,True,PROVEN_HELPBOT
66,83,3,True,PROVEN_HELPBOT
66,88,2,True,PROVEN_HELPBOT
66,89,2,True,PROVEN_HELPBOT
66,95,1,True,PROVEN_HELPBOT
67,45,10,True,PROVEN_HELPBOT
67,52,9,True,PROVEN_HELPBOT
67,56,8,True,PROVEN_HELPBOT
67,61,7,True,PROVEN_HELPBOT
67,67,6,True,PROVEN_HELPBOT
67,75,5,True,PROVEN_HELPBOT
67,79,4,True,PROVEN_HELPBOT
67,84,3,True,PROVEN_HELPBOT
67,90,2,True,PROVEN_HELPBOT
67,96,1,True,PROVEN_HELPBOT
67,97,1,True,PROVEN_HELPBOT
68,38,11,True,PROVEN_HELPBOT
68,53,9,True,PROVEN_HELPBOT
68,57,8,True,PROVEN_HELPBOT
68,62,7,True,PROVEN_HELPBOT
68,68,6,True,PROVEN_HELPBOT
68,76,5,True,PROVEN_HELPBOT
68,80,4,True,PROVEN_HELPBOT
68,81,4,True,PROVEN_HELPBOT
68,85,3,True,PROVEN_HELPBOT
68,86,3,True,PROVEN_HELPBOT
68,91,2,True,PROVEN_HELPBOT
68,98,1,True,PROVEN_HELPBOT
69,39,11,True,PROVEN_HELPBOT
69,46,10,True,PROVEN_HELPBOT
69,58,8,True,PROVEN_HELPBOT
69,63,7,True,PROVEN_HELPBOT
69,69,6,True,PROVEN_HELPBOT
69,77,5,True,PROVEN_HELPBOT
69,82,4,True,PROVEN_HELPBOT
69,87,3,True,PROVEN_HELPBOT
69,92,2,True,PROVEN_HELPBOT
69,93,2,True,PROVEN_HELPBOT
69,99,1,True,PROVEN_HELPBOT
70,47,10,True,PROVEN_HELPBOT
70,54,9,True,PROVEN_HELPBOT
70,59,8,True,PROVEN_HELPBOT
70,64,7,True,PROVEN_HELPBOT
70,70,6,True,PROVEN_HELPBOT
70,78,5,True,PROVEN_HELPBOT
70,83,4,True,PROVEN_HELPBOT
70,88,3,True,PROVEN_HELPBOT
70,94,2,True,PROVEN_HELPBOT
70,100,1,True,PROVEN_HELPBOT
70,101,1,True,PROVEN_HELPBOT
71,40,11,True,PROVEN_HELPBOT
71,55,9,True,PROVEN_HELPBOT
71,65,7,True,PROVEN_HELPBOT
71,71,6,True,PROVEN_HELPBOT
71,79,5,True,PROVEN_HELPBOT
71,84,4,True,PROVEN_HELPBOT
71,89,3,True,PROVEN_HELPBOT
71,95,2,True,PROVEN_HELPBOT
71,102,1,True,PROVEN_HELPBOT
72,48,10,True,PROVEN_HELPBOT
72,56,9,True,PROVEN_HELPBOT
72,60,8,True,PROVEN_HELPBOT
72,66,7,True,PROVEN_HELPBOT
72,72,6,True,PROVEN_HELPBOT
72,80,5,True,PROVEN_HELPBOT
72,81,5,True,PROVEN_HELPBOT
72,85,4,True,PROVEN_HELPBOT
72,90,3,True,PROVEN_HELPBOT
72,91,3,True,PROVEN_HELPBOT
72,96,2,True,PROVEN_HELPBOT
72,97,2,True,PROVEN_HELPBOT
72,103,1,True,PROVEN_HELPBOT
72,104,1,True,PROVEN_HELPBOT
73,41,11,True,PROVEN_HELPBOT
73,49,10,True,PROVEN_HELPBOT
73,61,8,True,PROVEN_HELPBOT
73,67,7,True,PROVEN_HELPBOT
73,73,6,True,PROVEN_HELPBOT
73,82,5,True,PROVEN_HELPBOT
73,86,4,True,PROVEN_HELPBOT
73,87,4,True,PROVEN_HELPBOT
73,92,3,True,PROVEN_HELPBOT
73,98,2,True,PROVEN_HELPBOT
73,105,1,True,PROVEN_HELPBOT
74,57,9,True,PROVEN_HELPBOT
74,62,8,True,PROVEN_HELPBOT
74,68,7,True,PROVEN_HELPBOT
74,74,6,True,PROVEN_HELPBOT
74,83,5,True,PROVEN_HELPBOT
74,88,4,True,PROVEN_HELPBOT
74,93,3,True,PROVEN_HELPBOT
74,99,2,True,PROVEN_HELPBOT
74,106,1,True,PROVEN_HELPBOT
74,107,1,True,PROVEN_HELPBOT
75,42,11,True,PROVEN_HELPBOT
75,50,10,True,PROVEN_HELPBOT
75,58,9,True,PROVEN_HELPBOT
75,63,8,True,PROVEN_HELPBOT
75,69,7,True,PROVEN_HELPBOT
75,75,6,True,PROVEN_HELPBOT
75,84,5,True,PROVEN_HELPBOT
75,89,4,True,PROVEN_HELPBOT
75,94,3,True,PROVEN_HELPBOT
75,100,2,True,PROVEN_HELPBOT
75,101,2,True,PROVEN_HELPBOT
75,108,1,True,PROVEN_HELPBOT
76,51,10,True,PROVEN_HELPBOT
76,59,9,True,PROVEN_HELPBOT
76,64,8,True,PROVEN_HELPBOT
76,76,6,True,PROVEN_HELPBOT
76,85,5,True,PROVEN_HELPBOT
76,90,4,True,PROVEN_HELPBOT
76,95,3,True,PROVEN_HELPBOT
76,96,3,True,PROVEN_HELPBOT
76,102,2,True,PROVEN_HELPBOT
76,109,1,True,PROVEN_HELPBOT
77,43,11,True,PROVEN_HELPBOT
77,70,7,True,PROVEN_HELPBOT
77,77,6,True,PROVEN_HELPBOT
77,86,5,True,PROVEN_HELPBOT
77,91,4,True,PROVEN_HELPBOT
77,97,3,True,PROVEN_HELPBOT
77,103,2,True,PROVEN_HELPBOT
77,110,1,True,PROVEN_HELPBOT
77,111,1,True,PROVEN_HELPBOT
78,44,11,True,PROVEN_HELPBOT
78,52,10,True,PROVEN_HELPBOT
78,60,9,True,PROVEN_HELPBOT
78,65,8,True,PROVEN_HELPBOT
78,71,7,True,PROVEN_HELPBOT
78,78,6,True,PROVEN_HELPBOT
78,87,5,True,PROVEN_HELPBOT
78,92,4,True,PROVEN_HELPBOT
78,98,3,True,PROVEN_HELPBOT
78,104,2,True,PROVEN_HELPBOT
78,105,2,True,PROVEN_HELPBOT
78,112,1,True,PROVEN_HELPBOT
79,53,10,True,PROVEN_HELPBOT
79,61,9,True,PROVEN_HELPBOT
79,66,8,True,PROVEN_HELPBOT
79,72,7,True,PROVEN_HELPBOT
79,79,6,True,PROVEN_HELPBOT
79,88,5,True,PROVEN_HELPBOT
79,93,4,True,PROVEN_HELPBOT
79,94,4,True,PROVEN_HELPBOT
79,99,3,True,PROVEN_HELPBOT
79,106,2,True,PROVEN_HELPBOT
79,113,1,True,PROVEN_HELPBOT
79,114,1,True,PROVEN_HELPBOT
80,45,11,True,PROVEN_HELPBOT
80,62,9,True,PROVEN_HELPBOT
80,67,8,True,PROVEN_HELPBOT
80,73,7,True,PROVEN_HELPBOT
80,80,6,True,PROVEN_HELPBOT
80,89,5,True,PROVEN_HELPBOT
80,95,4,True,PROVEN_HELPBOT
80,100,3,True,PROVEN_HELPBOT
80,101,3,True,PROVEN_HELPBOT
80,107,2,True,PROVEN_HELPBOT
80,115,1,True,PROVEN_HELPBOT
81,54,10,True,PROVEN_HELPBOT
81,63,9,True,PROVEN_HELPBOT
81,68,8,True,PROVEN_HELPBOT
81,74,7,True,PROVEN_HELPBOT
81,81,6,True,PROVEN_HELPBOT
81,90,5,True,PROVEN_HELPBOT
81,91,5,True,PROVEN_HELPBOT
81,96,4,True,PROVEN_HELPBOT
81,102,3,True,PROVEN_HELPBOT
81,108,2,True,PROVEN_HELPBOT
81,109,2,True,PROVEN_HELPBOT
81,116,1,True,PROVEN_HELPBOT
81,117,1,True,PROVEN_HELPBOT
82,46,11,True,PROVEN_HELPBOT
82,55,10,True,PROVEN_HELPBOT
82,69,8,True,PROVEN_HELPBOT
82,75,7,True,PROVEN_HELPBOT
82,82,6,True,PROVEN_HELPBOT
82,92,5,True,PROVEN_HELPBOT
82,97,4,True,PROVEN_HELPBOT
82,103,3,True,PROVEN_HELPBOT
82,110,2,True,PROVEN_HELPBOT
82,118,1,True,PROVEN_HELPBOT
83,64,9,True,PROVEN_HELPBOT
83,76,7,True,PROVEN_HELPBOT
83,83,6,True,PROVEN_HELPBOT
83,93,5,True,PROVEN_HELPBOT
83,98,4,True,PROVEN_HELPBOT
83,104,3,True,PROVEN_HELPBOT
83,111,2,True,PROVEN_HELPBOT
83,119,1,True,PROVEN_HELPBOT
84,47,11,True,PROVEN_HELPBOT
84,56,10,True,PROVEN_HELPBOT
84,65,9,True,PROVEN_HELPBOT
84,70,8,True,PROVEN_HELPBOT
84,77,7,True,PROVEN_HELPBOT
84,84,6,True,PROVEN_HELPBOT
84,94,5,True,PROVEN_HELPBOT
84,99,4,True,PROVEN_HELPBOT
84,105,3,True,PROVEN_HELPBOT
84,106,3,True,PROVEN_HELPBOT
84,112,2,True,PROVEN_HELPBOT
84,113,2,True,PROVEN_HELPBOT
84,120,1,True,PROVEN_HELPBOT
84,121,1,True,PROVEN_HELPBOT
85,48,11,True,PROVEN_HELPBOT
85,57,10,True,PROVEN_HELPBOT
85,66,9,True,PROVEN_HELPBOT
85,71,8,True,PROVEN_HELPBOT
85,78,7,True,PROVEN_HELPBOT
85,85,6,True,PROVEN_HELPBOT
85,95,5,True,PROVEN_HELPBOT
85,100,4,True,PROVEN_HELPBOT
85,101,4,True,PROVEN_HELPBOT
85,107,3,True,PROVEN_HELPBOT
85,114,2,True,PROVEN_HELPBOT
85,122,1,True,PROVEN_HELPBOT
86,72,8,True,PROVEN_HELPBOT
86,79,7,True,PROVEN_HELPBOT
86,86,6,True,PROVEN_HELPBOT
86,96,5,True,PROVEN_HELPBOT
86,102,4,True,PROVEN_HELPBOT
86,108,3,True,PROVEN_HELPBOT
86,115,2,True,PROVEN_HELPBOT
86,123,1,True,PROVEN_HELPBOT
86,124,1,True,PROVEN_HELPBOT
87,49,11,True,PROVEN_HELPBOT
87,58,10,True,PROVEN_HELPBOT
87,67,9,True,PROVEN_HELPBOT
87,73,8,True,PROVEN_HELPBOT
87,87,6,True,PROVEN_HELPBOT
87,97,5,True,PROVEN_HELPBOT
87,103,4,True,PROVEN_HELPBOT
87,109,3,True,PROVEN_HELPBOT
87,116,2,True,PROVEN_HELPBOT
87,117,2,True,PROVEN_HELPBOT
87,125,1,True,PROVEN_HELPBOT
88,59,10,True,PROVEN_HELPBOT
88,68,9,True,PROVEN_HELPBOT
88,74,8,True,PROVEN_HELPBOT
88,80,7,True,PROVEN_HELPBOT
88,88,6,True,PROVEN_HELPBOT
88,98,5,True,PROVEN_HELPBOT
88,104,4,True,PROVEN_HELPBOT
88,110,3,True,PROVEN_HELPBOT
88,111,3,True,PROVEN_HELPBOT
88,118,2,True,PROVEN_HELPBOT
88,126,1,True,PROVEN_HELPBOT
88,127,1,True,PROVEN_HELPBOT
89,50,11,True,PROVEN_HELPBOT
89,69,9,True,PROVEN_HELPBOT
89,81,7,True,PROVEN_HELPBOT
89,89,6,True,PROVEN_HELPBOT
89,99,5,True,PROVEN_HELPBOT
89,105,4,True,PROVEN_HELPBOT
89,112,3,True,PROVEN_HELPBOT
89,119,2,True,PROVEN_HELPBOT
89,128,1,True,PROVEN_HELPBOT
90,60,10,True,PROVEN_HELPBOT
90,75,8,True,PROVEN_HELPBOT
90,82,7,True,PROVEN_HELPBOT
90,90,6,True,PROVEN_HELPBOT
90,100,5,True,PROVEN_HELPBOT
90,101,5,True,PROVEN_HELPBOT
90,106,4,True,PROVEN_HELPBOT
90,107,4,True,PROVEN_HELPBOT
90,113,3,True,PROVEN_HELPBOT
90,120,2,True,PROVEN_HELPBOT
90,121,2,True,PROVEN_HELPBOT
90,129,1,True,PROVEN_HELPBOT
91,51,11,True,PROVEN_HELPBOT
91,61,10,True,PROVEN_HELPBOT
91,70,9,True,PROVEN_HELPBOT
91,76,8,True,PROVEN_HELPBOT
91,77,8,True,PROVEN_HELPBOT
91,83,7,True,PROVEN_HELPBOT
91,91,6,True,PROVEN_HELPBOT
91,102,5,True,PROVEN_HELPBOT
91,108,4,True,PROVEN_HELPBOT
91,114,3,True,PROVEN_HELPBOT
91,122,2,True,PROVEN_HELPBOT
91,130,1,True,PROVEN_HELPBOT
91,131,1,True,PROVEN_HELPBOT
92,52,11,True,PROVEN_HELPBOT
92,71,9,True,PROVEN_HELPBOT
92,84,7,True,PROVEN_HELPBOT
92,92,6,True,PROVEN_HELPBOT
92,103,5,True,PROVEN_HELPBOT
92,109,4,True,PROVEN_HELPBOT
92,115,3,True,PROVEN_HELPBOT
92,116,3,True,PROVEN_HELPBOT
92,123,2,True,PROVEN_HELPBOT
92,132,1,True,PROVEN_HELPBOT
93,62,10,True,PROVEN_HELPBOT
93,72,9,True,PROVEN_HELPBOT
93,78,8,True,PROVEN_HELPBOT
93,85,7,True,PROVEN_HELPBOT
93,93,6,True,PROVEN_HELPBOT
93,104,5,True,PROVEN_HELPBOT
93,110,4,True,PROVEN_HELPBOT
93,117,3,True,PROVEN_HELPBOT
93,124,2,True,PROVEN_HELPBOT
93,125,2,True,PROVEN_HELPBOT
93,133,1,True,PROVEN_HELPBOT
93,134,1,True,PROVEN_HELPBOT
94,63,10,True,PROVEN_HELPBOT
94,73,9,True,PROVEN_HELPBOT
94,79,8,True,PROVEN_HELPBOT
94,86,7,True,PROVEN_HELPBOT
94,94,6,True,PROVEN_HELPBOT
94,105,5,True,PROVEN_HELPBOT
94,111,4,True,PROVEN_HELPBOT
94,118,3,True,PROVEN_HELPBOT
94,126,2,True,PROVEN_HELPBOT
94,135,1,True,PROVEN_HELPBOT
95,53,11,True,PROVEN_HELPBOT
95,87,7,True,PROVEN_HELPBOT
95,95,6,True,PROVEN_HELPBOT
95,106,5,True,PROVEN_HELPBOT
95,112,4,True,PROVEN_HELPBOT
95,119,3,True,PROVEN_HELPBOT
95,127,2,True,PROVEN_HELPBOT
95,136,1,True,PROVEN_HELPBOT
95,137,1,True,PROVEN_HELPBOT
96,64,10,True,PROVEN_HELPBOT
96,74,9,True,PROVEN_HELPBOT
96,80,8,True,PROVEN_HELPBOT
96,88,7,True,PROVEN_HELPBOT
96,96,6,True,PROVEN_HELPBOT
96,107,5,True,PROVEN_HELPBOT
96,113,4,True,PROVEN_HELPBOT
96,114,4,True,PROVEN_HELPBOT
96,120,3,True,PROVEN_HELPBOT
96,121,3,True,PROVEN_HELPBOT
96,128,2,True,PROVEN_HELPBOT
96,129,2,True,PROVEN_HELPBOT
96,138,1,True,PROVEN_HELPBOT
97,54,11,True,PROVEN_HELPBOT
97,65,10,True,PROVEN_HELPBOT
97,75,9,True,PROVEN_HELPBOT
97,81,8,True,PROVEN_HELPBOT
97,89,7,True,PROVEN_HELPBOT
97,97,6,True,PROVEN_HELPBOT
97,108,5,True,PROVEN_HELPBOT
97,115,4,True,PROVEN_HELPBOT
97,122,3,True,PROVEN_HELPBOT
97,130,2,True,PROVEN_HELPBOT
97,139,1,True,PROVEN_HELPBOT
98,55,11,True,PROVEN_HELPBOT
98,76,9,True,PROVEN_HELPBOT
98,82,8,True,PROVEN_HELPBOT
98,98,6,True,PROVEN_HELPBOT
98,109,5,True,PROVEN_HELPBOT
98,116,4,True,PROVEN_HELPBOT
98,123,3,True,PROVEN_HELPBOT
98,131,2,True,PROVEN_HELPBOT
98,140,1,True,PROVEN_HELPBOT
98,141,1,True,PROVEN_HELPBOT
99,66,10,True,PROVEN_HELPBOT
99,83,8,True,PROVEN_HELPBOT
99,90,7,True,PROVEN_HELPBOT
99,99,6,True,PROVEN_HELPBOT
99,110,5,True,PROVEN_HELPBOT
99,111,5,True,PROVEN_HELPBOT
99,117,4,True,PROVEN_HELPBOT
99,124,3,True,PROVEN_HELPBOT
99,132,2,True,PROVEN_HELPBOT
99,133,2,True,PROVEN_HELPBOT
99,142,1,True,PROVEN_HELPBOT
100,56,11,True,PROVEN_HELPBOT
100,67,10,True,PROVEN_HELPBOT
100,77,9,True,PROVEN_HELPBOT
100,84,8,True,PROVEN_HELPBOT
100,91,7,True,PROVEN_HELPBOT
100,100,6,True,PROVEN_HELPBOT
100,112,5,True,PROVEN_HELPBOT
100,118,4,True,PROVEN_HELPBOT
100,125,3,True,PROVEN_HELPBOT
100,126,3,True,PROVEN_HELPBOT
100,134,2,True,PROVEN_HELPBOT
100,143,1,True,PROVEN_HELPBOT
100,144,1,True,PROVEN_HELPBOT
101,78,9,True,PROVEN_HELPBOT
101,92,7,True,PROVEN_HELPBOT
101,101,6,True,PROVEN_HELPBOT
101,113,5,True,PROVEN_HELPBOT
101,119,4,True,PROVEN_HELPBOT
101,127,3,True,PROVEN_HELPBOT
101,135,2,True,PROVEN_HELPBOT
101,145,1,True,PROVEN_HELPBOT
102,57,11,True,PROVEN_HELPBOT
102,68,10,True,PROVEN_HELPBOT
102,79,9,True,PROVEN_HELPBOT
102,85,8,True,PROVEN_HELPBOT
102,93,7,True,PROVEN_HELPBOT
102,102,6,True,PROVEN_HELPBOT
102,114,5,True,PROVEN_HELPBOT
102,120,4,True,PROVEN_HELPBOT
102,121,4,True,PROVEN_HELPBOT
102,128,3,True,PROVEN_HELPBOT
102,136,2,True,PROVEN_HELPBOT
102,137,2,True,PROVEN_HELPBOT
102,146,1,True,PROVEN_HELPBOT
102,147,1,True,PROVEN_HELPBOT
103,58,11,True,PROVEN_HELPBOT
103,69,10,True,PROVEN_HELPBOT
103,86,8,True,PROVEN_HELPBOT
103,94,7,True,PROVEN_HELPBOT
103,103,6,True,PROVEN_HELPBOT
103,115,5,True,PROVEN_HELPBOT
103,122,4,True,PROVEN_HELPBOT
103,129,3,True,PROVEN_HELPBOT
103,138,2,True,PROVEN_HELPBOT
103,148,1,True,PROVEN_HELPBOT
104,80,9,True,PROVEN_HELPBOT
104,87,8,True,PROVEN_HELPBOT
104,95,7,True,PROVEN_HELPBOT
104,104,6,True,PROVEN_HELPBOT
104,116,5,True,PROVEN_HELPBOT
104,123,4,True,PROVEN_HELPBOT
104,130,3,True,PROVEN_HELPBOT
104,131,3,True,PROVEN_HELPBOT
104,139,2,True,PROVEN_HELPBOT
104,149,1,True,PROVEN_HELPBOT
105,59,11,True,PROVEN_HELPBOT
105,70,10,True,PROVEN_HELPBOT
105,81,9,True,PROVEN_HELPBOT
105,88,8,True,PROVEN_HELPBOT
105,96,7,True,PROVEN_HELPBOT
105,105,6,True,PROVEN_HELPBOT
105,117,5,True,PROVEN_HELPBOT
105,124,4,True,PROVEN_HELPBOT
105,132,3,True,PROVEN_HELPBOT
105,140,2,True,PROVEN_HELPBOT
105,141,2,True,PROVEN_HELPBOT
105,150,1,True,INFERRED_LOCAL_TABLE
105,151,1,True,INFERRED_LOCAL_TABLE
106,71,10,True,PROVEN_HELPBOT
106,82,9,True,PROVEN_HELPBOT
106,89,8,True,PROVEN_HELPBOT
106,97,7,True,PROVEN_HELPBOT
106,106,6,True,PROVEN_HELPBOT
106,118,5,True,PROVEN_HELPBOT
106,125,4,True,PROVEN_HELPBOT
106,133,3,True,PROVEN_HELPBOT
106,142,2,True,PROVEN_HELPBOT
106,152,1,True,INFERRED_LOCAL_TABLE
107,83,9,True,PROVEN_HELPBOT
107,98,7,True,PROVEN_HELPBOT
107,107,6,True,PROVEN_HELPBOT
107,119,5,True,PROVEN_HELPBOT
107,126,4,True,PROVEN_HELPBOT
107,127,4,True,PROVEN_HELPBOT
107,134,3,True,PROVEN_HELPBOT
107,143,2,True,PROVEN_HELPBOT
107,153,1,True,INFERRED_LOCAL_TABLE
107,154,1,True,INFERRED_LOCAL_TABLE
108,60,11,True,PROVEN_HELPBOT
108,72,10,True,PROVEN_HELPBOT
108,90,8,True,PROVEN_HELPBOT
108,99,7,True,PROVEN_HELPBOT
108,108,6,True,PROVEN_HELPBOT
108,120,5,True,PROVEN_HELPBOT
108,121,5,True,PROVEN_HELPBOT
108,128,4,True,PROVEN_HELPBOT
108,135,3,True,PROVEN_HELPBOT
108,136,3,True,PROVEN_HELPBOT
108,144,2,True,PROVEN_HELPBOT
108,145,2,True,PROVEN_HELPBOT
108,155,1,True,INFERRED_LOCAL_TABLE
109,61,11,True,PROVEN_HELPBOT
109,73,10,True,PROVEN_HELPBOT
109,84,9,True,PROVEN_HELPBOT
109,91,8,True,PROVEN_HELPBOT
109,109,6,True,PROVEN_HELPBOT
109,122,5,True,PROVEN_HELPBOT
109,129,4,True,PROVEN_HELPBOT
109,137,3,True,PROVEN_HELPBOT
109,146,2,True,PROVEN_HELPBOT
109,156,1,True,INFERRED_LOCAL_TABLE
109,157,1,True,INFERRED_LOCAL_TABLE
110,62,11,True,PROVEN_HELPBOT
110,85,9,True,PROVEN_HELPBOT
110,92,8,True,PROVEN_HELPBOT
110,100,7,True,PROVEN_HELPBOT
110,110,6,True,PROVEN_HELPBOT
110,123,5,True,PROVEN_HELPBOT
110,130,4,True,PROVEN_HELPBOT
110,138,3,True,PROVEN_HELPBOT
110,147,2,True,PROVEN_HELPBOT
110,158,1,True,INFERRED_LOCAL_TABLE
111,74,10,True,PROVEN_HELPBOT
111,86,9,True,PROVEN_HELPBOT
111,93,8,True,PROVEN_HELPBOT
111,101,7,True,PROVEN_HELPBOT
111,111,6,True,PROVEN_HELPBOT
111,124,5,True,PROVEN_HELPBOT
111,131,4,True,PROVEN_HELPBOT
111,139,3,True,PROVEN_HELPBOT
111,148,2,True,PROVEN_HELPBOT
111,149,2,True,PROVEN_HELPBOT
111,159,1,True,INFERRED_LOCAL_TABLE
112,63,11,True,PROVEN_HELPBOT
112,75,10,True,PROVEN_HELPBOT
112,94,8,True,PROVEN_HELPBOT
112,102,7,True,PROVEN_HELPBOT
112,112,6,True,PROVEN_HELPBOT
112,125,5,True,PROVEN_HELPBOT
112,132,4,True,PROVEN_HELPBOT
112,140,3,True,PROVEN_HELPBOT
112,141,3,True,PROVEN_HELPBOT
112,150,2,True,INFERRED_LOCAL_TABLE
112,160,1,True,INFERRED_LOCAL_TABLE
112,161,1,True,INFERRED_LOCAL_TABLE
113,87,9,True,PROVEN_HELPBOT
113,103,7,True,PROVEN_HELPBOT
113,113,6,True,PROVEN_HELPBOT
113,126,5,True,PROVEN_HELPBOT
113,133,4,True,PROVEN_HELPBOT
113,134,4,True,PROVEN_HELPBOT
113,142,3,True,PROVEN_HELPBOT
113,151,2,True,INFERRED_LOCAL_TABLE
113,162,1,True,INFERRED_LOCAL_TABLE
114,64,11,True,PROVEN_HELPBOT
114,76,10,True,PROVEN_HELPBOT
114,88,9,True,PROVEN_HELPBOT
114,95,8,True,PROVEN_HELPBOT
114,104,7,True,PROVEN_HELPBOT
114,114,6,True,PROVEN_HELPBOT
114,127,5,True,PROVEN_HELPBOT
114,135,4,True,PROVEN_HELPBOT
114,143,3,True,PROVEN_HELPBOT
114,152,2,True,INFERRED_LOCAL_TABLE
114,153,2,True,INFERRED_LOCAL_TABLE
114,163,1,True,INFERRED_LOCAL_TABLE
114,164,1,True,INFERRED_LOCAL_TABLE
115,77,10,True,PROVEN_HELPBOT
115,89,9,True,PROVEN_HELPBOT
115,96,8,True,PROVEN_HELPBOT
115,105,7,True,PROVEN_HELPBOT
115,115,6,True,PROVEN_HELPBOT
115,128,5,True,PROVEN_HELPBOT
115,136,4,True,PROVEN_HELPBOT
115,144,3,True,PROVEN_HELPBOT
115,154,2,True,INFERRED_LOCAL_TABLE
115,165,1,True,INFERRED_LOCAL_TABLE
116,65,11,True,PROVEN_HELPBOT
116,97,8,True,PROVEN_HELPBOT
116,106,7,True,PROVEN_HELPBOT
116,116,6,True,PROVEN_HELPBOT
116,129,5,True,PROVEN_HELPBOT
116,137,4,True,PROVEN_HELPBOT
116,145,3,True,PROVEN_HELPBOT
116,146,3,True,PROVEN_HELPBOT
116,155,2,True,INFERRED_LOCAL_TABLE
116,166,1,True,INFERRED_LOCAL_TABLE
116,167,1,True,INFERRED_LOCAL_TABLE
117,78,10,True,PROVEN_HELPBOT
117,90,9,True,PROVEN_HELPBOT
117,98,8,True,PROVEN_HELPBOT
117,107,7,True,PROVEN_HELPBOT
117,117,6,True,PROVEN_HELPBOT
117,130,5,True,PROVEN_HELPBOT
117,131,5,True,PROVEN_HELPBOT
117,138,4,True,PROVEN_HELPBOT
117,147,3,True,PROVEN_HELPBOT
117,156,2,True,INFERRED_LOCAL_TABLE
117,157,2,True,INFERRED_LOCAL_TABLE
117,168,1,True,INFERRED_LOCAL_TABLE
118,66,11,True,PROVEN_HELPBOT
118,79,10,True,PROVEN_HELPBOT
118,91,9,True,PROVEN_HELPBOT
118,99,8,True,PROVEN_HELPBOT
118,108,7,True,PROVEN_HELPBOT
118,118,6,True,PROVEN_HELPBOT
118,132,5,True,PROVEN_HELPBOT
118,139,4,True,PROVEN_HELPBOT
118,148,3,True,PROVEN_HELPBOT
118,158,2,True,INFERRED_LOCAL_TABLE
118,169,1,True,INFERRED_LOCAL_TABLE
119,92,9,True,PROVEN_HELPBOT
119,109,7,True,PROVEN_HELPBOT
119,119,6,True,PROVEN_HELPBOT
119,133,5,True,PROVEN_HELPBOT
119,140,4,True,PROVEN_HELPBOT
119,141,4,True,PROVEN_HELPBOT
119,149,3,True,PROVEN_HELPBOT
119,159,2,True,INFERRED_LOCAL_TABLE
119,170,1,True,INFERRED_LOCAL_TABLE
119,171,1,True,INFERRED_LOCAL_TABLE
120,67,11,True,PROVEN_HELPBOT
120,80,10,True,PROVEN_HELPBOT
120,93,9,True,PROVEN_HELPBOT
120,100,8,True,PROVEN_HELPBOT
120,120,6,True,PROVEN_HELPBOT
120,134,5,True,PROVEN_HELPBOT
120,142,4,True,PROVEN_HELPBOT
120,150,3,True,INFERRED_LOCAL_TABLE
120,151,3,True,INFERRED_LOCAL_TABLE
120,160,2,True,INFERRED_LOCAL_TABLE
120,161,2,True,INFERRED_LOCAL_TABLE
120,172,1,True,INFERRED_LOCAL_TABLE
121,68,11,True,PROVEN_HELPBOT
121,81,10,True,PROVEN_HELPBOT
121,101,8,True,PROVEN_HELPBOT
121,110,7,True,PROVEN_HELPBOT
121,121,6,True,PROVEN_HELPBOT
121,135,5,True,PROVEN_HELPBOT
121,143,4,True,PROVEN_HELPBOT
121,152,3,True,INFERRED_LOCAL_TABLE
121,162,2,True,INFERRED_LOCAL_TABLE
121,173,1,True,INFERRED_LOCAL_TABLE
121,174,1,True,INFERRED_LOCAL_TABLE
122,94,9,True,PROVEN_HELPBOT
122,102,8,True,PROVEN_HELPBOT
122,111,7,True,PROVEN_HELPBOT
122,112,7,True,PROVEN_HELPBOT
122,122,6,True,PROVEN_HELPBOT
122,136,5,True,PROVEN_HELPBOT
122,144,4,True,PROVEN_HELPBOT
122,153,3,True,INFERRED_LOCAL_TABLE
122,163,2,True,INFERRED_LOCAL_TABLE
122,175,1,True,INFERRED_LOCAL_TABLE
123,69,11,True,PROVEN_HELPBOT
123,82,10,True,PROVEN_HELPBOT
123,95,9,True,PROVEN_HELPBOT
123,103,8,True,PROVEN_HELPBOT
123,123,6,True,PROVEN_HELPBOT
123,137,5,True,PROVEN_HELPBOT
123,145,4,True,PROVEN_HELPBOT
123,154,3,True,INFERRED_LOCAL_TABLE
123,164,2,True,INFERRED_LOCAL_TABLE
123,165,2,True,INFERRED_LOCAL_TABLE
123,176,1,True,INFERRED_LOCAL_TABLE
123,177,1,True,INFERRED_LOCAL_TABLE
124,83,10,True,PROVEN_HELPBOT
124,96,9,True,PROVEN_HELPBOT
124,104,8,True,PROVEN_HELPBOT
124,113,7,True,PROVEN_HELPBOT
124,124,6,True,PROVEN_HELPBOT
124,138,5,True,PROVEN_HELPBOT
124,146,4,True,PROVEN_HELPBOT
124,147,4,True,PROVEN_HELPBOT
124,155,3,True,INFERRED_LOCAL_TABLE
124,156,3,True,INFERRED_LOCAL_TABLE
124,166,2,True,INFERRED_LOCAL_TABLE
124,178,1,True,INFERRED_LOCAL_TABLE
125,70,11,True,PROVEN_HELPBOT
125,114,7,True,PROVEN_HELPBOT
125,125,6,True,PROVEN_HELPBOT
125,139,5,True,PROVEN_HELPBOT
125,148,4,True,PROVEN_HELPBOT
125,157,3,True,INFERRED_LOCAL_TABLE
125,167,2,True,INFERRED_LOCAL_TABLE
125,179,1,True,INFERRED_LOCAL_TABLE
126,84,10,True,PROVEN_HELPBOT
126,97,9,True,PROVEN_HELPBOT
126,105,8,True,PROVEN_HELPBOT
126,115,7,True,PROVEN_HELPBOT
126,126,6,True,PROVEN_HELPBOT
126,140,5,True,PROVEN_HELPBOT
126,141,5,True,PROVEN_HELPBOT
126,149,4,True,PROVEN_HELPBOT
126,158,3,True,INFERRED_LOCAL_TABLE
126,168,2,True,INFERRED_LOCAL_TABLE
126,169,2,True,INFERRED_LOCAL_TABLE
126,180,1,True,INFERRED_LOCAL_TABLE
126,181,1,True,INFERRED_LOCAL_TABLE
127,71,11,True,PROVEN_HELPBOT
127,85,10,True,PROVEN_HELPBOT
127,98,9,True,PROVEN_HELPBOT
127,106,8,True,PROVEN_HELPBOT
127,116,7,True,PROVEN_HELPBOT
127,127,6,True,PROVEN_HELPBOT
127,142,5,True,PROVEN_HELPBOT
127,150,4,True,INFERRED_LOCAL_TABLE
127,159,3,True,INFERRED_LOCAL_TABLE
127,170,2,True,INFERRED_LOCAL_TABLE
127,182,1,True,INFERRED_LOCAL_TABLE
128,72,11,True,PROVEN_HELPBOT
128,99,9,True,PROVEN_HELPBOT
128,107,8,True,PROVEN_HELPBOT
128,117,7,True,PROVEN_HELPBOT
128,128,6,True,PROVEN_HELPBOT
128,143,5,True,PROVEN_HELPBOT
128,151,4,True,INFERRED_LOCAL_TABLE
128,160,3,True,INFERRED_LOCAL_TABLE
128,161,3,True,INFERRED_LOCAL_TABLE
128,171,2,True,INFERRED_LOCAL_TABLE
128,183,1,True,INFERRED_LOCAL_TABLE
128,184,1,True,INFERRED_LOCAL_TABLE
129,86,10,True,PROVEN_HELPBOT
129,108,8,True,PROVEN_HELPBOT
129,118,7,True,PROVEN_HELPBOT
129,129,6,True,PROVEN_HELPBOT
129,144,5,True,PROVEN_HELPBOT
129,152,4,True,INFERRED_LOCAL_TABLE
129,162,3,True,INFERRED_LOCAL_TABLE
129,172,2,True,INFERRED_LOCAL_TABLE
129,173,2,True,INFERRED_LOCAL_TABLE
129,185,1,True,INFERRED_LOCAL_TABLE
130,73,11,True,PROVEN_HELPBOT
130,87,10,True,PROVEN_HELPBOT
130,100,9,True,PROVEN_HELPBOT
130,109,8,True,PROVEN_HELPBOT
130,119,7,True,PROVEN_HELPBOT
130,130,6,True,PROVEN_HELPBOT
130,145,5,True,PROVEN_HELPBOT
130,153,4,True,INFERRED_LOCAL_TABLE
130,154,4,True,INFERRED_LOCAL_TABLE
130,163,3,True,INFERRED_LOCAL_TABLE
130,174,2,True,INFERRED_LOCAL_TABLE
130,186,1,True,INFERRED_LOCAL_TABLE
130,187,1,True,INFERRED_LOCAL_TABLE
131,101,9,True,PROVEN_HELPBOT
131,131,6,True,PROVEN_HELPBOT
131,146,5,True,PROVEN_HELPBOT
131,155,4,True,INFERRED_LOCAL_TABLE
131,164,3,True,INFERRED_LOCAL_TABLE
131,175,2,True,INFERRED_LOCAL_TABLE
131,188,1,True,INFERRED_LOCAL_TABLE
132,74,11,True,PROVEN_HELPBOT
132,88,10,True,PROVEN_HELPBOT
132,102,9,True,PROVEN_HELPBOT
132,110,8,True,PROVEN_HELPBOT
132,120,7,True,PROVEN_HELPBOT
132,132,6,True,PROVEN_HELPBOT
132,147,5,True,PROVEN_HELPBOT
132,156,4,True,INFERRED_LOCAL_TABLE
132,165,3,True,INFERRED_LOCAL_TABLE
132,166,3,True,INFERRED_LOCAL_TABLE
132,176,2,True,INFERRED_LOCAL_TABLE
132,177,2,True,INFERRED_LOCAL_TABLE
132,189,1,True,INFERRED_LOCAL_TABLE
133,89,10,True,PROVEN_HELPBOT
133,103,9,True,PROVEN_HELPBOT
133,111,8,True,PROVEN_HELPBOT
133,121,7,True,PROVEN_HELPBOT
133,133,6,True,PROVEN_HELPBOT
133,148,5,True,PROVEN_HELPBOT
133,157,4,True,INFERRED_LOCAL_TABLE
133,167,3,True,INFERRED_LOCAL_TABLE
133,178,2,True,INFERRED_LOCAL_TABLE
133,190,1,True,INFERRED_LOCAL_TABLE
133,191,1,True,INFERRED_LOCAL_TABLE
134,75,11,True,PROVEN_HELPBOT
134,112,8,True,PROVEN_HELPBOT
134,122,7,True,PROVEN_HELPBOT
134,134,6,True,PROVEN_HELPBOT
134,149,5,True,PROVEN_HELPBOT
134,158,4,True,INFERRED_LOCAL_TABLE
134,168,3,True,INFERRED_LOCAL_TABLE
134,179,2,True,INFERRED_LOCAL_TABLE
134,192,1,True,INFERRED_LOCAL_TABLE
135,76,11,True,PROVEN_HELPBOT
135,90,10,True,PROVEN_HELPBOT
135,104,9,True,PROVEN_HELPBOT
135,113,8,True,PROVEN_HELPBOT
135,123,7,True,PROVEN_HELPBOT
135,135,6,True,PROVEN_HELPBOT
135,150,5,True,INFERRED_LOCAL_TABLE
135,151,5,True,INFERRED_LOCAL_TABLE
135,159,4,True,INFERRED_LOCAL_TABLE
135,169,3,True,INFERRED_LOCAL_TABLE
135,180,2,True,INFERRED_LOCAL_TABLE
135,181,2,True,INFERRED_LOCAL_TABLE
135,193,1,True,INFERRED_LOCAL_TABLE
135,194,1,True,INFERRED_LOCAL_TABLE
136,91,10,True,PROVEN_HELPBOT
136,105,9,True,PROVEN_HELPBOT
136,114,8,True,PROVEN_HELPBOT
136,124,7,True,PROVEN_HELPBOT
136,136,6,True,PROVEN_HELPBOT
136,152,5,True,INFERRED_LOCAL_TABLE
136,160,4,True,INFERRED_LOCAL_TABLE
136,161,4,True,INFERRED_LOCAL_TABLE
136,170,3,True,INFERRED_LOCAL_TABLE
136,171,3,True,INFERRED_LOCAL_TABLE
136,182,2,True,INFERRED_LOCAL_TABLE
136,195,1,True,INFERRED_LOCAL_TABLE
137,77,11,True,PROVEN_HELPBOT
137,106,9,True,PROVEN_HELPBOT
137,125,7,True,PROVEN_HELPBOT
137,137,6,True,PROVEN_HELPBOT
137,153,5,True,INFERRED_LOCAL_TABLE
137,162,4,True,INFERRED_LOCAL_TABLE
137,172,3,True,INFERRED_LOCAL_TABLE
137,183,2,True,INFERRED_LOCAL_TABLE
137,196,1,True,INFERRED_LOCAL_TABLE
137,197,1,True,INFERRED_LOCAL_TABLE
138,78,11,True,PROVEN_HELPBOT
138,92,10,True,PROVEN_HELPBOT
138,115,8,True,PROVEN_HELPBOT
138,126,7,True,PROVEN_HELPBOT
138,138,6,True,PROVEN_HELPBOT
138,154,5,True,INFERRED_LOCAL_TABLE
138,163,4,True,INFERRED_LOCAL_TABLE
138,173,3,True,INFERRED_LOCAL_TABLE
138,184,2,True,INFERRED_LOCAL_TABLE
138,185,2,True,INFERRED_LOCAL_TABLE
138,198,1,True,INFERRED_LOCAL_TABLE
139,79,11,True,PROVEN_HELPBOT
139,93,10,True,PROVEN_HELPBOT
139,107,9,True,PROVEN_HELPBOT
139,116,8,True,PROVEN_HELPBOT
139,127,7,True,PROVEN_HELPBOT
139,139,6,True,PROVEN_HELPBOT
139,155,5,True,INFERRED_LOCAL_TABLE
139,164,4,True,INFERRED_LOCAL_TABLE
139,174,3,True,INFERRED_LOCAL_TABLE
139,186,2,True,INFERRED_LOCAL_TABLE
139,199,1,True,INFERRED_LOCAL_TABLE
140,108,9,True,PROVEN_HELPBOT
140,117,8,True,PROVEN_HELPBOT
140,128,7,True,PROVEN_HELPBOT
140,140,6,True,PROVEN_HELPBOT
140,156,5,True,INFERRED_LOCAL_TABLE
140,165,4,True,INFERRED_LOCAL_TABLE
140,175,3,True,INFERRED_LOCAL_TABLE
140,176,3,True,INFERRED_LOCAL_TABLE
140,187,2,True,INFERRED_LOCAL_TABLE
140,200,1,True,INFERRED_LOCAL_TABLE
140,201,1,True,INFERRED_LOCAL_TABLE
141,94,10,True,PROVEN_HELPBOT
141,109,9,True,PROVEN_HELPBOT
141,118,8,True,PROVEN_HELPBOT
141,129,7,True,PROVEN_HELPBOT
141,141,6,True,PROVEN_HELPBOT
141,157,5,True,INFERRED_LOCAL_TABLE
141,166,4,True,INFERRED_LOCAL_TABLE
141,167,4,True,INFERRED_LOCAL_TABLE
141,177,3,True,INFERRED_LOCAL_TABLE
141,188,2,True,INFERRED_LOCAL_TABLE
141,189,2,True,INFERRED_LOCAL_TABLE
141,202,1,True,INFERRED_LOCAL_TABLE
142,95,10,True,PROVEN_HELPBOT
142,119,8,True,PROVEN_HELPBOT
142,142,6,True,PROVEN_HELPBOT
142,158,5,True,INFERRED_LOCAL_TABLE
142,168,4,True,INFERRED_LOCAL_TABLE
142,178,3,True,INFERRED_LOCAL_TABLE
142,190,2,True,INFERRED_LOCAL_TABLE
142,203,1,True,INFERRED_LOCAL_TABLE
142,204,1,True,INFERRED_LOCAL_TABLE
143,110,9,True,PROVEN_HELPBOT
143,130,7,True,PROVEN_HELPBOT
143,143,6,True,PROVEN_HELPBOT
143,159,5,True,INFERRED_LOCAL_TABLE
143,169,4,True,INFERRED_LOCAL_TABLE
143,179,3,True,INFERRED_LOCAL_TABLE
143,191,2,True,INFERRED_LOCAL_TABLE
143,205,1,True,INFERRED_LOCAL_TABLE
144,80,11,True,PROVEN_HELPBOT
144,96,10,True,PROVEN_HELPBOT
144,111,9,True,PROVEN_HELPBOT
144,120,8,True,PROVEN_HELPBOT
144,131,7,True,PROVEN_HELPBOT
144,144,6,True,PROVEN_HELPBOT
144,160,5,True,INFERRED_LOCAL_TABLE
144,161,5,True,INFERRED_LOCAL_TABLE
144,170,4,True,INFERRED_LOCAL_TABLE
144,180,3,True,INFERRED_LOCAL_TABLE
144,181,3,True,INFERRED_LOCAL_TABLE
144,192,2,True,INFERRED_LOCAL_TABLE
144,193,2,True,INFERRED_LOCAL_TABLE
144,206,1,True,INFERRED_LOCAL_TABLE
144,207,1,True,INFERRED_LOCAL_TABLE
145,81,11,True,PROVEN_HELPBOT
145,97,10,True,PROVEN_HELPBOT
145,112,9,True,PROVEN_HELPBOT
145,121,8,True,PROVEN_HELPBOT
145,132,7,True,PROVEN_HELPBOT
145,145,6,True,PROVEN_HELPBOT
145,162,5,True,INFERRED_LOCAL_TABLE
145,171,4,True,INFERRED_LOCAL_TABLE
145,182,3,True,INFERRED_LOCAL_TABLE
145,194,2,True,INFERRED_LOCAL_TABLE
145,208,1,True,INFERRED_LOCAL_TABLE
146,82,11,True,PROVEN_HELPBOT
146,113,9,True,PROVEN_HELPBOT
146,122,8,True,PROVEN_HELPBOT
146,133,7,True,PROVEN_HELPBOT
146,146,6,True,PROVEN_HELPBOT
146,163,5,True,INFERRED_LOCAL_TABLE
146,172,4,True,INFERRED_LOCAL_TABLE
146,183,3,True,INFERRED_LOCAL_TABLE
146,195,2,True,INFERRED_LOCAL_TABLE
146,209,1,True,INFERRED_LOCAL_TABLE
147,98,10,True,PROVEN_HELPBOT
147,123,8,True,PROVEN_HELPBOT
147,134,7,True,PROVEN_HELPBOT
147,147,6,True,PROVEN_HELPBOT
147,164,5,True,INFERRED_LOCAL_TABLE
147,173,4,True,INFERRED_LOCAL_TABLE
147,174,4,True,INFERRED_LOCAL_TABLE
147,184,3,True,INFERRED_LOCAL_TABLE
147,196,2,True,INFERRED_LOCAL_TABLE
147,197,2,True,INFERRED_LOCAL_TABLE
147,210,1,True,INFERRED_LOCAL_TABLE
147,211,1,True,INFERRED_LOCAL_TABLE
148,83,11,True,PROVEN_HELPBOT
148,99,10,True,PROVEN_HELPBOT
148,114,9,True,PROVEN_HELPBOT
148,124,8,True,PROVEN_HELPBOT
148,135,7,True,PROVEN_HELPBOT
148,148,6,True,PROVEN_HELPBOT
148,165,5,True,INFERRED_LOCAL_TABLE
148,175,4,True,INFERRED_LOCAL_TABLE
148,185,3,True,INFERRED_LOCAL_TABLE
148,186,3,True,INFERRED_LOCAL_TABLE
148,198,2,True,INFERRED_LOCAL_TABLE
148,212,1,True,INFERRED_LOCAL_TABLE
149,84,11,True,PROVEN_HELPBOT
149,115,9,True,PROVEN_HELPBOT
149,136,7,True,PROVEN_HELPBOT
149,149,6,True,PROVEN_HELPBOT
149,166,5,True,INFERRED_LOCAL_TABLE
149,176,4,True,INFERRED_LOCAL_TABLE
149,187,3,True,INFERRED_LOCAL_TABLE
149,199,2,True,INFERRED_LOCAL_TABLE
149,213,1,True,INFERRED_LOCAL_TABLE
149,214,1,True,INFERRED_LOCAL_TABLE
150,100,10,True,PROVEN_HELPBOT
150,116,9,True,PROVEN_HELPBOT
150,125,8,True,PROVEN_HELPBOT
150,137,7,True,PROVEN_HELPBOT
150,150,6,True,INFERRED_LOCAL_TABLE
150,167,5,True,INFERRED_LOCAL_TABLE
150,177,4,True,INFERRED_LOCAL_TABLE
150,188,3,True,INFERRED_LOCAL_TABLE
150,200,2,True,INFERRED_LOCAL_TABLE
150,201,2,True,INFERRED_LOCAL_TABLE
150,215,1,True,INFERRED_LOCAL_TABLE
151,85,11,True,PROVEN_HELPBOT
151,101,10,True,PROVEN_HELPBOT
151,126,8,True,PROVEN_HELPBOT
151,138,7,True,PROVEN_HELPBOT
151,151,6,True,INFERRED_LOCAL_TABLE
151,168,5,True,INFERRED_LOCAL_TABLE
151,178,4,True,INFERRED_LOCAL_TABLE
151,189,3,True,INFERRED_LOCAL_TABLE
151,202,2,True,INFERRED_LOCAL_TABLE
151,216,1,True,INFERRED_LOCAL_TABLE
151,217,1,True,INFERRED_LOCAL_TABLE
152,117,9,True,PROVEN_HELPBOT
152,127,8,True,PROVEN_HELPBOT
152,139,7,True,PROVEN_HELPBOT
152,152,6,True,INFERRED_LOCAL_TABLE
152,169,5,True,INFERRED_LOCAL_TABLE
152,179,4,True,INFERRED_LOCAL_TABLE
152,190,3,True,INFERRED_LOCAL_TABLE
152,191,3,True,INFERRED_LOCAL_TABLE
152,203,2,True,INFERRED_LOCAL_TABLE
152,218,1,True,INFERRED_LOCAL_TABLE
153,102,10,True,PROVEN_HELPBOT
153,118,9,True,PROVEN_HELPBOT
153,128,8,True,PROVEN_HELPBOT
153,153,6,True,INFERRED_LOCAL_TABLE
153,170,5,True,INFERRED_LOCAL_TABLE
153,171,5,True,INFERRED_LOCAL_TABLE
153,180,4,True,INFERRED_LOCAL_TABLE
153,181,4,True,INFERRED_LOCAL_TABLE
153,192,3,True,INFERRED_LOCAL_TABLE
153,204,2,True,INFERRED_LOCAL_TABLE
153,205,2,True,INFERRED_LOCAL_TABLE
153,219,1,True,INFERRED_LOCAL_TABLE
154,86,11,True,PROVEN_HELPBOT
154,103,10,True,PROVEN_HELPBOT
154,119,9,True,PROVEN_HELPBOT
154,129,8,True,PROVEN_HELPBOT
154,140,7,True,PROVEN_HELPBOT
154,154,6,True,INFERRED_LOCAL_TABLE
154,172,5,True,INFERRED_LOCAL_TABLE
154,182,4,True,INFERRED_LOCAL_TABLE
154,193,3,True,INFERRED_LOCAL_TABLE
154,206,2,True,INFERRED_LOCAL_TABLE
154,220,1,True,INFERRED_LOCAL_TABLE
155,87,11,True,PROVEN_HELPBOT
155,141,7,True,PROVEN_HELPBOT
155,155,6,True,INFERRED_LOCAL_TABLE
155,173,5,True,INFERRED_LOCAL_TABLE
155,183,4,True,INFERRED_LOCAL_TABLE
155,194,3,True,INFERRED_LOCAL_TABLE
155,207,2,True,INFERRED_LOCAL_TABLE
156,104,10,True,PROVEN_HELPBOT
156,120,9,True,PROVEN_HELPBOT
156,130,8,True,PROVEN_HELPBOT
156,142,7,True,PROVEN_HELPBOT
156,156,6,True,INFERRED_LOCAL_TABLE
156,174,5,True,INFERRED_LOCAL_TABLE
156,184,4,True,INFERRED_LOCAL_TABLE
156,195,3,True,INFERRED_LOCAL_TABLE
156,196,3,True,INFERRED_LOCAL_TABLE
156,208,2,True,INFERRED_LOCAL_TABLE
156,209,2,True,INFERRED_LOCAL_TABLE
157,88,11,True,PROVEN_HELPBOT
157,105,10,True,PROVEN_HELPBOT
157,121,9,True,PROVEN_HELPBOT
157,131,8,True,PROVEN_HELPBOT
157,143,7,True,PROVEN_HELPBOT
157,157,6,True,INFERRED_LOCAL_TABLE
157,175,5,True,INFERRED_LOCAL_TABLE
157,185,4,True,INFERRED_LOCAL_TABLE
157,197,3,True,INFERRED_LOCAL_TABLE
157,210,2,True,INFERRED_LOCAL_TABLE
158,122,9,True,PROVEN_HELPBOT
158,132,8,True,PROVEN_HELPBOT
158,144,7,True,PROVEN_HELPBOT
158,158,6,True,INFERRED_LOCAL_TABLE
158,176,5,True,INFERRED_LOCAL_TABLE
158,186,4,True,INFERRED_LOCAL_TABLE
158,187,4,True,INFERRED_LOCAL_TABLE
158,198,3,True,INFERRED_LOCAL_TABLE
158,211,2,True,INFERRED_LOCAL_TABLE
159,89,11,True,PROVEN_HELPBOT
159,106,10,True,PROVEN_HELPBOT
159,123,9,True,PROVEN_HELPBOT
159,133,8,True,PROVEN_HELPBOT
159,145,7,True,PROVEN_HELPBOT
159,159,6,True,INFERRED_LOCAL_TABLE
159,177,5,True,INFERRED_LOCAL_TABLE
159,188,4,True,INFERRED_LOCAL_TABLE
159,199,3,True,INFERRED_LOCAL_TABLE
159,212,2,True,INFERRED_LOCAL_TABLE
159,213,2,True,INFERRED_LOCAL_TABLE
160,107,10,True,PROVEN_HELPBOT
160,134,8,True,PROVEN_HELPBOT
160,146,7,True,PROVEN_HELPBOT
160,160,6,True,INFERRED_LOCAL_TABLE
160,178,5,True,INFERRED_LOCAL_TABLE
160,189,4,True,INFERRED_LOCAL_TABLE
160,200,3,True,INFERRED_LOCAL_TABLE
160,201,3,True,INFERRED_LOCAL_TABLE
160,214,2,True,INFERRED_LOCAL_TABLE
161,90,11,True,PROVEN_HELPBOT
161,124,9,True,PROVEN_HELPBOT
161,147,7,True,PROVEN_HELPBOT
161,161,6,True,INFERRED_LOCAL_TABLE
161,179,5,True,INFERRED_LOCAL_TABLE
161,190,4,True,INFERRED_LOCAL_TABLE
161,202,3,True,INFERRED_LOCAL_TABLE
161,215,2,True,INFERRED_LOCAL_TABLE
162,108,10,True,PROVEN_HELPBOT
162,125,9,True,PROVEN_HELPBOT
162,135,8,True,PROVEN_HELPBOT
162,148,7,True,PROVEN_HELPBOT
162,162,6,True,INFERRED_LOCAL_TABLE
162,180,5,True,INFERRED_LOCAL_TABLE
162,181,5,True,INFERRED_LOCAL_TABLE
162,191,4,True,INFERRED_LOCAL_TABLE
162,203,3,True,INFERRED_LOCAL_TABLE
162,216,2,True,INFERRED_LOCAL_TABLE
162,217,2,True,INFERRED_LOCAL_TABLE
163,91,11,True,PROVEN_HELPBOT
163,109,10,True,PROVEN_HELPBOT
163,126,9,True,PROVEN_HELPBOT
163,136,8,True,PROVEN_HELPBOT
163,149,7,True,PROVEN_HELPBOT
163,163,6,True,INFERRED_LOCAL_TABLE
163,182,5,True,INFERRED_LOCAL_TABLE
163,192,4,True,INFERRED_LOCAL_TABLE
163,204,3,True,INFERRED_LOCAL_TABLE
163,218,2,True,INFERRED_LOCAL_TABLE
164,92,11,True,PROVEN_HELPBOT
164,137,8,True,PROVEN_HELPBOT
164,164,6,True,INFERRED_LOCAL_TABLE
164,183,5,True,INFERRED_LOCAL_TABLE
164,193,4,True,INFERRED_LOCAL_TABLE
164,194,4,True,INFERRED_LOCAL_TABLE
164,205,3,True,INFERRED_LOCAL_TABLE
164,206,3,True,INFERRED_LOCAL_TABLE
164,219,2,True,INFERRED_LOCAL_TABLE
165,110,10,True,PROVEN_HELPBOT
165,127,9,True,PROVEN_HELPBOT
165,138,8,True,PROVEN_HELPBOT
165,150,7,True,INFERRED_LOCAL_TABLE
165,165,6,True,INFERRED_LOCAL_TABLE
165,184,5,True,INFERRED_LOCAL_TABLE
165,195,4,True,INFERRED_LOCAL_TABLE
165,207,3,True,INFERRED_LOCAL_TABLE
165,220,2,True,INFERRED_LOCAL_TABLE
166,93,11,True,PROVEN_HELPBOT
166,111,10,True,PROVEN_HELPBOT
166,128,9,True,PROVEN_HELPBOT
166,139,8,True,PROVEN_HELPBOT
166,151,7,True,INFERRED_LOCAL_TABLE
166,166,6,True,INFERRED_LOCAL_TABLE
166,185,5,True,INFERRED_LOCAL_TABLE
166,196,4,True,INFERRED_LOCAL_TABLE
166,208,3,True,INFERRED_LOCAL_TABLE
167,129,9,True,PROVEN_HELPBOT
167,152,7,True,INFERRED_LOCAL_TABLE
167,167,6,True,INFERRED_LOCAL_TABLE
167,186,5,True,INFERRED_LOCAL_TABLE
167,197,4,True,INFERRED_LOCAL_TABLE
167,209,3,True,INFERRED_LOCAL_TABLE
168,94,11,True,PROVEN_HELPBOT
168,112,10,True,PROVEN_HELPBOT
168,140,8,True,PROVEN_HELPBOT
168,153,7,True,INFERRED_LOCAL_TABLE
168,168,6,True,INFERRED_LOCAL_TABLE
168,187,5,True,INFERRED_LOCAL_TABLE
168,198,4,True,INFERRED_LOCAL_TABLE
168,210,3,True,INFERRED_LOCAL_TABLE
168,211,3,True,INFERRED_LOCAL_TABLE
169,113,10,True,PROVEN_HELPBOT
169,130,9,True,PROVEN_HELPBOT
169,141,8,True,PROVEN_HELPBOT
169,154,7,True,INFERRED_LOCAL_TABLE
169,169,6,True,INFERRED_LOCAL_TABLE
169,188,5,True,INFERRED_LOCAL_TABLE
169,199,4,True,INFERRED_LOCAL_TABLE
169,212,3,True,INFERRED_LOCAL_TABLE
170,95,11,True,PROVEN_HELPBOT
170,131,9,True,PROVEN_HELPBOT
170,142,8,True,PROVEN_HELPBOT
170,155,7,True,INFERRED_LOCAL_TABLE
170,170,6,True,INFERRED_LOCAL_TABLE
170,189,5,True,INFERRED_LOCAL_TABLE
170,200,4,True,INFERRED_LOCAL_TABLE
170,201,4,True,INFERRED_LOCAL_TABLE
170,213,3,True,INFERRED_LOCAL_TABLE
171,96,11,True,PROVEN_HELPBOT
171,114,10,True,PROVEN_HELPBOT
171,132,9,True,PROVEN_HELPBOT
171,143,8,True,PROVEN_HELPBOT
171,156,7,True,INFERRED_LOCAL_TABLE
171,171,6,True,INFERRED_LOCAL_TABLE
171,190,5,True,INFERRED_LOCAL_TABLE
171,191,5,True,INFERRED_LOCAL_TABLE
171,202,4,True,INFERRED_LOCAL_TABLE
171,214,3,True,INFERRED_LOCAL_TABLE
172,115,10,True,PROVEN_HELPBOT
172,133,9,True,PROVEN_HELPBOT
172,144,8,True,PROVEN_HELPBOT
172,157,7,True,INFERRED_LOCAL_TABLE
172,172,6,True,INFERRED_LOCAL_TABLE
172,192,5,True,INFERRED_LOCAL_TABLE
172,203,4,True,INFERRED_LOCAL_TABLE
172,215,3,True,INFERRED_LOCAL_TABLE
172,216,3,True,INFERRED_LOCAL_TABLE
173,97,11,True,PROVEN_HELPBOT
173,158,7,True,INFERRED_LOCAL_TABLE
173,173,6,True,INFERRED_LOCAL_TABLE
173,193,5,True,INFERRED_LOCAL_TABLE
173,204,4,True,INFERRED_LOCAL_TABLE
173,217,3,True,INFERRED_LOCAL_TABLE
174,116,10,True,PROVEN_HELPBOT
174,134,9,True,PROVEN_HELPBOT
174,145,8,True,PROVEN_HELPBOT
174,159,7,True,INFERRED_LOCAL_TABLE
174,174,6,True,INFERRED_LOCAL_TABLE
174,194,5,True,INFERRED_LOCAL_TABLE
174,205,4,True,INFERRED_LOCAL_TABLE
174,218,3,True,INFERRED_LOCAL_TABLE
175,98,11,True,PROVEN_HELPBOT
175,117,10,True,PROVEN_HELPBOT
175,135,9,True,PROVEN_HELPBOT
175,146,8,True,PROVEN_HELPBOT
175,175,6,True,INFERRED_LOCAL_TABLE
175,195,5,True,INFERRED_LOCAL_TABLE
175,206,4,True,INFERRED_LOCAL_TABLE
175,207,4,True,INFERRED_LOCAL_TABLE
175,219,3,True,INFERRED_LOCAL_TABLE
176,136,9,True,PROVEN_HELPBOT
176,147,8,True,PROVEN_HELPBOT
176,160,7,True,INFERRED_LOCAL_TABLE
176,176,6,True,INFERRED_LOCAL_TABLE
176,196,5,True,INFERRED_LOCAL_TABLE
176,208,4,True,INFERRED_LOCAL_TABLE
176,220,3,True,INFERRED_LOCAL_TABLE
177,99,11,True,PROVEN_HELPBOT
177,118,10,True,PROVEN_HELPBOT
177,148,8,True,PROVEN_HELPBOT
177,161,7,True,INFERRED_LOCAL_TABLE
177,177,6,True,INFERRED_LOCAL_TABLE
177,197,5,True,INFERRED_LOCAL_TABLE
177,209,4,True,INFERRED_LOCAL_TABLE
178,119,10,True,PROVEN_HELPBOT
178,137,9,True,PROVEN_HELPBOT
178,149,8,True,PROVEN_HELPBOT
178,162,7,True,INFERRED_LOCAL_TABLE
178,178,6,True,INFERRED_LOCAL_TABLE
178,198,5,True,INFERRED_LOCAL_TABLE
178,210,4,True,INFERRED_LOCAL_TABLE
179,100,11,True,PROVEN_HELPBOT
179,138,9,True,PROVEN_HELPBOT
179,163,7,True,INFERRED_LOCAL_TABLE
179,179,6,True,INFERRED_LOCAL_TABLE
179,199,5,True,INFERRED_LOCAL_TABLE
179,211,4,True,INFERRED_LOCAL_TABLE
180,120,10,True,PROVEN_HELPBOT
180,139,9,True,PROVEN_HELPBOT
180,150,8,True,INFERRED_LOCAL_TABLE
180,164,7,True,INFERRED_LOCAL_TABLE
180,180,6,True,INFERRED_LOCAL_TABLE
180,200,5,True,INFERRED_LOCAL_TABLE
180,201,5,True,INFERRED_LOCAL_TABLE
180,212,4,True,INFERRED_LOCAL_TABLE
181,121,10,True,PROVEN_HELPBOT
181,151,8,True,INFERRED_LOCAL_TABLE
181,165,7,True,INFERRED_LOCAL_TABLE
181,181,6,True,INFERRED_LOCAL_TABLE
181,202,5,True,INFERRED_LOCAL_TABLE
181,213,4,True,INFERRED_LOCAL_TABLE
181,214,4,True,INFERRED_LOCAL_TABLE
182,140,9,True,PROVEN_HELPBOT
182,152,8,True,INFERRED_LOCAL_TABLE
182,166,7,True,INFERRED_LOCAL_TABLE
182,182,6,True,INFERRED_LOCAL_TABLE
182,203,5,True,INFERRED_LOCAL_TABLE
182,215,4,True,INFERRED_LOCAL_TABLE
183,122,10,True,PROVEN_HELPBOT
183,141,9,True,PROVEN_HELPBOT
183,153,8,True,INFERRED_LOCAL_TABLE
183,167,7,True,INFERRED_LOCAL_TABLE
183,183,6,True,INFERRED_LOCAL_TABLE
183,204,5,True,INFERRED_LOCAL_TABLE
183,216,4,True,INFERRED_LOCAL_TABLE
184,101,11,True,PROVEN_HELPBOT
184,123,10,True,PROVEN_HELPBOT
184,142,9,True,PROVEN_HELPBOT
184,154,8,True,INFERRED_LOCAL_TABLE
184,168,7,True,INFERRED_LOCAL_TABLE
184,184,6,True,INFERRED_LOCAL_TABLE
184,205,5,True,INFERRED_LOCAL_TABLE
184,217,4,True,INFERRED_LOCAL_TABLE
185,103,11,True,PROVEN_HELPBOT
185,143,9,True,PROVEN_HELPBOT
185,169,7,True,INFERRED_LOCAL_TABLE
185,185,6,True,INFERRED_LOCAL_TABLE
185,206,5,True,INFERRED_LOCAL_TABLE
185,218,4,True,INFERRED_LOCAL_TABLE
186,102,11,True,PROVEN_HELPBOT
186,124,10,True,PROVEN_HELPBOT
186,155,8,True,INFERRED_LOCAL_TABLE
186,186,6,True,INFERRED_LOCAL_TABLE
186,207,5,True,INFERRED_LOCAL_TABLE
186,219,4,True,INFERRED_LOCAL_TABLE
187,104,11,True,PROVEN_HELPBOT
187,125,10,True,PROVEN_HELPBOT
187,144,9,True,PROVEN_HELPBOT
187,156,8,True,INFERRED_LOCAL_TABLE
187,170,7,True,INFERRED_LOCAL_TABLE
187,187,6,True,INFERRED_LOCAL_TABLE
187,208,5,True,INFERRED_LOCAL_TABLE
187,220,4,True,INFERRED_LOCAL_TABLE
188,105,11,True,PROVEN_HELPBOT
188,145,9,True,PROVEN_HELPBOT
188,157,8,True,INFERRED_LOCAL_TABLE
188,171,7,True,INFERRED_LOCAL_TABLE
188,188,6,True,INFERRED_LOCAL_TABLE
188,209,5,True,INFERRED_LOCAL_TABLE
189,106,11,True,PROVEN_HELPBOT
189,126,10,True,PROVEN_HELPBOT
189,146,9,True,PROVEN_HELPBOT
189,158,8,True,INFERRED_LOCAL_TABLE
189,172,7,True,INFERRED_LOCAL_TABLE
189,189,6,True,INFERRED_LOCAL_TABLE
189,210,5,True,INFERRED_LOCAL_TABLE
189,211,5,True,INFERRED_LOCAL_TABLE
190,127,10,True,PROVEN_HELPBOT
190,159,8,True,INFERRED_LOCAL_TABLE
190,173,7,True,INFERRED_LOCAL_TABLE
190,190,6,True,INFERRED_LOCAL_TABLE
190,212,5,True,INFERRED_LOCAL_TABLE
191,107,11,True,PROVEN_HELPBOT
191,147,9,True,PROVEN_HELPBOT
191,174,7,True,INFERRED_LOCAL_TABLE
191,191,6,True,INFERRED_LOCAL_TABLE
191,213,5,True,INFERRED_LOCAL_TABLE
192,128,10,True,PROVEN_HELPBOT
192,148,9,True,PROVEN_HELPBOT
192,160,8,True,INFERRED_LOCAL_TABLE
192,175,7,True,INFERRED_LOCAL_TABLE
192,192,6,True,INFERRED_LOCAL_TABLE
192,214,5,True,INFERRED_LOCAL_TABLE
193,108,11,True,PROVEN_HELPBOT
193,129,10,True,PROVEN_HELPBOT
193,149,9,True,PROVEN_HELPBOT
193,161,8,True,INFERRED_LOCAL_TABLE
193,176,7,True,INFERRED_LOCAL_TABLE
193,193,6,True,INFERRED_LOCAL_TABLE
193,215,5,True,INFERRED_LOCAL_TABLE
194,162,8,True,INFERRED_LOCAL_TABLE
194,177,7,True,INFERRED_LOCAL_TABLE
194,194,6,True,INFERRED_LOCAL_TABLE
194,216,5,True,INFERRED_LOCAL_TABLE
195,109,11,True,PROVEN_HELPBOT
195,130,10,True,PROVEN_HELPBOT
195,150,9,True,INFERRED_LOCAL_TABLE
195,163,8,True,INFERRED_LOCAL_TABLE
195,178,7,True,INFERRED_LOCAL_TABLE
195,195,6,True,INFERRED_LOCAL_TABLE
195,217,5,True,INFERRED_LOCAL_TABLE
196,131,10,True,PROVEN_HELPBOT
196,151,9,True,INFERRED_LOCAL_TABLE
196,164,8,True,INFERRED_LOCAL_TABLE
196,179,7,True,INFERRED_LOCAL_TABLE
196,196,6,True,INFERRED_LOCAL_TABLE
196,218,5,True,INFERRED_LOCAL_TABLE
197,110,11,True,PROVEN_HELPBOT
197,152,9,True,INFERRED_LOCAL_TABLE
197,197,6,True,INFERRED_LOCAL_TABLE
197,219,5,True,INFERRED_LOCAL_TABLE
198,111,11,True,PROVEN_HELPBOT
198,132,10,True,PROVEN_HELPBOT
198,153,9,True,INFERRED_LOCAL_TABLE
198,165,8,True,INFERRED_LOCAL_TABLE
198,180,7,True,INFERRED_LOCAL_TABLE
198,198,6,True,INFERRED_LOCAL_TABLE
198,220,5,True,INFERRED_LOCAL_TABLE
199,133,10,True,PROVEN_HELPBOT
199,166,8,True,INFERRED_LOCAL_TABLE
199,181,7,True,INFERRED_LOCAL_TABLE
199,199,6,True,INFERRED_LOCAL_TABLE
200,112,11,True,PROVEN_HELPBOT
200,154,9,True,INFERRED_LOCAL_TABLE
200,167,8,True,INFERRED_LOCAL_TABLE
200,182,7,True,INFERRED_LOCAL_TABLE
200,200,6,True,INFERRED_LOCAL_TABLE
201,134,10,True,PROVEN_HELPBOT
201,155,9,True,INFERRED_LOCAL_TABLE
201,168,8,True,INFERRED_LOCAL_TABLE
201,183,7,True,INFERRED_LOCAL_TABLE
201,201,6,True,INFERRED_LOCAL_TABLE
202,113,11,True,PROVEN_HELPBOT
202,135,10,True,PROVEN_HELPBOT
202,156,9,True,INFERRED_LOCAL_TABLE
202,169,8,True,INFERRED_LOCAL_TABLE
202,184,7,True,INFERRED_LOCAL_TABLE
202,202,6,True,INFERRED_LOCAL_TABLE
203,185,7,True,INFERRED_LOCAL_TABLE
203,203,6,True,INFERRED_LOCAL_TABLE
204,114,11,True,PROVEN_HELPBOT
204,136,10,True,PROVEN_HELPBOT
204,157,9,True,INFERRED_LOCAL_TABLE
204,170,8,True,INFERRED_LOCAL_TABLE
204,186,7,True,INFERRED_LOCAL_TABLE
204,204,6,True,INFERRED_LOCAL_TABLE
205,137,10,True,PROVEN_HELPBOT
205,158,9,True,INFERRED_LOCAL_TABLE
205,171,8,True,INFERRED_LOCAL_TABLE
205,187,7,True,INFERRED_LOCAL_TABLE
205,205,6,True,INFERRED_LOCAL_TABLE
206,115,11,True,PROVEN_HELPBOT
206,159,9,True,INFERRED_LOCAL_TABLE
206,172,8,True,INFERRED_LOCAL_TABLE
206,188,7,True,INFERRED_LOCAL_TABLE
206,206,6,True,INFERRED_LOCAL_TABLE
207,138,10,True,PROVEN_HELPBOT
207,173,8,True,INFERRED_LOCAL_TABLE
207,189,7,True,INFERRED_LOCAL_TABLE
207,207,6,True,INFERRED_LOCAL_TABLE
208,116,11,True,PROVEN_HELPBOT
208,139,10,True,PROVEN_HELPBOT
208,160,9,True,INFERRED_LOCAL_TABLE
208,174,8,True,INFERRED_LOCAL_TABLE
208,208,6,True,INFERRED_LOCAL_TABLE
209,161,9,True,INFERRED_LOCAL_TABLE
209,190,7,True,INFERRED_LOCAL_TABLE
209,209,6,True,INFERRED_LOCAL_TABLE
210,117,11,True,PROVEN_HELPBOT
210,140,10,True,PROVEN_HELPBOT
210,162,9,True,INFERRED_LOCAL_TABLE
210,175,8,True,INFERRED_LOCAL_TABLE
210,191,7,True,INFERRED_LOCAL_TABLE
210,210,6,True,INFERRED_LOCAL_TABLE
211,118,11,True,PROVEN_HELPBOT
211,141,10,True,PROVEN_HELPBOT
211,163,9,True,INFERRED_LOCAL_TABLE
211,176,8,True,INFERRED_LOCAL_TABLE
211,192,7,True,INFERRED_LOCAL_TABLE
211,211,6,True,INFERRED_LOCAL_TABLE
212,142,10,True,PROVEN_HELPBOT
212,177,8,True,INFERRED_LOCAL_TABLE
212,193,7,True,INFERRED_LOCAL_TABLE
212,212,6,True,INFERRED_LOCAL_TABLE
213,164,9,True,INFERRED_LOCAL_TABLE
213,178,8,True,INFERRED_LOCAL_TABLE
213,194,7,True,INFERRED_LOCAL_TABLE
213,213,6,True,INFERRED_LOCAL_TABLE
214,119,11,True,PROVEN_HELPBOT
214,143,10,True,PROVEN_HELPBOT
214,165,9,True,INFERRED_LOCAL_TABLE
214,179,8,True,INFERRED_LOCAL_TABLE
214,195,7,True,INFERRED_LOCAL_TABLE
214,214,6,True,INFERRED_LOCAL_TABLE
215,120,11,True,PROVEN_HELPBOT
215,166,9,True,INFERRED_LOCAL_TABLE
215,196,7,True,INFERRED_LOCAL_TABLE
215,215,6,True,INFERRED_LOCAL_TABLE
216,144,10,True,PROVEN_HELPBOT
216,180,8,True,INFERRED_LOCAL_TABLE
216,197,7,True,INFERRED_LOCAL_TABLE
216,216,6,True,INFERRED_LOCAL_TABLE
217,121,11,True,PROVEN_HELPBOT
217,145,10,True,PROVEN_HELPBOT
217,167,9,True,INFERRED_LOCAL_TABLE
217,181,8,True,INFERRED_LOCAL_TABLE
217,198,7,True,INFERRED_LOCAL_TABLE
217,217,6,True,INFERRED_LOCAL_TABLE
218,122,11,True,PROVEN_HELPBOT
218,168,9,True,INFERRED_LOCAL_TABLE
218,182,8,True,INFERRED_LOCAL_TABLE
218,199,7,True,INFERRED_LOCAL_TABLE
218,218,6,True,INFERRED_LOCAL_TABLE
219,146,10,True,PROVEN_HELPBOT
219,169,9,True,INFERRED_LOCAL_TABLE
219,183,8,True,INFERRED_LOCAL_TABLE
219,219,6,True,INFERRED_LOCAL_TABLE
220,123,11,True,PROVEN_HELPBOT
220,147,10,True,PROVEN_HELPBOT
220,170,9,True,INFERRED_LOCAL_TABLE
220,184,8,True,INFERRED_LOCAL_TABLE
220,200,7,True,INFERRED_LOCAL_TABLE
220,220,6,True,INFERRED_LOCAL_TABLE
221,201,7,True,INFERRED_LOCAL_TABLE
222,124,11,True,PROVEN_HELPBOT
222,148,10,True,PROVEN_HELPBOT
222,171,9,True,INFERRED_LOCAL_TABLE
222,185,8,True,INFERRED_LOCAL_TABLE
222,202,7,True,INFERRED_LOCAL_TABLE
223,149,10,True,PROVEN_HELPBOT
223,172,9,True,INFERRED_LOCAL_TABLE
223,186,8,True,INFERRED_LOCAL_TABLE
223,203,7,True,INFERRED_LOCAL_TABLE
224,125,11,True,PROVEN_HELPBOT
224,173,9,True,INFERRED_LOCAL_TABLE
224,187,8,True,INFERRED_LOCAL_TABLE
224,204,7,True,INFERRED_LOCAL_TABLE
225,126,11,True,PROVEN_HELPBOT
225,127,11,True,PROVEN_HELPBOT
225,150,10,True,INFERRED_LOCAL_TABLE
225,188,8,True,INFERRED_LOCAL_TABLE
225,205,7,True,INFERRED_LOCAL_TABLE
226,128,11,True,PROVEN_HELPBOT
226,151,10,True,INFERRED_LOCAL_TABLE
226,174,9,True,INFERRED_LOCAL_TABLE
226,189,8,True,INFERRED_LOCAL_TABLE
226,206,7,True,INFERRED_LOCAL_TABLE
227,129,11,True,PROVEN_HELPBOT
227,175,9,True,INFERRED_LOCAL_TABLE
227,207,7,True,INFERRED_LOCAL_TABLE
228,152,10,True,INFERRED_LOCAL_TABLE
228,176,9,True,INFERRED_LOCAL_TABLE
228,190,8,True,INFERRED_LOCAL_TABLE
228,208,7,True,INFERRED_LOCAL_TABLE
229,153,10,True,INFERRED_LOCAL_TABLE
229,191,8,True,INFERRED_LOCAL_TABLE
229,209,7,True,INFERRED_LOCAL_TABLE
230,177,9,True,INFERRED_LOCAL_TABLE
230,192,8,True,INFERRED_LOCAL_TABLE
231,154,10,True,INFERRED_LOCAL_TABLE
231,178,9,True,INFERRED_LOCAL_TABLE
231,193,8,True,INFERRED_LOCAL_TABLE
231,210,7,True,INFERRED_LOCAL_TABLE
232,130,11,True,PROVEN_HELPBOT
232,155,10,True,INFERRED_LOCAL_TABLE
232,179,9,True,INFERRED_LOCAL_TABLE
232,194,8,True,INFERRED_LOCAL_TABLE
232,211,7,True,INFERRED_LOCAL_TABLE
233,180,9,True,INFERRED_LOCAL_TABLE
233,212,7,True,INFERRED_LOCAL_TABLE
234,156,10,True,INFERRED_LOCAL_TABLE
234,195,8,True,INFERRED_LOCAL_TABLE
234,213,7,True,INFERRED_LOCAL_TABLE
235,131,11,True,PROVEN_HELPBOT
235,157,10,True,INFERRED_LOCAL_TABLE
235,181,9,True,INFERRED_LOCAL_TABLE
235,196,8,True,INFERRED_LOCAL_TABLE
235,214,7,True,INFERRED_LOCAL_TABLE
236,132,11,True,PROVEN_HELPBOT
236,182,9,True,INFERRED_LOCAL_TABLE
236,197,8,True,INFERRED_LOCAL_TABLE
236,215,7,True,INFERRED_LOCAL_TABLE
237,133,11,True,PROVEN_HELPBOT
237,158,10,True,INFERRED_LOCAL_TABLE
237,183,9,True,INFERRED_LOCAL_TABLE
237,198,8,True,INFERRED_LOCAL_TABLE
237,216,7,True,INFERRED_LOCAL_TABLE
238,134,11,True,PROVEN_HELPBOT
238,159,10,True,INFERRED_LOCAL_TABLE
238,199,8,True,INFERRED_LOCAL_TABLE
238,217,7,True,INFERRED_LOCAL_TABLE
239,135,11,True,PROVEN_HELPBOT
239,184,9,True,INFERRED_LOCAL_TABLE
239,218,7,True,INFERRED_LOCAL_TABLE
240,160,10,True,INFERRED_LOCAL_TABLE
240,185,9,True,INFERRED_LOCAL_TABLE
240,200,8,True,INFERRED_LOCAL_TABLE
240,219,7,True,INFERRED_LOCAL_TABLE
241,161,10,True,INFERRED_LOCAL_TABLE
241,186,9,True,INFERRED_LOCAL_TABLE
241,201,8,True,INFERRED_LOCAL_TABLE
242,202,8,True,INFERRED_LOCAL_TABLE
242,220,7,True,INFERRED_LOCAL_TABLE
243,136,11,True,PROVEN_HELPBOT
243,162,10,True,INFERRED_LOCAL_TABLE
243,187,9,True,INFERRED_LOCAL_TABLE
243,203,8,True,INFERRED_LOCAL_TABLE
244,163,10,True,INFERRED_LOCAL_TABLE
244,188,9,True,INFERRED_LOCAL_TABLE
244,204,8,True,INFERRED_LOCAL_TABLE
245,137,11,True,PROVEN_HELPBOT
245,189,9,True,INFERRED_LOCAL_TABLE
246,138,11,True,PROVEN_HELPBOT
246,164,10,True,INFERRED_LOCAL_TABLE
246,190,9,True,INFERRED_LOCAL_TABLE
246,205,8,True,INFERRED_LOCAL_TABLE
247,165,10,True,INFERRED_LOCAL_TABLE
247,206,8,True,INFERRED_LOCAL_TABLE
248,139,11,True,PROVEN_HELPBOT
248,191,9,True,INFERRED_LOCAL_TABLE
248,207,8,True,INFERRED_LOCAL_TABLE
249,166,10,True,INFERRED_LOCAL_TABLE
249,192,9,True,INFERRED_LOCAL_TABLE
249,208,8,True,INFERRED_LOCAL_TABLE
250,140,11,True,PROVEN_HELPBOT
250,141,11,True,PROVEN_HELPBOT
250,142,11,True,PROVEN_HELPBOT
250,143,11,True,PROVEN_HELPBOT
250,144,11,True,PROVEN_HELPBOT
250,145,11,True,PROVEN_HELPBOT
250,146,11,True,PROVEN_HELPBOT
250,147,11,True,PROVEN_HELPBOT
250,148,11,True,PROVEN_HELPBOT
250,149,11,True,PROVEN_HELPBOT
250,150,11,True,INFERRED_LOCAL_TABLE
250,151,11,True,INFERRED_LOCAL_TABLE
250,152,11,True,INFERRED_LOCAL_TABLE
250,153,11,True,INFERRED_LOCAL_TABLE
250,154,11,True,INFERRED_LOCAL_TABLE
250,155,11,True,INFERRED_LOCAL_TABLE
250,156,11,True,INFERRED_LOCAL_TABLE
250,157,11,True,INFERRED_LOCAL_TABLE
250,158,11,True,INFERRED_LOCAL_TABLE
250,159,11,True,INFERRED_LOCAL_TABLE
250,160,11,True,INFERRED_LOCAL_TABLE
250,161,11,True,INFERRED_LOCAL_TABLE
250,162,11,True,INFERRED_LOCAL_TABLE
250,163,11,True,INFERRED_LOCAL_TABLE
250,164,11,True,INFERRED_LOCAL_TABLE
250,165,11,True,INFERRED_LOCAL_TABLE
250,166,11,True,INFERRED_LOCAL_TABLE
250,167,10,True,INFERRED_LOCAL_TABLE
250,167,11,True,INFERRED_LOCAL_TABLE
250,168,10,True,INFERRED_LOCAL_TABLE
250,168,11,True,INFERRED_LOCAL_TABLE
250,169,10,True,INFERRED_LOCAL_TABLE
250,169,11,True,INFERRED_LOCAL_TABLE
250,170,10,True,INFERRED_LOCAL_TABLE
250,170,11,True,INFERRED_LOCAL_TABLE
250,171,10,True,INFERRED_LOCAL_TABLE
250,171,11,True,INFERRED_LOCAL_TABLE
250,172,10,True,INFERRED_LOCAL_TABLE
250,172,11,True,INFERRED_LOCAL_TABLE
250,173,10,True,INFERRED_LOCAL_TABLE
250,173,11,True,INFERRED_LOCAL_TABLE
250,174,10,True,INFERRED_LOCAL_TABLE
250,174,11,True,INFERRED_LOCAL_TABLE
250,175,10,True,INFERRED_LOCAL_TABLE
250,175,11,True,INFERRED_LOCAL_TABLE
250,176,10,True,INFERRED_LOCAL_TABLE
250,176,11,True,INFERRED_LOCAL_TABLE
250,177,10,True,INFERRED_LOCAL_TABLE
250,177,11,True,INFERRED_LOCAL_TABLE
250,178,10,True,INFERRED_LOCAL_TABLE
250,178,11,True,INFERRED_LOCAL_TABLE
250,179,10,True,INFERRED_LOCAL_TABLE
250,179,11,True,INFERRED_LOCAL_TABLE
250,180,10,True,INFERRED_LOCAL_TABLE
250,180,11,True,INFERRED_LOCAL_TABLE
250,181,10,True,INFERRED_LOCAL_TABLE
250,181,11,True,INFERRED_LOCAL_TABLE
250,182,10,True,INFERRED_LOCAL_TABLE
250,182,11,True,INFERRED_LOCAL_TABLE
250,183,10,True,INFERRED_LOCAL_TABLE
250,183,11,True,INFERRED_LOCAL_TABLE
250,184,10,True,INFERRED_LOCAL_TABLE
250,184,11,True,INFERRED_LOCAL_TABLE
250,185,10,True,INFERRED_LOCAL_TABLE
250,185,11,True,INFERRED_LOCAL_TABLE
250,186,10,True,INFERRED_LOCAL_TABLE
250,186,11,True,INFERRED_LOCAL_TABLE
250,187,10,True,INFERRED_LOCAL_TABLE
250,187,11,True,INFERRED_LOCAL_TABLE
250,188,10,True,INFERRED_LOCAL_TABLE
250,188,11,True,INFERRED_LOCAL_TABLE
250,189,10,True,INFERRED_LOCAL_TABLE
250,189,11,True,INFERRED_LOCAL_TABLE
250,190,10,True,INFERRED_LOCAL_TABLE
250,190,11,True,INFERRED_LOCAL_TABLE
250,191,10,True,INFERRED_LOCAL_TABLE
250,191,11,True,INFERRED_LOCAL_TABLE
250,192,10,True,INFERRED_LOCAL_TABLE
250,192,11,True,INFERRED_LOCAL_TABLE
250,193,9,True,INFERRED_LOCAL_TABLE
250,193,10,True,INFERRED_LOCAL_TABLE
250,193,11,True,INFERRED_LOCAL_TABLE
250,194,9,True,INFERRED_LOCAL_TABLE
250,194,10,True,INFERRED_LOCAL_TABLE
250,194,11,True,INFERRED_LOCAL_TABLE
250,195,9,True,INFERRED_LOCAL_TABLE
250,195,10,True,INFERRED_LOCAL_TABLE
250,195,11,True,INFERRED_LOCAL_TABLE
250,196,9,True,INFERRED_LOCAL_TABLE
250,196,10,True,INFERRED_LOCAL_TABLE
250,196,11,True,INFERRED_LOCAL_TABLE
250,197,9,True,INFERRED_LOCAL_TABLE
250,197,10,True,INFERRED_LOCAL_TABLE
250,197,11,True,INFERRED_LOCAL_TABLE
250,198,9,True,INFERRED_LOCAL_TABLE
250,198,10,True,INFERRED_LOCAL_TABLE
250,198,11,True,INFERRED_LOCAL_TABLE
250,199,9,True,INFERRED_LOCAL_TABLE
250,199,10,True,INFERRED_LOCAL_TABLE
250,199,11,True,INFERRED_LOCAL_TABLE
250,200,9,True,INFERRED_LOCAL_TABLE
250,200,10,True,INFERRED_LOCAL_TABLE
250,200,11,True,INFERRED_LOCAL_TABLE
250,201,9,True,INFERRED_LOCAL_TABLE
250,201,10,True,INFERRED_LOCAL_TABLE
250,201,11,True,INFERRED_LOCAL_TABLE
250,202,9,True,INFERRED_LOCAL_TABLE
250,202,10,True,INFERRED_LOCAL_TABLE
250,202,11,True,INFERRED_LOCAL_TABLE
250,203,9,True,INFERRED_LOCAL_TABLE
250,203,10,True,INFERRED_LOCAL_TABLE
250,203,11,True,INFERRED_LOCAL_TABLE
250,204,9,True,INFERRED_LOCAL_TABLE
250,204,10,True,INFERRED_LOCAL_TABLE
250,204,11,True,INFERRED_LOCAL_TABLE
250,205,9,True,INFERRED_LOCAL_TABLE
250,205,10,True,INFERRED_LOCAL_TABLE
250,205,11,True,INFERRED_LOCAL_TABLE
250,206,9,True,INFERRED_LOCAL_TABLE
250,206,10,True,INFERRED_LOCAL_TABLE
250,206,11,True,INFERRED_LOCAL_TABLE
250,207,9,True,INFERRED_LOCAL_TABLE
250,207,10,True,INFERRED_LOCAL_TABLE
250,207,11,True,INFERRED_LOCAL_TABLE
250,208,9,True,INFERRED_LOCAL_TABLE
250,208,10,True,INFERRED_LOCAL_TABLE
250,208,11,True,INFERRED_LOCAL_TABLE
250,209,8,True,INFERRED_LOCAL_TABLE
250,209,9,True,INFERRED_LOCAL_TABLE
250,209,10,True,INFERRED_LOCAL_TABLE
250,209,11,True,INFERRED_LOCAL_TABLE
250,210,8,True,INFERRED_LOCAL_TABLE
250,210,9,True,INFERRED_LOCAL_TABLE
250,210,10,True,INFERRED_LOCAL_TABLE
250,210,11,True,INFERRED_LOCAL_TABLE
250,211,8,True,INFERRED_LOCAL_TABLE
250,211,9,True,INFERRED_LOCAL_TABLE
250,211,10,True,INFERRED_LOCAL_TABLE
250,211,11,True,INFERRED_LOCAL_TABLE
250,212,8,True,INFERRED_LOCAL_TABLE
250,212,9,True,INFERRED_LOCAL_TABLE
250,212,10,True,INFERRED_LOCAL_TABLE
250,212,11,True,INFERRED_LOCAL_TABLE
250,213,8,True,INFERRED_LOCAL_TABLE
250,213,9,True,INFERRED_LOCAL_TABLE
250,213,10,True,INFERRED_LOCAL_TABLE
250,213,11,True,INFERRED_LOCAL_TABLE
250,214,8,True,INFERRED_LOCAL_TABLE
250,214,9,True,INFERRED_LOCAL_TABLE
250,214,10,True,INFERRED_LOCAL_TABLE
250,214,11,True,INFERRED_LOCAL_TABLE
250,215,8,True,INFERRED_LOCAL_TABLE
250,215,9,True,INFERRED_LOCAL_TABLE
250,215,10,True,INFERRED_LOCAL_TABLE
250,215,11,True,INFERRED_LOCAL_TABLE
250,216,8,True,INFERRED_LOCAL_TABLE
250,216,9,True,INFERRED_LOCAL_TABLE
250,216,10,True,INFERRED_LOCAL_TABLE
250,216,11,True,INFERRED_LOCAL_TABLE
250,217,8,True,INFERRED_LOCAL_TABLE
250,217,9,True,INFERRED_LOCAL_TABLE
250,217,10,True,INFERRED_LOCAL_TABLE
250,217,11,True,INFERRED_LOCAL_TABLE
250,218,8,True,INFERRED_LOCAL_TABLE
250,218,9,True,INFERRED_LOCAL_TABLE
250,218,10,True,INFERRED_LOCAL_TABLE
250,218,11,True,INFERRED_LOCAL_TABLE
250,219,8,True,INFERRED_LOCAL_TABLE
250,219,9,True,INFERRED_LOCAL_TABLE
250,219,10,True,INFERRED_LOCAL_TABLE
250,219,11,True,INFERRED_LOCAL_TABLE
250,220,8,True,INFERRED_LOCAL_TABLE
250,220,9,True,INFERRED_LOCAL_TABLE
250,220,10,True,INFERRED_LOCAL_TABLE
250,220,11,True,INFERRED_LOCAL_TABLE
